// Generated by tools/gen_tables.py - do not edit.
// Effect icons (own drawings, tools/fx_icon_drawings.py) as LVGL A8 masks.
// They are drawn in the colour set with the image_recolor style.
#include "fx_icons.h"

static const uint8_t icon_overdrive_map[] = {
    0x00, 0x00, 0x00, 0x00, 0x00, 0x00, 0x00, 0x00, 0x00, 0x00, 0x00, 0x00, 0x00, 0x00, 0x00, 0x00, 0x00, 0x00, 0x00, 0x00, 0x00, 0x00, 0x00, 0x00,
    0x00, 0x00, 0x00, 0x00, 0x00, 0x00, 0x00, 0x00, 0x00, 0x00, 0x00, 0x00, 0x00, 0x00, 0x00, 0x00, 0x00, 0x00, 0x00, 0x00, 0x00, 0x00, 0x00, 0x00,
    0x00, 0x00, 0x00, 0x00, 0x00, 0x00, 0x00, 0x00, 0x00, 0x00, 0x00, 0x00, 0x00, 0x00, 0x00, 0x00, 0x00, 0x00, 0x00, 0x00, 0x00, 0x00, 0x00, 0x00,
    0x00, 0x00, 0x00, 0x00, 0x00, 0x00, 0x00, 0x00, 0x00, 0x00, 0x00, 0x00, 0x00, 0x00, 0x00, 0x00, 0x00, 0x00, 0x00, 0x00, 0x00, 0x00, 0x00, 0x00,
    0x00, 0x00, 0x00, 0x00, 0x00, 0x00, 0x00, 0x00, 0x00, 0x00, 0x00, 0x00, 0x00, 0x00, 0x00, 0x00, 0x00, 0x00, 0x00, 0x00, 0x00, 0x00, 0x00, 0x00,
    0x00, 0x00, 0x00, 0x00, 0x00, 0x00, 0x00, 0x00, 0x00, 0x00, 0x00, 0x00, 0x00, 0x00, 0x00, 0x00, 0x00, 0x00, 0x00, 0x00, 0x00, 0x00, 0x00, 0x00,
    0x00, 0x00, 0x00, 0x00, 0x00, 0x00, 0x00, 0x00, 0x00, 0x00, 0x00, 0x00, 0x00, 0x00, 0x00, 0x00, 0x00, 0x00, 0x00, 0x00, 0x00, 0x00, 0x00, 0x00,
    0x00, 0x00, 0x00, 0x00, 0x00, 0x00, 0x00, 0x00, 0x00, 0x00, 0x00, 0x00, 0x00, 0x00, 0x00, 0x00, 0x00, 0x00, 0x00, 0x00, 0x00, 0x01, 0x03, 0x03,
    0x03, 0x03, 0x03, 0x03, 0x03, 0x03, 0x02, 0x00, 0x00, 0x00, 0x00, 0x00, 0x00, 0x00, 0x00, 0x00, 0x00, 0x00, 0x00, 0x00, 0x00, 0x00, 0x00, 0x00,
    0x00, 0x00, 0x00, 0x00, 0x00, 0x00, 0x00, 0x00, 0x00, 0x00, 0x00, 0x00, 0x00, 0x00, 0x00, 0x00, 0x00, 0x00, 0x00, 0x01, 0x00, 0x00, 0x00, 0x00,
    0x00, 0x00, 0x00, 0x00, 0x00, 0x00, 0x00, 0x00, 0x00, 0x00, 0x00, 0x00, 0x00, 0x00, 0x00, 0x00, 0x00, 0x00, 0x00, 0x01, 0x01, 0x01, 0x3E, 0x41,
    0x41, 0x42, 0x42, 0x42, 0x41, 0x42, 0x22, 0x00, 0x01, 0x00, 0x00, 0x00, 0x00, 0x00, 0x00, 0x00, 0x00, 0x00, 0x00, 0x00, 0x00, 0x00, 0x00, 0x00,
    0x00, 0x00, 0x00, 0x00, 0x00, 0x00, 0x00, 0x02, 0x00, 0x99, 0xFF, 0xFF, 0xFF, 0xFF, 0xFF, 0xFF, 0xFF, 0xFF, 0xF1, 0x2D, 0x01, 0x02, 0x00, 0x00,
    0x00, 0x00, 0x00, 0x00, 0x00, 0x00, 0x00, 0x00, 0x00, 0x00, 0x00, 0x00, 0x00, 0x00, 0x00, 0x00, 0x00, 0x00, 0x02, 0x00, 0x1A, 0xFC, 0xFC, 0xFF,
    0xFF, 0xFF, 0xFF, 0xFF, 0xFF, 0xFB, 0xFF, 0x92, 0x00, 0x04, 0x00, 0x00, 0x00, 0x00, 0x00, 0x00, 0x00, 0x00, 0x00, 0x00, 0x00, 0x00, 0x00, 0x00,
    0x00, 0x00, 0x00, 0x00, 0x00, 0x00, 0x04, 0x01, 0x65, 0xFF, 0xFF, 0x87, 0x42, 0x44, 0x42, 0x42, 0x44, 0xDE, 0xFE, 0xDB, 0x05, 0x00, 0x01, 0x00,
    0x00, 0x00, 0x00, 0x00, 0x00, 0x00, 0x00, 0x00, 0x00, 0x00, 0x00, 0x00, 0x00, 0x00, 0x00, 0x00, 0x00, 0x00, 0x02, 0x00, 0xB8, 0xFF, 0xF4, 0x13,
    0x00, 0x00, 0x00, 0x00, 0x00, 0x8F, 0xFF, 0xFF, 0x3D, 0x00, 0x03, 0x00, 0x00, 0x00, 0x00, 0x00, 0x00, 0x00, 0x00, 0x00, 0x00, 0x00, 0x00, 0x00,
    0x00, 0x00, 0x00, 0x00, 0x00, 0x02, 0x00, 0x1A, 0xF3, 0xFF, 0xB8, 0x00, 0x05, 0x03, 0x03, 0x06, 0x03, 0x3D, 0xFF, 0xFF, 0x8F, 0x00, 0x04, 0x00,
    0x00, 0x00, 0x00, 0x00, 0x00, 0x00, 0x00, 0x00, 0x00, 0x00, 0x00, 0x00, 0x00, 0x00, 0x00, 0x00, 0x00, 0x04, 0x01, 0x65, 0xFF, 0xFF, 0x65, 0x01,
    0x04, 0x00, 0x00, 0x01, 0x00, 0x05, 0xDB, 0xFF, 0xDB, 0x05, 0x00, 0x01, 0x00, 0x00, 0x00, 0x00, 0x00, 0x00, 0x00, 0x00, 0x00, 0x00, 0x00, 0x00,
    0x00, 0x00, 0x02, 0x03, 0x03, 0x05, 0x00, 0xB8, 0xFF, 0xF3, 0x1A, 0x00, 0x02, 0x00, 0x00, 0x00, 0x04, 0x00, 0x8F, 0xFF, 0xFF, 0x3D, 0x00, 0x03,
    0x00, 0x00, 0x00, 0x00, 0x00, 0x00, 0x00, 0x00, 0x00, 0x01, 0x03, 0x01, 0x00, 0x01, 0x00, 0x00, 0x00, 0x00, 0x13, 0xF4, 0xFF, 0xB8, 0x00, 0x02,
    0x00, 0x00, 0x00, 0x00, 0x03, 0x00, 0x3D, 0xFF, 0xFF, 0x8F, 0x00, 0x04, 0x00, 0x00, 0x00, 0x00, 0x00, 0x00, 0x00, 0x00, 0x00, 0x00, 0x00, 0x00,
    0x01, 0x00, 0x22, 0x42, 0x43, 0x42, 0x87, 0xFF, 0xFF, 0x65, 0x01, 0x04, 0x00, 0x00, 0x00, 0x00, 0x01, 0x00, 0x05, 0xDB, 0xFF, 0xDB, 0x05, 0x00,
    0x01, 0x00, 0x00, 0x00, 0x00, 0x00, 0x00, 0x01, 0x01, 0x02, 0x39, 0x03, 0x00, 0x28, 0xF4, 0xFF, 0xFF, 0xFF, 0xFF, 0xFC, 0xFC, 0x1A, 0x00, 0x02,
    0x00, 0x00, 0x00, 0x00, 0x00, 0x04, 0x00, 0x8F, 0xFF, 0xFF, 0x3D, 0x00, 0x03, 0x00, 0x00, 0x00, 0x00, 0x00, 0x00, 0x02, 0x00, 0x97, 0xFF, 0x9A,
    0x00, 0x28, 0xF4, 0xFF, 0xFF, 0xFF, 0xFF, 0xFF, 0x99, 0x00, 0x02, 0x00, 0x00, 0x00, 0x00, 0x00, 0x00, 0x03, 0x00, 0x3D, 0xFF, 0xFF, 0x8F, 0x00,
    0x04, 0x00, 0x00, 0x00, 0x00, 0x00, 0x02, 0x00, 0x1A, 0xFA, 0xFD, 0xC7, 0x01, 0x00, 0x22, 0x42, 0x41, 0x41, 0x41, 0x3E, 0x01, 0x01, 0x01, 0x00,
    0x00, 0x00, 0x00, 0x00, 0x00, 0x01, 0x00, 0x05, 0xDB, 0xFF, 0xDB, 0x05, 0x00, 0x01, 0x00, 0x00, 0x00, 0x00, 0x04, 0x01, 0x65, 0xFF, 0xFF, 0x6C,
    0x00, 0x01, 0x00, 0x00, 0x00, 0x00, 0x00, 0x00, 0x00, 0x00, 0x00, 0x00, 0x00, 0x00, 0x00, 0x00, 0x00, 0x00, 0x04, 0x00, 0x8F, 0xFF, 0xFF, 0x3D,
    0x00, 0x03, 0x00, 0x00, 0x00, 0x00, 0x02, 0x00, 0xB8, 0xFF, 0xF0, 0x1C, 0x00, 0x00, 0x02, 0x03, 0x03, 0x03, 0x03, 0x03, 0x01, 0x00, 0x00, 0x00,
    0x00, 0x00, 0x00, 0x00, 0x00, 0x00, 0x03, 0x00, 0x3D, 0xFF, 0xFF, 0x8F, 0x00, 0x04, 0x00, 0x00, 0x00, 0x02, 0x00, 0x1A, 0xF3, 0xFF, 0xB4, 0x00,
    0x00, 0x00, 0x00, 0x00, 0x00, 0x00, 0x00, 0x00, 0x00, 0x00, 0x00, 0x00, 0x00, 0x00, 0x00, 0x00, 0x00, 0x00, 0x01, 0x00, 0x05, 0xDB, 0xFF, 0xDB,
    0x05, 0x00, 0x01, 0x00, 0x00, 0x04, 0x01, 0x65, 0xFF, 0xFF, 0x63, 0x01, 0x00, 0x00, 0x00, 0x00, 0x00, 0x00, 0x00, 0x00, 0x00, 0x00, 0x00, 0x00,
    0x00, 0x00, 0x00, 0x00, 0x00, 0x00, 0x00, 0x04, 0x00, 0x8F, 0xFF, 0xFF, 0x3D, 0x03, 0x06, 0x03, 0x03, 0x05, 0x00, 0xB8, 0xFF, 0xF4, 0x1A, 0x00,
    0x00, 0x00, 0x00, 0x00, 0x00, 0x00, 0x00, 0x00, 0x00, 0x00, 0x00, 0x00, 0x00, 0x00, 0x00, 0x00, 0x00, 0x00, 0x00, 0x03, 0x00, 0x3D, 0xFF, 0xFF,
    0x8F, 0x00, 0x00, 0x00, 0x00, 0x00, 0x13, 0xF4, 0xFF, 0xB9, 0x00, 0x02, 0x00, 0x00, 0x00, 0x00, 0x00, 0x00, 0x00, 0x00, 0x00, 0x00, 0x00, 0x00,
    0x00, 0x00, 0x00, 0x00, 0x00, 0x00, 0x00, 0x01, 0x00, 0x05, 0xDB, 0xFE, 0xDE, 0x44, 0x42, 0x42, 0x44, 0x42, 0x87, 0xFF, 0xFF, 0x65, 0x01, 0x04,
    0x00, 0x00, 0x00, 0x00, 0x00, 0x00, 0x00, 0x00, 0x00, 0x00, 0x00, 0x00, 0x00, 0x00, 0x00, 0x00, 0x00, 0x00, 0x00, 0x00, 0x04, 0x00, 0x92, 0xFF,
    0xFB, 0xFF, 0xFF, 0xFF, 0xFF, 0xFF, 0xFF, 0xFC, 0xFC, 0x1A, 0x00, 0x02, 0x00, 0x00, 0x00, 0x00, 0x00, 0x00, 0x00, 0x00, 0x00, 0x00, 0x00, 0x00,
    0x00, 0x00, 0x00, 0x00, 0x00, 0x00, 0x00, 0x00, 0x02, 0x01, 0x2D, 0xF1, 0xFF, 0xFF, 0xFF, 0xFF, 0xFF, 0xFF, 0xFF, 0xFF, 0x99, 0x00, 0x02, 0x00,
    0x00, 0x00, 0x00, 0x00, 0x00, 0x00, 0x00, 0x00, 0x00, 0x00, 0x00, 0x00, 0x00, 0x00, 0x00, 0x00, 0x00, 0x00, 0x00, 0x00, 0x00, 0x01, 0x00, 0x22,
    0x42, 0x41, 0x42, 0x42, 0x42, 0x41, 0x41, 0x3E, 0x01, 0x01, 0x01, 0x00, 0x00, 0x00, 0x00, 0x00, 0x00, 0x00, 0x00, 0x00, 0x00, 0x00, 0x00, 0x00,
    0x00, 0x00, 0x00, 0x00, 0x00, 0x00, 0x00, 0x00, 0x00, 0x00, 0x01, 0x00, 0x00, 0x00, 0x00, 0x00, 0x00, 0x00, 0x00, 0x00, 0x00, 0x00, 0x00, 0x00,
    0x00, 0x00, 0x00, 0x00, 0x00, 0x00, 0x00, 0x00, 0x00, 0x00, 0x00, 0x00, 0x00, 0x00, 0x00, 0x00, 0x00, 0x00, 0x00, 0x00, 0x00, 0x00, 0x00, 0x02,
    0x03, 0x03, 0x03, 0x03, 0x03, 0x03, 0x03, 0x03, 0x01, 0x00, 0x00, 0x00, 0x00, 0x00, 0x00, 0x00, 0x00, 0x00, 0x00, 0x00, 0x00, 0x00, 0x00, 0x00,
    0x00, 0x00, 0x00, 0x00, 0x00, 0x00, 0x00, 0x00, 0x00, 0x00, 0x00, 0x00, 0x00, 0x00, 0x00, 0x00, 0x00, 0x00, 0x00, 0x00, 0x00, 0x00, 0x00, 0x00,
    0x00, 0x00, 0x00, 0x00, 0x00, 0x00, 0x00, 0x00, 0x00, 0x00, 0x00, 0x00, 0x00, 0x00, 0x00, 0x00, 0x00, 0x00, 0x00, 0x00, 0x00, 0x00, 0x00, 0x00,
    0x00, 0x00, 0x00, 0x00, 0x00, 0x00, 0x00, 0x00, 0x00, 0x00, 0x00, 0x00, 0x00, 0x00, 0x00, 0x00, 0x00, 0x00, 0x00, 0x00, 0x00, 0x00, 0x00, 0x00,
    0x00, 0x00, 0x00, 0x00, 0x00, 0x00, 0x00, 0x00, 0x00, 0x00, 0x00, 0x00, 0x00, 0x00, 0x00, 0x00, 0x00, 0x00, 0x00, 0x00, 0x00, 0x00, 0x00, 0x00,
    0x00, 0x00, 0x00, 0x00, 0x00, 0x00, 0x00, 0x00, 0x00, 0x00, 0x00, 0x00, 0x00, 0x00, 0x00, 0x00, 0x00, 0x00, 0x00, 0x00, 0x00, 0x00, 0x00, 0x00,
    0x00, 0x00, 0x00, 0x00, 0x00, 0x00, 0x00, 0x00, 0x00, 0x00, 0x00, 0x00, 0x00, 0x00, 0x00, 0x00, 0x00, 0x00, 0x00, 0x00, 0x00, 0x00, 0x00, 0x00,
    0x00, 0x00, 0x00, 0x00, 0x00, 0x00, 0x00, 0x00, 0x00, 0x00, 0x00, 0x00, 0x00, 0x00, 0x00, 0x00, 0x00, 0x00, 0x00, 0x00, 0x00, 0x00, 0x00, 0x00,
};
static const lv_image_dsc_t icon_overdrive = {
    .header = { .magic = LV_IMAGE_HEADER_MAGIC, .cf = LV_COLOR_FORMAT_A8, .w = 36, .h = 36, .stride = 36 },
    .data_size = sizeof(icon_overdrive_map),
    .data = icon_overdrive_map,
};

static const uint8_t icon_bass_overdrive_map[] = {
    0x00, 0x00, 0x00, 0x00, 0x00, 0x00, 0x00, 0x00, 0x00, 0x00, 0x00, 0x00, 0x00, 0x00, 0x00, 0x00, 0x00, 0x00, 0x00, 0x00, 0x00, 0x00, 0x00, 0x00,
    0x00, 0x00, 0x00, 0x00, 0x00, 0x00, 0x00, 0x00, 0x00, 0x00, 0x00, 0x00, 0x00, 0x00, 0x00, 0x00, 0x00, 0x00, 0x00, 0x00, 0x00, 0x00, 0x00, 0x00,
    0x00, 0x00, 0x00, 0x00, 0x00, 0x00, 0x00, 0x00, 0x00, 0x00, 0x00, 0x00, 0x00, 0x00, 0x00, 0x00, 0x00, 0x00, 0x00, 0x00, 0x00, 0x00, 0x00, 0x00,
    0x00, 0x00, 0x00, 0x00, 0x00, 0x00, 0x00, 0x00, 0x00, 0x00, 0x00, 0x00, 0x00, 0x00, 0x00, 0x00, 0x00, 0x00, 0x00, 0x00, 0x00, 0x00, 0x00, 0x00,
    0x00, 0x00, 0x00, 0x00, 0x00, 0x00, 0x00, 0x00, 0x00, 0x00, 0x00, 0x00, 0x00, 0x00, 0x00, 0x00, 0x00, 0x00, 0x00, 0x00, 0x00, 0x00, 0x00, 0x00,
    0x00, 0x00, 0x00, 0x00, 0x00, 0x00, 0x00, 0x00, 0x00, 0x00, 0x00, 0x00, 0x00, 0x00, 0x00, 0x00, 0x00, 0x00, 0x00, 0x00, 0x00, 0x00, 0x00, 0x00,
    0x00, 0x00, 0x00, 0x00, 0x00, 0x00, 0x00, 0x00, 0x00, 0x01, 0x04, 0x02, 0x02, 0x02, 0x02, 0x02, 0x02, 0x02, 0x03, 0x03, 0x00, 0x00, 0x00, 0x00,
    0x00, 0x00, 0x00, 0x00, 0x00, 0x00, 0x00, 0x00, 0x00, 0x00, 0x00, 0x00, 0x00, 0x00, 0x00, 0x00, 0x00, 0x00, 0x00, 0x00, 0x02, 0x00, 0x00, 0x00,
    0x00, 0x00, 0x00, 0x00, 0x00, 0x00, 0x00, 0x00, 0x02, 0x00, 0x00, 0x00, 0x00, 0x00, 0x00, 0x00, 0x00, 0x00, 0x00, 0x00, 0x00, 0x00, 0x00, 0x00,
    0x00, 0x00, 0x00, 0x00, 0x00, 0x00, 0x00, 0x02, 0x00, 0x08, 0x6B, 0xB6, 0xB9, 0xBA, 0xBA, 0xBA, 0xB9, 0xB9, 0xA5, 0x4E, 0x00, 0x02, 0x00, 0x00,
    0x00, 0x00, 0x00, 0x00, 0x00, 0x00, 0x00, 0x00, 0x00, 0x00, 0x00, 0x00, 0x00, 0x00, 0x00, 0x00, 0x00, 0x00, 0x02, 0x00, 0x29, 0xCF, 0xFF, 0xFF,
    0xFF, 0xFF, 0xFF, 0xFF, 0xFF, 0xFF, 0xFF, 0xFF, 0x70, 0x00, 0x02, 0x00, 0x00, 0x00, 0x00, 0x00, 0x00, 0x00, 0x00, 0x00, 0x00, 0x00, 0x00, 0x00,
    0x00, 0x00, 0x00, 0x00, 0x00, 0x02, 0x02, 0x13, 0xE0, 0xFF, 0xFF, 0xDC, 0xBA, 0xBB, 0xBA, 0xBA, 0xBB, 0xBA, 0xF1, 0xFD, 0xFF, 0x32, 0x01, 0x03,
    0x00, 0x00, 0x00, 0x00, 0x00, 0x00, 0x00, 0x00, 0x00, 0x00, 0x00, 0x00, 0x00, 0x00, 0x00, 0x00, 0x00, 0x03, 0x00, 0xB3, 0xFF, 0xFF, 0x83, 0x08,
    0x00, 0x00, 0x00, 0x00, 0x00, 0x00, 0x46, 0xFD, 0xFE, 0xAC, 0x00, 0x03, 0x00, 0x00, 0x00, 0x00, 0x00, 0x00, 0x00, 0x00, 0x00, 0x00, 0x00, 0x00,
    0x00, 0x00, 0x00, 0x00, 0x03, 0x00, 0x4C, 0xFF, 0xFF, 0xAD, 0x00, 0x00, 0x03, 0x02, 0x02, 0x02, 0x02, 0x05, 0x00, 0x99, 0xFF, 0xF9, 0x2F, 0x00,
    0x02, 0x00, 0x00, 0x00, 0x00, 0x00, 0x00, 0x00, 0x00, 0x00, 0x00, 0x00, 0x00, 0x00, 0x00, 0x01, 0x02, 0x06, 0xD0, 0xFD, 0xF2, 0x19, 0x02, 0x03,
    0x00, 0x00, 0x00, 0x00, 0x00, 0x03, 0x01, 0x2A, 0xFC, 0xFF, 0x91, 0x00, 0x04, 0x00, 0x00, 0x00, 0x00, 0x00, 0x00, 0x00, 0x00, 0x00, 0x00, 0x00,
    0x00, 0x00, 0x00, 0x04, 0x00, 0x5B, 0xFF, 0xFF, 0x81, 0x00, 0x04, 0x00, 0x00, 0x00, 0x00, 0x00, 0x00, 0x00, 0x02, 0x02, 0xC8, 0xFE, 0xDB, 0x06,
    0x01, 0x01, 0x00, 0x00, 0x00, 0x00, 0x00, 0x00, 0x00, 0x00, 0x00, 0x00, 0x00, 0x00, 0x01, 0x02, 0x04, 0xD1, 0xFD, 0xE9, 0x12, 0x02, 0x01, 0x00,
    0x00, 0x00, 0x00, 0x00, 0x00, 0x00, 0x04, 0x00, 0x6F, 0xFF, 0xFF, 0x42, 0x00, 0x03, 0x00, 0x00, 0x00, 0x00, 0x00, 0x00, 0x00, 0x00, 0x00, 0x00,
    0x00, 0x00, 0x06, 0x00, 0x5D, 0xFF, 0xFF, 0x72, 0x00, 0x04, 0x00, 0x00, 0x00, 0x00, 0x00, 0x00, 0x00, 0x00, 0x02, 0x00, 0x25, 0xF7, 0xFF, 0x93,
    0x00, 0x04, 0x00, 0x00, 0x00, 0x00, 0x00, 0x00, 0x00, 0x00, 0x00, 0x00, 0x00, 0x02, 0x00, 0x04, 0xDA, 0xFC, 0xE6, 0x10, 0x02, 0x01, 0x00, 0x00,
    0x00, 0x00, 0x00, 0x00, 0x00, 0x00, 0x00, 0x01, 0x00, 0xC6, 0xFF, 0xD6, 0x03, 0x00, 0x01, 0x00, 0x00, 0x00, 0x00, 0x00, 0x00, 0x00, 0x00, 0x00,
    0x01, 0x00, 0x23, 0xAD, 0xFF, 0xFF, 0x67, 0x00, 0x03, 0x00, 0x00, 0x00, 0x00, 0x00, 0x00, 0x00, 0x00, 0x00, 0x00, 0x04, 0x01, 0x87, 0xFF, 0xFC,
    0x31, 0x00, 0x02, 0x00, 0x00, 0x00, 0x00, 0x00, 0x00, 0x00, 0x00, 0x00, 0x00, 0x28, 0xF5, 0xFF, 0xFF, 0xBB, 0x02, 0x03, 0x01, 0x00, 0x00, 0x00,
    0x00, 0x00, 0x00, 0x00, 0x00, 0x00, 0x00, 0x03, 0x00, 0x3F, 0xFE, 0xFF, 0x72, 0x00, 0x04, 0x00, 0x00, 0x00, 0x00, 0x00, 0x00, 0x00, 0x00, 0x00,
    0x00, 0x28, 0xF4, 0xFF, 0xBE, 0x10, 0x01, 0x02, 0x00, 0x00, 0x00, 0x00, 0x00, 0x00, 0x00, 0x00, 0x00, 0x00, 0x00, 0x01, 0x00, 0x09, 0xE3, 0xFF,
    0xB8, 0x00, 0x02, 0x00, 0x00, 0x00, 0x00, 0x00, 0x00, 0x00, 0x00, 0x00, 0x01, 0x00, 0x23, 0x3D, 0x00, 0x00, 0x01, 0x00, 0x00, 0x00, 0x00, 0x00,
    0x00, 0x00, 0x00, 0x00, 0x00, 0x00, 0x00, 0x00, 0x03, 0x00, 0xAB, 0xFF, 0xF0, 0x15, 0x00, 0x01, 0x00, 0x00, 0x00, 0x00, 0x00, 0x00, 0x00, 0x00,
    0x00, 0x01, 0x00, 0x00, 0x00, 0x01, 0x00, 0x00, 0x00, 0x00, 0x00, 0x00, 0x00, 0x00, 0x00, 0x00, 0x00, 0x00, 0x00, 0x00, 0x04, 0x01, 0x60, 0xFF,
    0xFF, 0x4D, 0x01, 0x04, 0x00, 0x00, 0x00, 0x00, 0x00, 0x00, 0x00, 0x00, 0x00, 0x00, 0x02, 0x03, 0x00, 0x00, 0x00, 0x00, 0x00, 0x00, 0x00, 0x00,
    0x00, 0x00, 0x00, 0x00, 0x00, 0x00, 0x00, 0x00, 0x02, 0x00, 0x1D, 0xF5, 0xFF, 0x9C, 0x00, 0x03, 0x00, 0x00, 0x00, 0x00, 0x00, 0x00, 0x00, 0x00,
    0x00, 0x00, 0x00, 0x00, 0x00, 0x00, 0x00, 0x00, 0x00, 0x00, 0x00, 0x00, 0x00, 0x00, 0x00, 0x00, 0x00, 0x00, 0x00, 0x00, 0x00, 0x02, 0x00, 0xBC,
    0xFF, 0xE2, 0x08, 0x00, 0x01, 0x00, 0x00, 0x00, 0x00, 0x00, 0x00, 0x00, 0x00, 0x00, 0x00, 0x00, 0x00, 0x00, 0x00, 0x00, 0x00, 0x00, 0x00, 0x00,
    0x00, 0x00, 0x00, 0x00, 0x00, 0x00, 0x00, 0x00, 0x00, 0x04, 0x00, 0x66, 0xFF, 0xFF, 0x50, 0x01, 0x03, 0x00, 0x00, 0x00, 0x00, 0x00, 0x00, 0x00,
    0x00, 0x00, 0x00, 0x00, 0x00, 0x00, 0x00, 0x00, 0x00, 0x00, 0x00, 0x00, 0x00, 0x00, 0x00, 0x00, 0x00, 0x00, 0x00, 0x00, 0x00, 0x02, 0x00, 0x1B,
    0xF6, 0xFE, 0xA8, 0x00, 0x04, 0x00, 0x00, 0x00, 0x00, 0x00, 0x00, 0x00, 0x00, 0x00, 0x00, 0x00, 0x00, 0x00, 0x00, 0x00, 0x00, 0x00, 0x00, 0x00,
    0x00, 0x00, 0x00, 0x00, 0x00, 0x00, 0x00, 0x00, 0x00, 0x00, 0x03, 0x00, 0xA7, 0xFF, 0xF1, 0x21, 0x00, 0x05, 0x02, 0x02, 0x02, 0x03, 0x00, 0x00,
    0x00, 0x00, 0x00, 0x00, 0x00, 0x00, 0x00, 0x00, 0x00, 0x00, 0x00, 0x00, 0x00, 0x00, 0x00, 0x00, 0x00, 0x00, 0x00, 0x00, 0x00, 0x00, 0x03, 0x00,
    0x2E, 0xFE, 0xFF, 0xBA, 0x03, 0x00, 0x00, 0x00, 0x00, 0x00, 0x00, 0x00, 0x00, 0x00, 0x00, 0x00, 0x00, 0x00, 0x00, 0x00, 0x00, 0x00, 0x00, 0x00,
    0x00, 0x00, 0x00, 0x00, 0x00, 0x00, 0x00, 0x00, 0x00, 0x00, 0x00, 0x03, 0x00, 0xAC, 0xFF, 0xFE, 0xCD, 0xBA, 0xBB, 0xB8, 0xBA, 0x8D, 0x09, 0x01,
    0x00, 0x00, 0x00, 0x00, 0x00, 0x00, 0x02, 0x02, 0x02, 0x02, 0x02, 0x02, 0x02, 0x02, 0x02, 0x02, 0x02, 0x02, 0x02, 0x02, 0x02, 0x02, 0x02, 0x04,
    0x04, 0x19, 0xD6, 0xFF, 0xFF, 0xFF, 0xFF, 0xFF, 0xFF, 0xFF, 0x3A, 0x00, 0x00, 0x00, 0x00, 0x00, 0x00, 0x00, 0x00, 0x00, 0x00, 0x00, 0x00, 0x00,
    0x00, 0x00, 0x00, 0x00, 0x00, 0x00, 0x00, 0x00, 0x00, 0x00, 0x00, 0x00, 0x00, 0x00, 0x09, 0x77, 0xA9, 0xAF, 0xBA, 0xB8, 0xBA, 0x8D, 0x09, 0x01,
    0x00, 0x00, 0x00, 0x00, 0x02, 0x00, 0x3D, 0xB5, 0xB9, 0xBA, 0xBA, 0xBA, 0xBA, 0xBA, 0xBA, 0xBA, 0xBA, 0xBA, 0xBA, 0xBA, 0xBA, 0xBA, 0xBA, 0xBA,
    0xBA, 0xBB, 0xB6, 0xA7, 0xAA, 0x33, 0x00, 0x00, 0x00, 0x00, 0x00, 0x00, 0x00, 0x00, 0x00, 0x00, 0x03, 0x00, 0xC4, 0xFF, 0xFF, 0xFF, 0xFF, 0xFF,
    0xFF, 0xFF, 0xFF, 0xFF, 0xFF, 0xFF, 0xFF, 0xFF, 0xFF, 0xFF, 0xFF, 0xFF, 0xFF, 0xFF, 0xFF, 0xFF, 0xFF, 0xC6, 0x02, 0x05, 0x02, 0x03, 0x00, 0x00,
    0x00, 0x00, 0x00, 0x00, 0x02, 0x00, 0x3D, 0xB5, 0xB9, 0xBA, 0xBA, 0xBA, 0xBA, 0xBA, 0xBA, 0xBA, 0xBA, 0xBA, 0xBA, 0xBA, 0xBA, 0xBA, 0xBA, 0xBA,
    0xBA, 0xBA, 0xBA, 0xB9, 0xB6, 0x3E, 0x00, 0x02, 0x00, 0x00, 0x00, 0x00, 0x00, 0x00, 0x00, 0x00, 0x00, 0x00, 0x00, 0x00, 0x00, 0x00, 0x00, 0x00,
    0x00, 0x00, 0x00, 0x00, 0x00, 0x00, 0x00, 0x00, 0x00, 0x00, 0x00, 0x00, 0x00, 0x00, 0x00, 0x00, 0x00, 0x00, 0x00, 0x00, 0x00, 0x00, 0x00, 0x00,
    0x00, 0x00, 0x00, 0x00, 0x00, 0x00, 0x02, 0x02, 0x02, 0x02, 0x02, 0x02, 0x02, 0x02, 0x02, 0x02, 0x02, 0x02, 0x02, 0x02, 0x02, 0x02, 0x02, 0x02,
    0x02, 0x02, 0x02, 0x02, 0x02, 0x02, 0x00, 0x00, 0x00, 0x00, 0x00, 0x00, 0x00, 0x00, 0x00, 0x00, 0x00, 0x00, 0x00, 0x00, 0x00, 0x00, 0x00, 0x00,
    0x00, 0x00, 0x00, 0x00, 0x00, 0x00, 0x00, 0x00, 0x00, 0x00, 0x00, 0x00, 0x00, 0x00, 0x00, 0x00, 0x00, 0x00, 0x00, 0x00, 0x00, 0x00, 0x00, 0x00,
};
static const lv_image_dsc_t icon_bass_overdrive = {
    .header = { .magic = LV_IMAGE_HEADER_MAGIC, .cf = LV_COLOR_FORMAT_A8, .w = 36, .h = 36, .stride = 36 },
    .data_size = sizeof(icon_bass_overdrive_map),
    .data = icon_bass_overdrive_map,
};

static const uint8_t icon_fuzz_map[] = {
    0x00, 0x00, 0x00, 0x00, 0x00, 0x00, 0x00, 0x00, 0x00, 0x00, 0x00, 0x00, 0x00, 0x00, 0x00, 0x00, 0x00, 0x00, 0x00, 0x00, 0x00, 0x00, 0x00, 0x00,
    0x00, 0x00, 0x00, 0x00, 0x00, 0x00, 0x00, 0x00, 0x00, 0x00, 0x00, 0x00, 0x00, 0x00, 0x00, 0x00, 0x00, 0x00, 0x00, 0x00, 0x00, 0x00, 0x00, 0x00,
    0x00, 0x00, 0x00, 0x00, 0x00, 0x00, 0x00, 0x00, 0x00, 0x00, 0x00, 0x00, 0x00, 0x00, 0x00, 0x00, 0x00, 0x00, 0x00, 0x00, 0x00, 0x00, 0x00, 0x00,
    0x00, 0x00, 0x00, 0x00, 0x00, 0x00, 0x00, 0x00, 0x00, 0x00, 0x00, 0x00, 0x00, 0x00, 0x00, 0x00, 0x00, 0x00, 0x00, 0x00, 0x00, 0x00, 0x00, 0x00,
    0x00, 0x00, 0x00, 0x00, 0x00, 0x00, 0x00, 0x00, 0x00, 0x00, 0x00, 0x00, 0x00, 0x00, 0x00, 0x00, 0x00, 0x00, 0x00, 0x00, 0x00, 0x00, 0x00, 0x00,
    0x00, 0x00, 0x00, 0x00, 0x00, 0x00, 0x00, 0x00, 0x00, 0x00, 0x00, 0x00, 0x00, 0x00, 0x00, 0x00, 0x00, 0x00, 0x00, 0x00, 0x00, 0x00, 0x00, 0x00,
    0x00, 0x00, 0x00, 0x00, 0x00, 0x00, 0x00, 0x00, 0x00, 0x00, 0x00, 0x00, 0x00, 0x00, 0x00, 0x00, 0x00, 0x00, 0x00, 0x00, 0x00, 0x00, 0x00, 0x00,
    0x00, 0x00, 0x00, 0x00, 0x00, 0x00, 0x00, 0x00, 0x00, 0x00, 0x00, 0x00, 0x00, 0x00, 0x00, 0x00, 0x00, 0x00, 0x00, 0x00, 0x00, 0x00, 0x00, 0x00,
    0x00, 0x00, 0x00, 0x00, 0x00, 0x00, 0x00, 0x00, 0x00, 0x00, 0x00, 0x00, 0x00, 0x00, 0x00, 0x00, 0x00, 0x00, 0x00, 0x00, 0x00, 0x00, 0x00, 0x00,
    0x00, 0x00, 0x00, 0x00, 0x00, 0x00, 0x00, 0x00, 0x00, 0x00, 0x00, 0x00, 0x00, 0x00, 0x00, 0x00, 0x00, 0x00, 0x00, 0x00, 0x00, 0x00, 0x00, 0x00,
    0x00, 0x00, 0x00, 0x00, 0x00, 0x00, 0x00, 0x00, 0x00, 0x00, 0x00, 0x00, 0x00, 0x00, 0x00, 0x00, 0x00, 0x00, 0x00, 0x00, 0x03, 0x02, 0x02, 0x02,
    0x02, 0x02, 0x02, 0x02, 0x02, 0x02, 0x03, 0x00, 0x00, 0x00, 0x00, 0x00, 0x00, 0x00, 0x03, 0x02, 0x02, 0x02, 0x02, 0x02, 0x02, 0x03, 0x00, 0x00,
    0x00, 0x00, 0x00, 0x00, 0x00, 0x00, 0x00, 0x00, 0x00, 0x00, 0x00, 0x00, 0x00, 0x00, 0x00, 0x00, 0x00, 0x00, 0x00, 0x00, 0x00, 0x00, 0x00, 0x00,
    0x00, 0x00, 0x00, 0x00, 0x00, 0x00, 0x00, 0x00, 0x00, 0x00, 0x00, 0x00, 0x00, 0x00, 0x00, 0x00, 0x00, 0x01, 0x01, 0x08, 0x90, 0xBD, 0xB9, 0xBA,
    0xBA, 0xBA, 0xBA, 0xBA, 0xB9, 0xBD, 0x90, 0x08, 0x01, 0x01, 0x00, 0x01, 0x01, 0x08, 0x90, 0xBD, 0xB9, 0xBA, 0xBA, 0xB8, 0xBA, 0x8D, 0x09, 0x01,
    0x00, 0x00, 0x00, 0x00, 0x00, 0x03, 0x00, 0x3F, 0xFF, 0xFF, 0xFF, 0xFF, 0xFF, 0xFF, 0xFF, 0xFF, 0xFF, 0xFF, 0xFF, 0x3F, 0x00, 0x03, 0x00, 0x03,
    0x00, 0x3F, 0xFF, 0xFF, 0xFF, 0xFF, 0xFF, 0xFF, 0xFF, 0xFF, 0x3A, 0x00, 0x00, 0x00, 0x00, 0x00, 0x00, 0x03, 0x00, 0x43, 0xFC, 0xFA, 0xCB, 0xBA,
    0xBB, 0xBA, 0xBB, 0xBA, 0xCB, 0xFA, 0xFC, 0x43, 0x00, 0x03, 0x00, 0x03, 0x00, 0x43, 0xFC, 0xFA, 0xCB, 0xBA, 0xBB, 0xB8, 0xBA, 0x8D, 0x09, 0x01,
    0x00, 0x00, 0x00, 0x00, 0x00, 0x03, 0x00, 0x42, 0xFF, 0xFF, 0x3A, 0x00, 0x00, 0x00, 0x00, 0x00, 0x3A, 0xFF, 0xFF, 0x42, 0x00, 0x03, 0x00, 0x03,
    0x00, 0x42, 0xFF, 0xFF, 0x3A, 0x00, 0x00, 0x00, 0x00, 0x00, 0x00, 0x00, 0x00, 0x00, 0x00, 0x00, 0x00, 0x03, 0x00, 0x42, 0xFF, 0xFF, 0x44, 0x02,
    0x05, 0x02, 0x05, 0x02, 0x44, 0xFF, 0xFF, 0x42, 0x00, 0x03, 0x00, 0x03, 0x00, 0x42, 0xFF, 0xFF, 0x44, 0x02, 0x05, 0x02, 0x02, 0x03, 0x00, 0x00,
    0x00, 0x00, 0x00, 0x00, 0x00, 0x03, 0x00, 0x42, 0xFF, 0xFF, 0x42, 0x00, 0x03, 0x00, 0x03, 0x00, 0x42, 0xFF, 0xFF, 0x42, 0x00, 0x03, 0x00, 0x03,
    0x00, 0x42, 0xFF, 0xFF, 0x42, 0x00, 0x03, 0x00, 0x00, 0x00, 0x00, 0x00, 0x00, 0x00, 0x00, 0x00, 0x00, 0x03, 0x00, 0x42, 0xFF, 0xFF, 0x42, 0x00,
    0x03, 0x00, 0x03, 0x00, 0x42, 0xFF, 0xFF, 0x42, 0x00, 0x03, 0x00, 0x03, 0x00, 0x42, 0xFF, 0xFF, 0x42, 0x00, 0x03, 0x00, 0x00, 0x00, 0x00, 0x00,
    0x00, 0x00, 0x00, 0x00, 0x00, 0x03, 0x00, 0x42, 0xFF, 0xFF, 0x42, 0x00, 0x03, 0x00, 0x03, 0x00, 0x42, 0xFF, 0xFF, 0x42, 0x00, 0x03, 0x00, 0x03,
    0x00, 0x42, 0xFF, 0xFF, 0x42, 0x00, 0x03, 0x00, 0x00, 0x00, 0x00, 0x00, 0x00, 0x00, 0x00, 0x00, 0x00, 0x03, 0x00, 0x42, 0xFF, 0xFF, 0x42, 0x00,
    0x03, 0x00, 0x03, 0x00, 0x42, 0xFF, 0xFF, 0x42, 0x00, 0x03, 0x00, 0x03, 0x00, 0x42, 0xFF, 0xFF, 0x42, 0x00, 0x03, 0x00, 0x00, 0x00, 0x00, 0x00,
    0x00, 0x00, 0x00, 0x00, 0x00, 0x03, 0x00, 0x42, 0xFF, 0xFF, 0x42, 0x00, 0x03, 0x00, 0x03, 0x00, 0x42, 0xFF, 0xFF, 0x42, 0x00, 0x03, 0x00, 0x03,
    0x00, 0x42, 0xFF, 0xFF, 0x42, 0x00, 0x03, 0x00, 0x00, 0x00, 0x00, 0x00, 0x00, 0x00, 0x00, 0x00, 0x00, 0x03, 0x00, 0x42, 0xFF, 0xFF, 0x42, 0x00,
    0x03, 0x00, 0x03, 0x00, 0x42, 0xFF, 0xFF, 0x42, 0x00, 0x03, 0x00, 0x03, 0x00, 0x42, 0xFF, 0xFF, 0x42, 0x00, 0x03, 0x00, 0x00, 0x00, 0x00, 0x00,
    0x00, 0x00, 0x00, 0x00, 0x00, 0x03, 0x00, 0x42, 0xFF, 0xFF, 0x42, 0x00, 0x03, 0x00, 0x03, 0x00, 0x42, 0xFF, 0xFF, 0x42, 0x00, 0x03, 0x00, 0x03,
    0x00, 0x42, 0xFF, 0xFF, 0x42, 0x00, 0x03, 0x00, 0x00, 0x00, 0x00, 0x00, 0x00, 0x00, 0x00, 0x00, 0x00, 0x03, 0x00, 0x42, 0xFF, 0xFF, 0x42, 0x00,
    0x03, 0x00, 0x03, 0x00, 0x42, 0xFF, 0xFF, 0x42, 0x00, 0x03, 0x00, 0x03, 0x00, 0x42, 0xFF, 0xFF, 0x42, 0x00, 0x03, 0x00, 0x00, 0x00, 0x00, 0x00,
    0x00, 0x00, 0x03, 0x02, 0x02, 0x05, 0x02, 0x44, 0xFF, 0xFF, 0x42, 0x00, 0x03, 0x00, 0x03, 0x00, 0x42, 0xFF, 0xFF, 0x44, 0x02, 0x05, 0x02, 0x05,
    0x02, 0x44, 0xFF, 0xFF, 0x42, 0x00, 0x03, 0x00, 0x00, 0x00, 0x00, 0x00, 0x00, 0x00, 0x00, 0x00, 0x00, 0x00, 0x00, 0x3A, 0xFF, 0xFF, 0x42, 0x00,
    0x03, 0x00, 0x03, 0x00, 0x42, 0xFF, 0xFF, 0x3A, 0x00, 0x00, 0x00, 0x00, 0x00, 0x3A, 0xFF, 0xFF, 0x42, 0x00, 0x03, 0x00, 0x00, 0x00, 0x00, 0x00,
    0x01, 0x09, 0x8D, 0xBA, 0xB8, 0xBB, 0xBA, 0xCB, 0xFA, 0xFC, 0x43, 0x00, 0x03, 0x00, 0x03, 0x00, 0x43, 0xFC, 0xFA, 0xCB, 0xBA, 0xBB, 0xBA, 0xBB,
    0xBA, 0xCB, 0xFA, 0xFC, 0x43, 0x00, 0x03, 0x00, 0x00, 0x00, 0x00, 0x00, 0x00, 0x3A, 0xFF, 0xFF, 0xFF, 0xFF, 0xFF, 0xFF, 0xFF, 0xFF, 0x3F, 0x00,
    0x03, 0x00, 0x03, 0x00, 0x3F, 0xFF, 0xFF, 0xFF, 0xFF, 0xFF, 0xFF, 0xFF, 0xFF, 0xFF, 0xFF, 0xFF, 0x3F, 0x00, 0x03, 0x00, 0x00, 0x00, 0x00, 0x00,
    0x01, 0x09, 0x8D, 0xBA, 0xB8, 0xBA, 0xBA, 0xB9, 0xBD, 0x90, 0x08, 0x01, 0x01, 0x00, 0x01, 0x01, 0x08, 0x90, 0xBD, 0xB9, 0xBA, 0xBA, 0xBA, 0xBA,
    0xBA, 0xB9, 0xBD, 0x90, 0x08, 0x01, 0x01, 0x00, 0x00, 0x00, 0x00, 0x00, 0x00, 0x00, 0x00, 0x00, 0x00, 0x00, 0x00, 0x00, 0x00, 0x00, 0x00, 0x00,
    0x00, 0x00, 0x00, 0x00, 0x00, 0x00, 0x00, 0x00, 0x00, 0x00, 0x00, 0x00, 0x00, 0x00, 0x00, 0x00, 0x00, 0x00, 0x00, 0x00, 0x00, 0x00, 0x00, 0x00,
    0x00, 0x00, 0x03, 0x02, 0x02, 0x02, 0x02, 0x02, 0x02, 0x03, 0x00, 0x00, 0x00, 0x00, 0x00, 0x00, 0x00, 0x03, 0x02, 0x02, 0x02, 0x02, 0x02, 0x02,
    0x02, 0x02, 0x02, 0x03, 0x00, 0x00, 0x00, 0x00, 0x00, 0x00, 0x00, 0x00, 0x00, 0x00, 0x00, 0x00, 0x00, 0x00, 0x00, 0x00, 0x00, 0x00, 0x00, 0x00,
    0x00, 0x00, 0x00, 0x00, 0x00, 0x00, 0x00, 0x00, 0x00, 0x00, 0x00, 0x00, 0x00, 0x00, 0x00, 0x00, 0x00, 0x00, 0x00, 0x00, 0x00, 0x00, 0x00, 0x00,
    0x00, 0x00, 0x00, 0x00, 0x00, 0x00, 0x00, 0x00, 0x00, 0x00, 0x00, 0x00, 0x00, 0x00, 0x00, 0x00, 0x00, 0x00, 0x00, 0x00, 0x00, 0x00, 0x00, 0x00,
    0x00, 0x00, 0x00, 0x00, 0x00, 0x00, 0x00, 0x00, 0x00, 0x00, 0x00, 0x00, 0x00, 0x00, 0x00, 0x00, 0x00, 0x00, 0x00, 0x00, 0x00, 0x00, 0x00, 0x00,
    0x00, 0x00, 0x00, 0x00, 0x00, 0x00, 0x00, 0x00, 0x00, 0x00, 0x00, 0x00, 0x00, 0x00, 0x00, 0x00, 0x00, 0x00, 0x00, 0x00, 0x00, 0x00, 0x00, 0x00,
    0x00, 0x00, 0x00, 0x00, 0x00, 0x00, 0x00, 0x00, 0x00, 0x00, 0x00, 0x00, 0x00, 0x00, 0x00, 0x00, 0x00, 0x00, 0x00, 0x00, 0x00, 0x00, 0x00, 0x00,
    0x00, 0x00, 0x00, 0x00, 0x00, 0x00, 0x00, 0x00, 0x00, 0x00, 0x00, 0x00, 0x00, 0x00, 0x00, 0x00, 0x00, 0x00, 0x00, 0x00, 0x00, 0x00, 0x00, 0x00,
    0x00, 0x00, 0x00, 0x00, 0x00, 0x00, 0x00, 0x00, 0x00, 0x00, 0x00, 0x00, 0x00, 0x00, 0x00, 0x00, 0x00, 0x00, 0x00, 0x00, 0x00, 0x00, 0x00, 0x00,
    0x00, 0x00, 0x00, 0x00, 0x00, 0x00, 0x00, 0x00, 0x00, 0x00, 0x00, 0x00, 0x00, 0x00, 0x00, 0x00, 0x00, 0x00, 0x00, 0x00, 0x00, 0x00, 0x00, 0x00,
    0x00, 0x00, 0x00, 0x00, 0x00, 0x00, 0x00, 0x00, 0x00, 0x00, 0x00, 0x00, 0x00, 0x00, 0x00, 0x00, 0x00, 0x00, 0x00, 0x00, 0x00, 0x00, 0x00, 0x00,
    0x00, 0x00, 0x00, 0x00, 0x00, 0x00, 0x00, 0x00, 0x00, 0x00, 0x00, 0x00, 0x00, 0x00, 0x00, 0x00, 0x00, 0x00, 0x00, 0x00, 0x00, 0x00, 0x00, 0x00,
};
static const lv_image_dsc_t icon_fuzz = {
    .header = { .magic = LV_IMAGE_HEADER_MAGIC, .cf = LV_COLOR_FORMAT_A8, .w = 36, .h = 36, .stride = 36 },
    .data_size = sizeof(icon_fuzz_map),
    .data = icon_fuzz_map,
};

static const uint8_t icon_compressor_map[] = {
    0x00, 0x00, 0x00, 0x00, 0x00, 0x00, 0x00, 0x00, 0x00, 0x00, 0x00, 0x00, 0x00, 0x00, 0x00, 0x00, 0x01, 0x00, 0x00, 0x01, 0x00, 0x00, 0x00, 0x00,
    0x00, 0x00, 0x00, 0x00, 0x00, 0x00, 0x00, 0x00, 0x00, 0x00, 0x00, 0x00, 0x00, 0x00, 0x00, 0x00, 0x00, 0x00, 0x00, 0x00, 0x00, 0x00, 0x00, 0x00,
    0x00, 0x00, 0x00, 0x01, 0x00, 0x27, 0x27, 0x00, 0x01, 0x00, 0x00, 0x00, 0x00, 0x00, 0x00, 0x00, 0x00, 0x00, 0x00, 0x00, 0x00, 0x00, 0x00, 0x00,
    0x00, 0x00, 0x00, 0x00, 0x00, 0x00, 0x00, 0x00, 0x00, 0x00, 0x00, 0x00, 0x00, 0x00, 0x02, 0x01, 0x25, 0xF6, 0xF6, 0x25, 0x01, 0x02, 0x00, 0x00,
    0x00, 0x00, 0x00, 0x00, 0x00, 0x00, 0x00, 0x00, 0x00, 0x00, 0x00, 0x00, 0x00, 0x00, 0x00, 0x00, 0x00, 0x00, 0x00, 0x00, 0x00, 0x00, 0x00, 0x00,
    0x00, 0x00, 0x03, 0x00, 0x46, 0xFF, 0xFF, 0x46, 0x00, 0x03, 0x00, 0x00, 0x00, 0x00, 0x00, 0x00, 0x00, 0x00, 0x00, 0x00, 0x00, 0x00, 0x00, 0x00,
    0x00, 0x00, 0x00, 0x00, 0x00, 0x00, 0x00, 0x00, 0x00, 0x00, 0x00, 0x00, 0x02, 0x03, 0x05, 0x00, 0x41, 0xFE, 0xFE, 0x41, 0x00, 0x05, 0x03, 0x02,
    0x00, 0x00, 0x00, 0x00, 0x00, 0x00, 0x00, 0x00, 0x00, 0x00, 0x00, 0x00, 0x00, 0x00, 0x00, 0x00, 0x00, 0x00, 0x00, 0x00, 0x00, 0x00, 0x00, 0x00,
    0x00, 0x00, 0x00, 0x02, 0x42, 0xFF, 0xFF, 0x42, 0x02, 0x00, 0x00, 0x00, 0x00, 0x00, 0x00, 0x00, 0x00, 0x00, 0x00, 0x00, 0x00, 0x00, 0x00, 0x00,
    0x00, 0x00, 0x00, 0x00, 0x00, 0x00, 0x00, 0x00, 0x00, 0x00, 0x02, 0x00, 0x3D, 0xB3, 0x41, 0x00, 0x47, 0xFF, 0xFF, 0x47, 0x00, 0x41, 0xB3, 0x3D,
    0x00, 0x02, 0x00, 0x00, 0x00, 0x00, 0x00, 0x00, 0x00, 0x00, 0x00, 0x00, 0x00, 0x00, 0x00, 0x00, 0x00, 0x00, 0x00, 0x00, 0x00, 0x00, 0x03, 0x00,
    0xC2, 0xFF, 0xF3, 0x35, 0x2F, 0xFF, 0xFF, 0x2F, 0x35, 0xF3, 0xFF, 0xC2, 0x00, 0x03, 0x00, 0x00, 0x00, 0x00, 0x00, 0x00, 0x00, 0x00, 0x00, 0x00,
    0x00, 0x00, 0x00, 0x00, 0x00, 0x00, 0x00, 0x00, 0x00, 0x00, 0x02, 0x01, 0x40, 0xF1, 0xFF, 0xEB, 0x81, 0xFD, 0xFD, 0x81, 0xEB, 0xFF, 0xF1, 0x40,
    0x01, 0x02, 0x00, 0x00, 0x00, 0x00, 0x00, 0x00, 0x00, 0x00, 0x00, 0x00, 0x00, 0x00, 0x00, 0x00, 0x00, 0x00, 0x00, 0x00, 0x00, 0x00, 0x00, 0x02,
    0x00, 0x40, 0xF3, 0xFF, 0xFF, 0xFF, 0xFF, 0xFF, 0xFF, 0xF3, 0x40, 0x00, 0x02, 0x00, 0x00, 0x00, 0x00, 0x00, 0x00, 0x00, 0x00, 0x00, 0x00, 0x00,
    0x00, 0x00, 0x00, 0x00, 0x00, 0x00, 0x00, 0x00, 0x00, 0x00, 0x00, 0x00, 0x04, 0x00, 0x40, 0xF3, 0xFE, 0xFD, 0xFD, 0xFE, 0xF3, 0x40, 0x00, 0x04,
    0x00, 0x00, 0x00, 0x00, 0x00, 0x00, 0x00, 0x00, 0x00, 0x00, 0x00, 0x00, 0x00, 0x00, 0x00, 0x00, 0x00, 0x00, 0x00, 0x00, 0x00, 0x00, 0x00, 0x00,
    0x00, 0x04, 0x00, 0x40, 0xF4, 0xFF, 0xFF, 0xF4, 0x40, 0x00, 0x04, 0x00, 0x00, 0x00, 0x00, 0x00, 0x00, 0x00, 0x00, 0x00, 0x00, 0x00, 0x00, 0x00,
    0x00, 0x00, 0x00, 0x00, 0x00, 0x00, 0x00, 0x00, 0x00, 0x00, 0x00, 0x00, 0x00, 0x00, 0x04, 0x00, 0x40, 0xF6, 0xF6, 0x40, 0x00, 0x04, 0x00, 0x00,
    0x00, 0x00, 0x00, 0x00, 0x00, 0x00, 0x00, 0x00, 0x00, 0x00, 0x00, 0x00, 0x00, 0x00, 0x00, 0x00, 0x00, 0x00, 0x00, 0x00, 0x00, 0x00, 0x00, 0x00,
    0x00, 0x00, 0x00, 0x03, 0x00, 0x27, 0x27, 0x00, 0x03, 0x00, 0x00, 0x00, 0x00, 0x00, 0x00, 0x00, 0x00, 0x00, 0x00, 0x00, 0x00, 0x00, 0x00, 0x00,
    0x00, 0x00, 0x00, 0x01, 0x03, 0x03, 0x03, 0x03, 0x03, 0x03, 0x03, 0x03, 0x03, 0x03, 0x03, 0x03, 0x05, 0x00, 0x00, 0x05, 0x03, 0x03, 0x03, 0x03,
    0x03, 0x03, 0x03, 0x03, 0x03, 0x03, 0x03, 0x03, 0x01, 0x00, 0x00, 0x00, 0x00, 0x00, 0x00, 0x00, 0x00, 0x00, 0x00, 0x00, 0x00, 0x00, 0x00, 0x00,
    0x00, 0x00, 0x00, 0x00, 0x00, 0x00, 0x00, 0x00, 0x00, 0x00, 0x00, 0x00, 0x00, 0x00, 0x00, 0x00, 0x00, 0x00, 0x00, 0x00, 0x00, 0x00, 0x00, 0x00,
    0x00, 0x01, 0x00, 0x01, 0x3E, 0x41, 0x41, 0x42, 0x42, 0x42, 0x42, 0x42, 0x42, 0x42, 0x42, 0x42, 0x42, 0x42, 0x42, 0x42, 0x42, 0x42, 0x42, 0x42,
    0x42, 0x42, 0x42, 0x42, 0x42, 0x41, 0x41, 0x3E, 0x01, 0x00, 0x01, 0x00, 0x00, 0x03, 0x00, 0x97, 0xFF, 0xFF, 0xFF, 0xFF, 0xFF, 0xFF, 0xFF, 0xFF,
    0xFF, 0xFF, 0xFF, 0xFF, 0xFF, 0xFF, 0xFF, 0xFF, 0xFF, 0xFF, 0xFF, 0xFF, 0xFF, 0xFF, 0xFF, 0xFF, 0xFF, 0xFF, 0xFF, 0xFF, 0x97, 0x00, 0x03, 0x00,
    0x00, 0x03, 0x00, 0x97, 0xFF, 0xFF, 0xFF, 0xFF, 0xFF, 0xFF, 0xFF, 0xFF, 0xFF, 0xFF, 0xFF, 0xFF, 0xFF, 0xFF, 0xFF, 0xFF, 0xFF, 0xFF, 0xFF, 0xFF,
    0xFF, 0xFF, 0xFF, 0xFF, 0xFF, 0xFF, 0xFF, 0xFF, 0x97, 0x00, 0x03, 0x00, 0x00, 0x01, 0x00, 0x01, 0x3E, 0x41, 0x41, 0x42, 0x42, 0x42, 0x42, 0x42,
    0x42, 0x42, 0x42, 0x42, 0x42, 0x42, 0x42, 0x42, 0x42, 0x42, 0x42, 0x42, 0x42, 0x42, 0x42, 0x42, 0x42, 0x41, 0x41, 0x3E, 0x01, 0x00, 0x01, 0x00,
    0x00, 0x00, 0x00, 0x00, 0x00, 0x00, 0x00, 0x00, 0x00, 0x00, 0x00, 0x00, 0x00, 0x00, 0x00, 0x00, 0x00, 0x00, 0x00, 0x00, 0x00, 0x00, 0x00, 0x00,
    0x00, 0x00, 0x00, 0x00, 0x00, 0x00, 0x00, 0x00, 0x00, 0x00, 0x00, 0x00, 0x00, 0x00, 0x00, 0x01, 0x03, 0x03, 0x03, 0x03, 0x03, 0x03, 0x03, 0x03,
    0x03, 0x03, 0x03, 0x03, 0x05, 0x00, 0x00, 0x05, 0x03, 0x03, 0x03, 0x03, 0x03, 0x03, 0x03, 0x03, 0x03, 0x03, 0x03, 0x03, 0x01, 0x00, 0x00, 0x00,
    0x00, 0x00, 0x00, 0x00, 0x00, 0x00, 0x00, 0x00, 0x00, 0x00, 0x00, 0x00, 0x00, 0x00, 0x00, 0x03, 0x00, 0x27, 0x27, 0x00, 0x03, 0x00, 0x00, 0x00,
    0x00, 0x00, 0x00, 0x00, 0x00, 0x00, 0x00, 0x00, 0x00, 0x00, 0x00, 0x00, 0x00, 0x00, 0x00, 0x00, 0x00, 0x00, 0x00, 0x00, 0x00, 0x00, 0x00, 0x00,
    0x00, 0x00, 0x04, 0x00, 0x40, 0xF6, 0xF6, 0x40, 0x00, 0x04, 0x00, 0x00, 0x00, 0x00, 0x00, 0x00, 0x00, 0x00, 0x00, 0x00, 0x00, 0x00, 0x00, 0x00,
    0x00, 0x00, 0x00, 0x00, 0x00, 0x00, 0x00, 0x00, 0x00, 0x00, 0x00, 0x00, 0x00, 0x04, 0x00, 0x40, 0xF4, 0xFF, 0xFF, 0xF4, 0x40, 0x00, 0x04, 0x00,
    0x00, 0x00, 0x00, 0x00, 0x00, 0x00, 0x00, 0x00, 0x00, 0x00, 0x00, 0x00, 0x00, 0x00, 0x00, 0x00, 0x00, 0x00, 0x00, 0x00, 0x00, 0x00, 0x00, 0x00,
    0x04, 0x00, 0x40, 0xF3, 0xFE, 0xFD, 0xFD, 0xFE, 0xF3, 0x40, 0x00, 0x04, 0x00, 0x00, 0x00, 0x00, 0x00, 0x00, 0x00, 0x00, 0x00, 0x00, 0x00, 0x00,
    0x00, 0x00, 0x00, 0x00, 0x00, 0x00, 0x00, 0x00, 0x00, 0x00, 0x00, 0x02, 0x00, 0x40, 0xF3, 0xFF, 0xFF, 0xFF, 0xFF, 0xFF, 0xFF, 0xF3, 0x40, 0x00,
    0x02, 0x00, 0x00, 0x00, 0x00, 0x00, 0x00, 0x00, 0x00, 0x00, 0x00, 0x00, 0x00, 0x00, 0x00, 0x00, 0x00, 0x00, 0x00, 0x00, 0x00, 0x00, 0x02, 0x01,
    0x40, 0xF1, 0xFF, 0xEB, 0x81, 0xFD, 0xFD, 0x81, 0xEB, 0xFF, 0xF1, 0x40, 0x01, 0x02, 0x00, 0x00, 0x00, 0x00, 0x00, 0x00, 0x00, 0x00, 0x00, 0x00,
    0x00, 0x00, 0x00, 0x00, 0x00, 0x00, 0x00, 0x00, 0x00, 0x00, 0x03, 0x00, 0xC2, 0xFF, 0xF3, 0x35, 0x2F, 0xFF, 0xFF, 0x2F, 0x35, 0xF3, 0xFF, 0xC2,
    0x00, 0x03, 0x00, 0x00, 0x00, 0x00, 0x00, 0x00, 0x00, 0x00, 0x00, 0x00, 0x00, 0x00, 0x00, 0x00, 0x00, 0x00, 0x00, 0x00, 0x00, 0x00, 0x02, 0x00,
    0x3D, 0xB3, 0x41, 0x00, 0x47, 0xFF, 0xFF, 0x47, 0x00, 0x41, 0xB3, 0x3D, 0x00, 0x02, 0x00, 0x00, 0x00, 0x00, 0x00, 0x00, 0x00, 0x00, 0x00, 0x00,
    0x00, 0x00, 0x00, 0x00, 0x00, 0x00, 0x00, 0x00, 0x00, 0x00, 0x00, 0x00, 0x00, 0x00, 0x00, 0x02, 0x42, 0xFF, 0xFF, 0x42, 0x02, 0x00, 0x00, 0x00,
    0x00, 0x00, 0x00, 0x00, 0x00, 0x00, 0x00, 0x00, 0x00, 0x00, 0x00, 0x00, 0x00, 0x00, 0x00, 0x00, 0x00, 0x00, 0x00, 0x00, 0x00, 0x00, 0x00, 0x00,
    0x02, 0x03, 0x05, 0x00, 0x41, 0xFE, 0xFE, 0x41, 0x00, 0x05, 0x03, 0x02, 0x00, 0x00, 0x00, 0x00, 0x00, 0x00, 0x00, 0x00, 0x00, 0x00, 0x00, 0x00,
    0x00, 0x00, 0x00, 0x00, 0x00, 0x00, 0x00, 0x00, 0x00, 0x00, 0x00, 0x00, 0x00, 0x00, 0x03, 0x00, 0x46, 0xFF, 0xFF, 0x46, 0x00, 0x03, 0x00, 0x00,
    0x00, 0x00, 0x00, 0x00, 0x00, 0x00, 0x00, 0x00, 0x00, 0x00, 0x00, 0x00, 0x00, 0x00, 0x00, 0x00, 0x00, 0x00, 0x00, 0x00, 0x00, 0x00, 0x00, 0x00,
    0x00, 0x00, 0x02, 0x01, 0x25, 0xF6, 0xF6, 0x25, 0x01, 0x02, 0x00, 0x00, 0x00, 0x00, 0x00, 0x00, 0x00, 0x00, 0x00, 0x00, 0x00, 0x00, 0x00, 0x00,
    0x00, 0x00, 0x00, 0x00, 0x00, 0x00, 0x00, 0x00, 0x00, 0x00, 0x00, 0x00, 0x00, 0x00, 0x00, 0x01, 0x00, 0x27, 0x27, 0x00, 0x01, 0x00, 0x00, 0x00,
    0x00, 0x00, 0x00, 0x00, 0x00, 0x00, 0x00, 0x00, 0x00, 0x00, 0x00, 0x00, 0x00, 0x00, 0x00, 0x00, 0x00, 0x00, 0x00, 0x00, 0x00, 0x00, 0x00, 0x00,
    0x00, 0x00, 0x00, 0x00, 0x01, 0x00, 0x00, 0x01, 0x00, 0x00, 0x00, 0x00, 0x00, 0x00, 0x00, 0x00, 0x00, 0x00, 0x00, 0x00, 0x00, 0x00, 0x00, 0x00,
};
static const lv_image_dsc_t icon_compressor = {
    .header = { .magic = LV_IMAGE_HEADER_MAGIC, .cf = LV_COLOR_FORMAT_A8, .w = 36, .h = 36, .stride = 36 },
    .data_size = sizeof(icon_compressor_map),
    .data = icon_compressor_map,
};

static const uint8_t icon_equalizer_map[] = {
    0x00, 0x00, 0x00, 0x00, 0x00, 0x00, 0x00, 0x00, 0x00, 0x00, 0x00, 0x00, 0x00, 0x00, 0x00, 0x00, 0x00, 0x00, 0x00, 0x00, 0x00, 0x00, 0x00, 0x00,
    0x00, 0x00, 0x00, 0x00, 0x00, 0x00, 0x00, 0x00, 0x00, 0x00, 0x00, 0x00, 0x00, 0x00, 0x00, 0x00, 0x00, 0x00, 0x00, 0x00, 0x03, 0x03, 0x00, 0x00,
    0x00, 0x00, 0x00, 0x00, 0x00, 0x03, 0x03, 0x00, 0x00, 0x00, 0x00, 0x00, 0x00, 0x00, 0x03, 0x03, 0x00, 0x00, 0x00, 0x00, 0x00, 0x00, 0x00, 0x00,
    0x00, 0x00, 0x00, 0x00, 0x00, 0x00, 0x00, 0x00, 0x00, 0x00, 0x00, 0x00, 0x00, 0x00, 0x00, 0x00, 0x00, 0x00, 0x00, 0x00, 0x00, 0x00, 0x00, 0x00,
    0x00, 0x00, 0x00, 0x00, 0x00, 0x00, 0x00, 0x00, 0x00, 0x00, 0x00, 0x00, 0x00, 0x00, 0x00, 0x00, 0x00, 0x01, 0x01, 0x08, 0x97, 0x97, 0x08, 0x01,
    0x01, 0x00, 0x01, 0x01, 0x08, 0x97, 0x97, 0x08, 0x01, 0x01, 0x00, 0x01, 0x01, 0x08, 0x97, 0x97, 0x08, 0x01, 0x01, 0x00, 0x00, 0x00, 0x00, 0x00,
    0x00, 0x00, 0x00, 0x00, 0x00, 0x03, 0x00, 0x3E, 0xFF, 0xFF, 0x3E, 0x00, 0x03, 0x00, 0x03, 0x00, 0x3E, 0xFF, 0xFF, 0x3E, 0x00, 0x03, 0x00, 0x03,
    0x00, 0x3E, 0xFF, 0xFF, 0x3E, 0x00, 0x03, 0x00, 0x00, 0x00, 0x00, 0x00, 0x00, 0x00, 0x00, 0x00, 0x00, 0x03, 0x00, 0x43, 0xFC, 0xFC, 0x43, 0x00,
    0x03, 0x00, 0x03, 0x02, 0x45, 0xFC, 0xFC, 0x45, 0x02, 0x03, 0x00, 0x03, 0x00, 0x43, 0xFC, 0xFC, 0x43, 0x00, 0x03, 0x00, 0x00, 0x00, 0x00, 0x00,
    0x00, 0x00, 0x00, 0x00, 0x00, 0x03, 0x00, 0x42, 0xFF, 0xFF, 0x42, 0x00, 0x03, 0x00, 0x06, 0x00, 0x38, 0xFF, 0xFF, 0x38, 0x00, 0x06, 0x00, 0x03,
    0x00, 0x42, 0xFF, 0xFF, 0x42, 0x00, 0x03, 0x00, 0x00, 0x00, 0x00, 0x00, 0x00, 0x00, 0x00, 0x00, 0x00, 0x03, 0x00, 0x42, 0xFF, 0xFF, 0x42, 0x00,
    0x03, 0x01, 0x00, 0x26, 0x73, 0xFE, 0xFE, 0x73, 0x26, 0x00, 0x01, 0x03, 0x00, 0x42, 0xFF, 0xFF, 0x42, 0x00, 0x03, 0x00, 0x00, 0x00, 0x00, 0x00,
    0x00, 0x00, 0x00, 0x00, 0x00, 0x03, 0x00, 0x42, 0xFF, 0xFF, 0x42, 0x00, 0x05, 0x00, 0x69, 0xF7, 0xFF, 0xFE, 0xFE, 0xFF, 0xF7, 0x69, 0x00, 0x05,
    0x00, 0x42, 0xFF, 0xFF, 0x42, 0x00, 0x03, 0x00, 0x00, 0x00, 0x00, 0x00, 0x00, 0x00, 0x00, 0x00, 0x00, 0x03, 0x00, 0x42, 0xFF, 0xFF, 0x42, 0x00,
    0x01, 0x26, 0xFE, 0xFF, 0xFF, 0xFF, 0xFF, 0xFF, 0xFF, 0xFE, 0x26, 0x01, 0x00, 0x42, 0xFF, 0xFF, 0x42, 0x00, 0x03, 0x00, 0x00, 0x00, 0x00, 0x00,
    0x00, 0x00, 0x00, 0x00, 0x00, 0x03, 0x00, 0x42, 0xFF, 0xFF, 0x42, 0x00, 0x00, 0x46, 0xFF, 0xFB, 0xAE, 0xFD, 0xFD, 0xAE, 0xFB, 0xFF, 0x46, 0x00,
    0x00, 0x42, 0xFF, 0xFF, 0x42, 0x00, 0x03, 0x00, 0x00, 0x00, 0x00, 0x00, 0x00, 0x00, 0x00, 0x00, 0x00, 0x03, 0x00, 0x42, 0xFF, 0xFF, 0x42, 0x00,
    0x00, 0x42, 0xFD, 0xFA, 0x7B, 0xFD, 0xFD, 0x7B, 0xFA, 0xFD, 0x42, 0x00, 0x02, 0x44, 0xFF, 0xFF, 0x44, 0x02, 0x03, 0x00, 0x00, 0x00, 0x00, 0x00,
    0x00, 0x00, 0x00, 0x00, 0x00, 0x03, 0x00, 0x42, 0xFF, 0xFF, 0x42, 0x00, 0x00, 0x3F, 0xFF, 0xFA, 0xE8, 0xFE, 0xFE, 0xE8, 0xFA, 0xFF, 0x3F, 0x02,
    0x00, 0x38, 0xFF, 0xFF, 0x38, 0x00, 0x06, 0x00, 0x00, 0x00, 0x00, 0x00, 0x00, 0x00, 0x00, 0x00, 0x00, 0x03, 0x00, 0x42, 0xFF, 0xFF, 0x42, 0x00,
    0x03, 0x0A, 0xCA, 0xFF, 0xFF, 0xFF, 0xFF, 0xFF, 0xFF, 0xCA, 0x0B, 0x00, 0x26, 0x73, 0xFE, 0xFE, 0x73, 0x26, 0x00, 0x01, 0x00, 0x00, 0x00, 0x00,
    0x00, 0x00, 0x00, 0x00, 0x00, 0x03, 0x00, 0x42, 0xFF, 0xFF, 0x42, 0x00, 0x05, 0x00, 0x15, 0x98, 0xCC, 0xFE, 0xFE, 0xCC, 0x98, 0x17, 0x00, 0x6B,
    0xF7, 0xFF, 0xFE, 0xFE, 0xFF, 0xF7, 0x69, 0x00, 0x02, 0x00, 0x00, 0x00, 0x00, 0x00, 0x00, 0x00, 0x00, 0x03, 0x00, 0x42, 0xFF, 0xFF, 0x42, 0x00,
    0x03, 0x01, 0x00, 0x00, 0x3A, 0xFF, 0xFF, 0x3A, 0x00, 0x00, 0x27, 0xFE, 0xFF, 0xFF, 0xFF, 0xFF, 0xFF, 0xFF, 0xFE, 0x26, 0x00, 0x02, 0x00, 0x00,
    0x00, 0x00, 0x00, 0x00, 0x00, 0x04, 0x03, 0x44, 0xFF, 0xFF, 0x44, 0x03, 0x04, 0x00, 0x04, 0x03, 0x44, 0xFF, 0xFF, 0x44, 0x03, 0x01, 0x46, 0xFF,
    0xFB, 0xAE, 0xFD, 0xFD, 0xAE, 0xFB, 0xFF, 0x46, 0x00, 0x03, 0x00, 0x00, 0x00, 0x00, 0x00, 0x00, 0x01, 0x00, 0x00, 0x3A, 0xFF, 0xFF, 0x3A, 0x00,
    0x00, 0x01, 0x03, 0x00, 0x42, 0xFF, 0xFF, 0x42, 0x00, 0x00, 0x42, 0xFD, 0xFA, 0x7B, 0xFD, 0xFD, 0x7B, 0xFA, 0xFD, 0x42, 0x00, 0x03, 0x00, 0x00,
    0x00, 0x00, 0x00, 0x01, 0x00, 0x15, 0x98, 0xCC, 0xFE, 0xFE, 0xCC, 0x98, 0x15, 0x00, 0x05, 0x00, 0x42, 0xFF, 0xFF, 0x42, 0x00, 0x00, 0x3F, 0xFF,
    0xFA, 0xE8, 0xFE, 0xFE, 0xE8, 0xFA, 0xFF, 0x3F, 0x00, 0x03, 0x00, 0x00, 0x00, 0x00, 0x01, 0x02, 0x0A, 0xCA, 0xFF, 0xFF, 0xFF, 0xFF, 0xFF, 0xFF,
    0xCA, 0x0A, 0x03, 0x00, 0x42, 0xFF, 0xFF, 0x42, 0x00, 0x03, 0x0A, 0xCA, 0xFF, 0xFF, 0xFF, 0xFF, 0xFF, 0xFF, 0xCA, 0x0A, 0x02, 0x01, 0x00, 0x00,
    0x00, 0x00, 0x03, 0x00, 0x3F, 0xFF, 0xFA, 0xE8, 0xFE, 0xFE, 0xE8, 0xFA, 0xFF, 0x3F, 0x00, 0x00, 0x42, 0xFF, 0xFF, 0x42, 0x00, 0x05, 0x00, 0x15,
    0x98, 0xCC, 0xFE, 0xFE, 0xCC, 0x98, 0x15, 0x00, 0x01, 0x00, 0x00, 0x00, 0x00, 0x00, 0x03, 0x00, 0x42, 0xFD, 0xFA, 0x7B, 0xFD, 0xFD, 0x7B, 0xFA,
    0xFD, 0x42, 0x00, 0x00, 0x42, 0xFF, 0xFF, 0x42, 0x00, 0x03, 0x01, 0x00, 0x00, 0x3A, 0xFF, 0xFF, 0x3A, 0x00, 0x00, 0x01, 0x00, 0x00, 0x00, 0x00,
    0x00, 0x00, 0x03, 0x00, 0x46, 0xFF, 0xFB, 0xAE, 0xFD, 0xFD, 0xAE, 0xFB, 0xFF, 0x46, 0x00, 0x00, 0x42, 0xFF, 0xFF, 0x42, 0x00, 0x03, 0x00, 0x04,
    0x03, 0x44, 0xFF, 0xFF, 0x44, 0x03, 0x04, 0x00, 0x00, 0x00, 0x00, 0x00, 0x00, 0x00, 0x02, 0x00, 0x26, 0xFE, 0xFF, 0xFF, 0xFF, 0xFF, 0xFF, 0xFF,
    0xFE, 0x26, 0x01, 0x00, 0x42, 0xFF, 0xFF, 0x42, 0x00, 0x03, 0x00, 0x03, 0x00, 0x42, 0xFF, 0xFF, 0x42, 0x00, 0x03, 0x00, 0x00, 0x00, 0x00, 0x00,
    0x00, 0x00, 0x00, 0x02, 0x00, 0x69, 0xF7, 0xFF, 0xFE, 0xFE, 0xFF, 0xF7, 0x69, 0x00, 0x05, 0x00, 0x42, 0xFF, 0xFF, 0x42, 0x00, 0x03, 0x00, 0x03,
    0x00, 0x42, 0xFF, 0xFF, 0x42, 0x00, 0x03, 0x00, 0x00, 0x00, 0x00, 0x00, 0x00, 0x00, 0x00, 0x00, 0x01, 0x00, 0x26, 0x73, 0xFE, 0xFE, 0x73, 0x26,
    0x00, 0x01, 0x03, 0x00, 0x42, 0xFF, 0xFF, 0x42, 0x00, 0x03, 0x00, 0x03, 0x00, 0x42, 0xFF, 0xFF, 0x42, 0x00, 0x03, 0x00, 0x00, 0x00, 0x00, 0x00,
    0x00, 0x00, 0x00, 0x00, 0x00, 0x06, 0x00, 0x38, 0xFF, 0xFF, 0x38, 0x00, 0x06, 0x00, 0x03, 0x00, 0x42, 0xFF, 0xFF, 0x42, 0x00, 0x03, 0x00, 0x03,
    0x00, 0x42, 0xFF, 0xFF, 0x42, 0x00, 0x03, 0x00, 0x00, 0x00, 0x00, 0x00, 0x00, 0x00, 0x00, 0x00, 0x00, 0x03, 0x02, 0x44, 0xFF, 0xFF, 0x44, 0x02,
    0x03, 0x00, 0x03, 0x00, 0x42, 0xFF, 0xFF, 0x42, 0x00, 0x03, 0x00, 0x03, 0x00, 0x42, 0xFF, 0xFF, 0x42, 0x00, 0x03, 0x00, 0x00, 0x00, 0x00, 0x00,
    0x00, 0x00, 0x00, 0x00, 0x00, 0x03, 0x00, 0x42, 0xFF, 0xFF, 0x42, 0x00, 0x03, 0x00, 0x03, 0x00, 0x42, 0xFF, 0xFF, 0x42, 0x00, 0x03, 0x00, 0x03,
    0x00, 0x42, 0xFF, 0xFF, 0x42, 0x00, 0x03, 0x00, 0x00, 0x00, 0x00, 0x00, 0x00, 0x00, 0x00, 0x00, 0x00, 0x03, 0x00, 0x42, 0xFF, 0xFF, 0x42, 0x00,
    0x03, 0x00, 0x03, 0x00, 0x42, 0xFF, 0xFF, 0x42, 0x00, 0x03, 0x00, 0x03, 0x00, 0x42, 0xFF, 0xFF, 0x42, 0x00, 0x03, 0x00, 0x00, 0x00, 0x00, 0x00,
    0x00, 0x00, 0x00, 0x00, 0x00, 0x03, 0x00, 0x43, 0xFC, 0xFC, 0x43, 0x00, 0x03, 0x00, 0x03, 0x00, 0x43, 0xFC, 0xFC, 0x43, 0x00, 0x03, 0x00, 0x03,
    0x00, 0x43, 0xFC, 0xFC, 0x43, 0x00, 0x03, 0x00, 0x00, 0x00, 0x00, 0x00, 0x00, 0x00, 0x00, 0x00, 0x00, 0x03, 0x00, 0x3E, 0xFF, 0xFF, 0x3E, 0x00,
    0x03, 0x00, 0x03, 0x00, 0x3E, 0xFF, 0xFF, 0x3E, 0x00, 0x03, 0x00, 0x03, 0x00, 0x3E, 0xFF, 0xFF, 0x3E, 0x00, 0x03, 0x00, 0x00, 0x00, 0x00, 0x00,
    0x00, 0x00, 0x00, 0x00, 0x00, 0x01, 0x01, 0x08, 0x97, 0x97, 0x08, 0x01, 0x01, 0x00, 0x01, 0x01, 0x08, 0x97, 0x97, 0x08, 0x01, 0x01, 0x00, 0x01,
    0x01, 0x08, 0x97, 0x97, 0x08, 0x01, 0x01, 0x00, 0x00, 0x00, 0x00, 0x00, 0x00, 0x00, 0x00, 0x00, 0x00, 0x00, 0x00, 0x00, 0x00, 0x00, 0x00, 0x00,
    0x00, 0x00, 0x00, 0x00, 0x00, 0x00, 0x00, 0x00, 0x00, 0x00, 0x00, 0x00, 0x00, 0x00, 0x00, 0x00, 0x00, 0x00, 0x00, 0x00, 0x00, 0x00, 0x00, 0x00,
    0x00, 0x00, 0x00, 0x00, 0x00, 0x00, 0x00, 0x00, 0x03, 0x03, 0x00, 0x00, 0x00, 0x00, 0x00, 0x00, 0x00, 0x03, 0x03, 0x00, 0x00, 0x00, 0x00, 0x00,
    0x00, 0x00, 0x03, 0x03, 0x00, 0x00, 0x00, 0x00, 0x00, 0x00, 0x00, 0x00, 0x00, 0x00, 0x00, 0x00, 0x00, 0x00, 0x00, 0x00, 0x00, 0x00, 0x00, 0x00,
    0x00, 0x00, 0x00, 0x00, 0x00, 0x00, 0x00, 0x00, 0x00, 0x00, 0x00, 0x00, 0x00, 0x00, 0x00, 0x00, 0x00, 0x00, 0x00, 0x00, 0x00, 0x00, 0x00, 0x00,
};
static const lv_image_dsc_t icon_equalizer = {
    .header = { .magic = LV_IMAGE_HEADER_MAGIC, .cf = LV_COLOR_FORMAT_A8, .w = 36, .h = 36, .stride = 36 },
    .data_size = sizeof(icon_equalizer_map),
    .data = icon_equalizer_map,
};

static const uint8_t icon_filter_map[] = {
    0x00, 0x00, 0x00, 0x00, 0x00, 0x00, 0x00, 0x00, 0x00, 0x00, 0x00, 0x00, 0x00, 0x00, 0x00, 0x00, 0x00, 0x00, 0x00, 0x00, 0x00, 0x00, 0x00, 0x00,
    0x00, 0x00, 0x00, 0x00, 0x00, 0x00, 0x00, 0x00, 0x00, 0x00, 0x00, 0x00, 0x00, 0x00, 0x00, 0x00, 0x00, 0x00, 0x00, 0x00, 0x00, 0x00, 0x00, 0x00,
    0x00, 0x00, 0x00, 0x00, 0x00, 0x00, 0x00, 0x00, 0x00, 0x00, 0x00, 0x00, 0x00, 0x00, 0x00, 0x00, 0x00, 0x00, 0x00, 0x00, 0x00, 0x00, 0x00, 0x00,
    0x00, 0x00, 0x00, 0x00, 0x00, 0x00, 0x00, 0x00, 0x00, 0x00, 0x00, 0x00, 0x00, 0x00, 0x00, 0x00, 0x00, 0x00, 0x00, 0x00, 0x00, 0x00, 0x00, 0x00,
    0x00, 0x00, 0x00, 0x00, 0x00, 0x00, 0x00, 0x00, 0x00, 0x00, 0x00, 0x00, 0x00, 0x00, 0x00, 0x00, 0x00, 0x00, 0x00, 0x00, 0x00, 0x00, 0x00, 0x00,
    0x00, 0x00, 0x00, 0x00, 0x00, 0x00, 0x00, 0x00, 0x00, 0x00, 0x00, 0x00, 0x00, 0x00, 0x00, 0x00, 0x00, 0x00, 0x00, 0x00, 0x00, 0x00, 0x00, 0x00,
    0x00, 0x00, 0x00, 0x00, 0x00, 0x00, 0x00, 0x00, 0x00, 0x00, 0x00, 0x00, 0x00, 0x00, 0x00, 0x00, 0x00, 0x00, 0x00, 0x00, 0x00, 0x00, 0x00, 0x00,
    0x00, 0x00, 0x00, 0x00, 0x00, 0x00, 0x00, 0x00, 0x00, 0x00, 0x00, 0x00, 0x00, 0x00, 0x00, 0x00, 0x00, 0x00, 0x00, 0x00, 0x00, 0x00, 0x00, 0x00,
    0x00, 0x00, 0x00, 0x00, 0x00, 0x00, 0x00, 0x00, 0x00, 0x00, 0x00, 0x00, 0x00, 0x00, 0x00, 0x00, 0x00, 0x00, 0x00, 0x00, 0x00, 0x00, 0x00, 0x00,
    0x00, 0x00, 0x00, 0x00, 0x00, 0x00, 0x00, 0x00, 0x00, 0x00, 0x00, 0x00, 0x00, 0x00, 0x00, 0x00, 0x00, 0x00, 0x00, 0x00, 0x00, 0x00, 0x00, 0x00,
    0x00, 0x00, 0x00, 0x00, 0x00, 0x00, 0x00, 0x00, 0x00, 0x00, 0x00, 0x00, 0x00, 0x00, 0x00, 0x00, 0x00, 0x00, 0x00, 0x00, 0x00, 0x00, 0x00, 0x00,
    0x00, 0x00, 0x00, 0x00, 0x00, 0x00, 0x00, 0x00, 0x00, 0x00, 0x00, 0x00, 0x00, 0x00, 0x00, 0x00, 0x00, 0x00, 0x00, 0x00, 0x00, 0x00, 0x00, 0x00,
    0x00, 0x00, 0x02, 0x03, 0x03, 0x03, 0x03, 0x03, 0x03, 0x03, 0x03, 0x03, 0x03, 0x03, 0x03, 0x03, 0x03, 0x03, 0x02, 0x00, 0x00, 0x00, 0x00, 0x00,
    0x00, 0x00, 0x00, 0x00, 0x00, 0x00, 0x00, 0x00, 0x00, 0x00, 0x00, 0x00, 0x00, 0x01, 0x00, 0x00, 0x00, 0x00, 0x00, 0x00, 0x00, 0x00, 0x00, 0x00,
    0x00, 0x00, 0x00, 0x00, 0x00, 0x00, 0x00, 0x02, 0x03, 0x00, 0x00, 0x00, 0x00, 0x00, 0x00, 0x00, 0x00, 0x00, 0x00, 0x00, 0x00, 0x00, 0x00, 0x00,
    0x01, 0x00, 0x22, 0x42, 0x41, 0x42, 0x42, 0x42, 0x42, 0x42, 0x42, 0x42, 0x42, 0x42, 0x42, 0x42, 0x41, 0x40, 0x1C, 0x00, 0x00, 0x02, 0x00, 0x00,
    0x00, 0x00, 0x00, 0x00, 0x00, 0x00, 0x00, 0x00, 0x00, 0x00, 0x00, 0x00, 0x00, 0x28, 0xF4, 0xFF, 0xFF, 0xFF, 0xFF, 0xFF, 0xFF, 0xFF, 0xFF, 0xFF,
    0xFF, 0xFF, 0xFF, 0xFF, 0xFF, 0xFF, 0xEF, 0xBC, 0x4E, 0x00, 0x02, 0x01, 0x00, 0x00, 0x00, 0x00, 0x00, 0x00, 0x00, 0x00, 0x00, 0x00, 0x00, 0x00,
    0x00, 0x28, 0xF4, 0xFF, 0xFF, 0xFF, 0xFF, 0xFF, 0xFF, 0xFF, 0xFF, 0xFF, 0xFF, 0xFF, 0xFF, 0xFF, 0xFF, 0xFF, 0xFF, 0xFF, 0xFF, 0x8B, 0x00, 0x03,
    0x00, 0x00, 0x00, 0x00, 0x00, 0x00, 0x00, 0x00, 0x00, 0x00, 0x00, 0x00, 0x01, 0x00, 0x22, 0x42, 0x41, 0x42, 0x42, 0x42, 0x42, 0x42, 0x42, 0x42,
    0x42, 0x42, 0x42, 0x42, 0x42, 0x5C, 0x8E, 0xEA, 0xFF, 0xFF, 0x7F, 0x00, 0x03, 0x00, 0x00, 0x00, 0x00, 0x00, 0x00, 0x00, 0x00, 0x00, 0x00, 0x00,
    0x00, 0x01, 0x00, 0x00, 0x00, 0x00, 0x00, 0x00, 0x00, 0x00, 0x00, 0x00, 0x00, 0x00, 0x00, 0x00, 0x00, 0x00, 0x00, 0x22, 0xD8, 0xFF, 0xFF, 0x39,
    0x00, 0x03, 0x00, 0x00, 0x00, 0x00, 0x00, 0x00, 0x00, 0x00, 0x00, 0x00, 0x00, 0x00, 0x02, 0x03, 0x03, 0x03, 0x03, 0x03, 0x03, 0x03, 0x03, 0x03,
    0x03, 0x03, 0x03, 0x03, 0x03, 0x04, 0x06, 0x00, 0x29, 0xF3, 0xFE, 0xC2, 0x03, 0x02, 0x00, 0x00, 0x00, 0x00, 0x00, 0x00, 0x00, 0x00, 0x00, 0x00,
    0x00, 0x00, 0x00, 0x00, 0x00, 0x00, 0x00, 0x00, 0x00, 0x00, 0x00, 0x00, 0x00, 0x00, 0x00, 0x00, 0x00, 0x00, 0x00, 0x05, 0x00, 0x8C, 0xFF, 0xFF,
    0x3D, 0x00, 0x03, 0x00, 0x00, 0x00, 0x00, 0x00, 0x00, 0x00, 0x00, 0x00, 0x00, 0x00, 0x00, 0x00, 0x00, 0x00, 0x00, 0x00, 0x00, 0x00, 0x00, 0x00,
    0x00, 0x00, 0x00, 0x00, 0x00, 0x00, 0x00, 0x02, 0x01, 0x1D, 0xF4, 0xFE, 0xA6, 0x00, 0x03, 0x00, 0x00, 0x00, 0x00, 0x00, 0x00, 0x00, 0x00, 0x00,
    0x00, 0x00, 0x00, 0x00, 0x00, 0x00, 0x00, 0x00, 0x00, 0x00, 0x00, 0x00, 0x00, 0x00, 0x00, 0x00, 0x00, 0x00, 0x00, 0x00, 0x03, 0x00, 0xB2, 0xFE,
    0xF0, 0x16, 0x00, 0x01, 0x00, 0x00, 0x00, 0x00, 0x00, 0x00, 0x00, 0x00, 0x00, 0x00, 0x00, 0x00, 0x00, 0x00, 0x00, 0x00, 0x00, 0x00, 0x00, 0x00,
    0x00, 0x00, 0x00, 0x00, 0x00, 0x00, 0x00, 0x00, 0x04, 0x01, 0x5E, 0xFF, 0xFF, 0x5F, 0x01, 0x04, 0x00, 0x00, 0x00, 0x00, 0x00, 0x00, 0x00, 0x00,
    0x00, 0x00, 0x00, 0x00, 0x00, 0x00, 0x00, 0x00, 0x00, 0x00, 0x00, 0x00, 0x00, 0x00, 0x00, 0x00, 0x00, 0x00, 0x00, 0x00, 0x01, 0x00, 0x16, 0xF0,
    0xFE, 0xAB, 0x00, 0x03, 0x00, 0x00, 0x00, 0x00, 0x00, 0x00, 0x00, 0x00, 0x00, 0x00, 0x00, 0x00, 0x00, 0x00, 0x00, 0x00, 0x00, 0x00, 0x00, 0x00,
    0x00, 0x00, 0x00, 0x00, 0x00, 0x00, 0x00, 0x00, 0x00, 0x03, 0x00, 0xB1, 0xFE, 0xEC, 0x10, 0x00, 0x01, 0x00, 0x00, 0x00, 0x00, 0x00, 0x00, 0x00,
    0x00, 0x00, 0x00, 0x00, 0x00, 0x00, 0x00, 0x00, 0x00, 0x00, 0x00, 0x00, 0x00, 0x00, 0x00, 0x00, 0x00, 0x00, 0x00, 0x00, 0x00, 0x04, 0x01, 0x57,
    0xFF, 0xFF, 0x5E, 0x00, 0x04, 0x00, 0x00, 0x00, 0x00, 0x00, 0x00, 0x00, 0x00, 0x00, 0x00, 0x00, 0x00, 0x00, 0x00, 0x00, 0x00, 0x00, 0x00, 0x00,
    0x00, 0x00, 0x00, 0x00, 0x00, 0x00, 0x00, 0x00, 0x00, 0x01, 0x00, 0x11, 0xEC, 0xFE, 0xC0, 0x00, 0x02, 0x00, 0x00, 0x00, 0x00, 0x00, 0x00, 0x00,
    0x00, 0x00, 0x00, 0x00, 0x00, 0x00, 0x00, 0x00, 0x00, 0x00, 0x00, 0x00, 0x00, 0x00, 0x00, 0x00, 0x00, 0x00, 0x00, 0x00, 0x00, 0x00, 0x03, 0x00,
    0x98, 0xFF, 0xFE, 0x34, 0x00, 0x03, 0x00, 0x00, 0x00, 0x00, 0x00, 0x00, 0x00, 0x00, 0x00, 0x00, 0x00, 0x00, 0x00, 0x00, 0x00, 0x00, 0x00, 0x00,
    0x00, 0x00, 0x00, 0x00, 0x00, 0x00, 0x00, 0x00, 0x00, 0x00, 0x02, 0x01, 0x2F, 0xFA, 0xFE, 0xB8, 0x00, 0x05, 0x01, 0x00, 0x00, 0x00, 0x00, 0x00,
    0x00, 0x00, 0x02, 0x03, 0x03, 0x03, 0x03, 0x03, 0x03, 0x03, 0x03, 0x03, 0x03, 0x03, 0x03, 0x03, 0x03, 0x03, 0x03, 0x03, 0x03, 0x03, 0x03, 0x07,
    0x01, 0x9F, 0xFF, 0xFF, 0x63, 0x00, 0x03, 0x04, 0x03, 0x02, 0x00, 0x00, 0x00, 0x01, 0x00, 0x00, 0x00, 0x00, 0x00, 0x00, 0x00, 0x00, 0x00, 0x00,
    0x00, 0x00, 0x00, 0x00, 0x00, 0x00, 0x00, 0x00, 0x00, 0x00, 0x00, 0x00, 0x00, 0x0C, 0xDA, 0xFE, 0xFC, 0x66, 0x00, 0x00, 0x00, 0x00, 0x01, 0x00,
    0x01, 0x00, 0x22, 0x42, 0x41, 0x42, 0x42, 0x42, 0x42, 0x42, 0x42, 0x42, 0x42, 0x42, 0x42, 0x42, 0x42, 0x42, 0x42, 0x42, 0x42, 0x42, 0x42, 0x41,
    0x44, 0x3E, 0x7E, 0xFD, 0xFD, 0xFF, 0xC4, 0x6B, 0x45, 0x22, 0x00, 0x01, 0x00, 0x28, 0xF4, 0xFF, 0xFF, 0xFF, 0xFF, 0xFF, 0xFF, 0xFF, 0xFF, 0xFF,
    0xFF, 0xFF, 0xFF, 0xFF, 0xFF, 0xFF, 0xFF, 0xFF, 0xFF, 0xFF, 0xFF, 0xFF, 0xFF, 0xFF, 0xFF, 0xFC, 0xFD, 0xFB, 0xFF, 0xFF, 0xFF, 0xF4, 0x28, 0x00,
    0x00, 0x28, 0xF4, 0xFF, 0xFF, 0xFF, 0xFF, 0xFF, 0xFF, 0xFF, 0xFF, 0xFF, 0xFF, 0xFF, 0xFF, 0xFF, 0xFF, 0xFF, 0xFF, 0xFF, 0xFF, 0xFF, 0xFF, 0xFF,
    0xFF, 0xFF, 0xFF, 0xFF, 0xFF, 0xFF, 0xFF, 0xFF, 0xFF, 0xF4, 0x28, 0x00, 0x01, 0x00, 0x22, 0x42, 0x41, 0x42, 0x42, 0x42, 0x42, 0x42, 0x42, 0x42,
    0x42, 0x42, 0x42, 0x42, 0x42, 0x42, 0x42, 0x42, 0x42, 0x42, 0x42, 0x42, 0x42, 0x42, 0x42, 0x42, 0x42, 0x42, 0x42, 0x41, 0x42, 0x22, 0x00, 0x01,
    0x00, 0x01, 0x00, 0x00, 0x00, 0x00, 0x00, 0x00, 0x00, 0x00, 0x00, 0x00, 0x00, 0x00, 0x00, 0x00, 0x00, 0x00, 0x00, 0x00, 0x00, 0x00, 0x00, 0x00,
    0x00, 0x00, 0x00, 0x00, 0x00, 0x00, 0x00, 0x00, 0x00, 0x00, 0x01, 0x00, 0x00, 0x00, 0x02, 0x03, 0x03, 0x03, 0x03, 0x03, 0x03, 0x03, 0x03, 0x03,
    0x03, 0x03, 0x03, 0x03, 0x03, 0x03, 0x03, 0x03, 0x03, 0x03, 0x03, 0x03, 0x03, 0x03, 0x03, 0x03, 0x03, 0x03, 0x03, 0x03, 0x03, 0x02, 0x00, 0x00,
    0x00, 0x00, 0x00, 0x00, 0x00, 0x00, 0x00, 0x00, 0x00, 0x00, 0x00, 0x00, 0x00, 0x00, 0x00, 0x00, 0x00, 0x00, 0x00, 0x00, 0x00, 0x00, 0x00, 0x00,
    0x00, 0x00, 0x00, 0x00, 0x00, 0x00, 0x00, 0x00, 0x00, 0x00, 0x00, 0x00, 0x00, 0x00, 0x00, 0x00, 0x00, 0x00, 0x00, 0x00, 0x00, 0x00, 0x00, 0x00,
    0x00, 0x00, 0x00, 0x00, 0x00, 0x00, 0x00, 0x00, 0x00, 0x00, 0x00, 0x00, 0x00, 0x00, 0x00, 0x00, 0x00, 0x00, 0x00, 0x00, 0x00, 0x00, 0x00, 0x00,
};
static const lv_image_dsc_t icon_filter = {
    .header = { .magic = LV_IMAGE_HEADER_MAGIC, .cf = LV_COLOR_FORMAT_A8, .w = 36, .h = 36, .stride = 36 },
    .data_size = sizeof(icon_filter_map),
    .data = icon_filter_map,
};

static const uint8_t icon_wah_map[] = {
    0x00, 0x00, 0x00, 0x00, 0x00, 0x00, 0x00, 0x00, 0x00, 0x00, 0x00, 0x00, 0x00, 0x00, 0x00, 0x00, 0x00, 0x00, 0x00, 0x00, 0x00, 0x00, 0x00, 0x00,
    0x00, 0x00, 0x00, 0x00, 0x00, 0x00, 0x00, 0x00, 0x00, 0x00, 0x00, 0x00, 0x00, 0x00, 0x00, 0x00, 0x00, 0x00, 0x00, 0x00, 0x00, 0x00, 0x00, 0x00,
    0x00, 0x00, 0x00, 0x00, 0x00, 0x00, 0x00, 0x00, 0x00, 0x00, 0x00, 0x00, 0x00, 0x00, 0x00, 0x00, 0x00, 0x00, 0x00, 0x00, 0x00, 0x00, 0x00, 0x00,
    0x00, 0x00, 0x00, 0x00, 0x00, 0x00, 0x00, 0x00, 0x00, 0x00, 0x00, 0x00, 0x00, 0x00, 0x00, 0x00, 0x00, 0x00, 0x00, 0x00, 0x00, 0x00, 0x00, 0x00,
    0x00, 0x00, 0x00, 0x00, 0x00, 0x00, 0x00, 0x00, 0x00, 0x00, 0x00, 0x00, 0x00, 0x00, 0x00, 0x00, 0x00, 0x00, 0x00, 0x00, 0x00, 0x00, 0x00, 0x00,
    0x00, 0x00, 0x00, 0x00, 0x00, 0x00, 0x00, 0x00, 0x00, 0x00, 0x00, 0x00, 0x00, 0x00, 0x00, 0x00, 0x00, 0x00, 0x00, 0x00, 0x00, 0x00, 0x00, 0x00,
    0x00, 0x00, 0x00, 0x00, 0x00, 0x00, 0x00, 0x00, 0x00, 0x00, 0x00, 0x00, 0x00, 0x00, 0x00, 0x00, 0x00, 0x00, 0x00, 0x00, 0x00, 0x00, 0x00, 0x00,
    0x00, 0x00, 0x00, 0x00, 0x00, 0x00, 0x00, 0x00, 0x00, 0x00, 0x00, 0x00, 0x00, 0x00, 0x00, 0x00, 0x00, 0x00, 0x00, 0x00, 0x00, 0x00, 0x00, 0x00,
    0x00, 0x00, 0x00, 0x00, 0x00, 0x00, 0x00, 0x00, 0x00, 0x00, 0x00, 0x00, 0x00, 0x00, 0x00, 0x00, 0x00, 0x00, 0x00, 0x00, 0x00, 0x00, 0x00, 0x00,
    0x00, 0x00, 0x00, 0x00, 0x00, 0x00, 0x00, 0x00, 0x00, 0x00, 0x00, 0x00, 0x00, 0x00, 0x00, 0x00, 0x00, 0x00, 0x00, 0x00, 0x00, 0x00, 0x00, 0x00,
    0x00, 0x00, 0x00, 0x00, 0x00, 0x00, 0x00, 0x00, 0x00, 0x00, 0x00, 0x00, 0x00, 0x00, 0x00, 0x00, 0x00, 0x00, 0x00, 0x00, 0x00, 0x00, 0x00, 0x00,
    0x00, 0x00, 0x00, 0x00, 0x00, 0x00, 0x00, 0x00, 0x00, 0x00, 0x00, 0x00, 0x00, 0x00, 0x00, 0x00, 0x00, 0x00, 0x00, 0x00, 0x00, 0x00, 0x00, 0x00,
    0x00, 0x00, 0x00, 0x00, 0x00, 0x00, 0x00, 0x00, 0x00, 0x00, 0x00, 0x00, 0x00, 0x00, 0x00, 0x00, 0x00, 0x00, 0x00, 0x00, 0x00, 0x00, 0x00, 0x00,
    0x00, 0x00, 0x00, 0x01, 0x03, 0x01, 0x00, 0x00, 0x00, 0x00, 0x00, 0x00, 0x00, 0x00, 0x00, 0x00, 0x00, 0x00, 0x00, 0x00, 0x00, 0x00, 0x00, 0x00,
    0x00, 0x00, 0x00, 0x00, 0x00, 0x00, 0x00, 0x00, 0x00, 0x00, 0x00, 0x00, 0x00, 0x01, 0x03, 0x00, 0x00, 0x00, 0x00, 0x00, 0x00, 0x00, 0x00, 0x00,
    0x00, 0x00, 0x00, 0x00, 0x00, 0x00, 0x00, 0x00, 0x00, 0x00, 0x00, 0x00, 0x00, 0x00, 0x00, 0x00, 0x00, 0x00, 0x00, 0x00, 0x00, 0x00, 0x00, 0x01,
    0x03, 0x00, 0x00, 0x06, 0x3A, 0x03, 0x00, 0x01, 0x00, 0x00, 0x00, 0x00, 0x00, 0x00, 0x00, 0x00, 0x00, 0x00, 0x00, 0x00, 0x00, 0x00, 0x00, 0x00,
    0x00, 0x00, 0x00, 0x00, 0x00, 0x00, 0x00, 0x00, 0x00, 0x01, 0x03, 0x00, 0x00, 0x06, 0x61, 0xD2, 0xFF, 0x91, 0x00, 0x03, 0x00, 0x00, 0x00, 0x00,
    0x00, 0x00, 0x00, 0x00, 0x00, 0x00, 0x00, 0x00, 0x00, 0x00, 0x00, 0x00, 0x00, 0x00, 0x00, 0x00, 0x00, 0x00, 0x00, 0x01, 0x03, 0x00, 0x00, 0x06,
    0x61, 0xD1, 0xFF, 0xFF, 0xFE, 0xBD, 0x00, 0x02, 0x00, 0x00, 0x00, 0x00, 0x00, 0x00, 0x00, 0x00, 0x00, 0x00, 0x00, 0x00, 0x00, 0x00, 0x00, 0x00,
    0x00, 0x00, 0x00, 0x00, 0x00, 0x01, 0x03, 0x00, 0x00, 0x06, 0x61, 0xD1, 0xFF, 0xFF, 0xFF, 0xF9, 0xFF, 0x9B, 0x00, 0x04, 0x00, 0x00, 0x00, 0x00,
    0x00, 0x00, 0x00, 0x00, 0x00, 0x00, 0x00, 0x00, 0x00, 0x00, 0x00, 0x00, 0x00, 0x00, 0x00, 0x01, 0x03, 0x00, 0x00, 0x06, 0x61, 0xD1, 0xFF, 0xFF,
    0xFF, 0xD0, 0x6B, 0xE7, 0xFF, 0x86, 0x00, 0x04, 0x00, 0x00, 0x00, 0x00, 0x00, 0x00, 0x00, 0x00, 0x00, 0x00, 0x00, 0x00, 0x00, 0x00, 0x00, 0x00,
    0x00, 0x01, 0x03, 0x00, 0x00, 0x06, 0x61, 0xD1, 0xFF, 0xFF, 0xFF, 0xD1, 0x62, 0x04, 0x0D, 0xF4, 0xFF, 0x6E, 0x00, 0x04, 0x00, 0x00, 0x00, 0x00,
    0x00, 0x00, 0x00, 0x00, 0x00, 0x00, 0x00, 0x00, 0x00, 0x00, 0x00, 0x01, 0x03, 0x00, 0x00, 0x06, 0x61, 0xD1, 0xFF, 0xFF, 0xFF, 0xD1, 0x61, 0x06,
    0x00, 0x00, 0x33, 0xFD, 0xFF, 0x58, 0x00, 0x04, 0x00, 0x00, 0x00, 0x00, 0x00, 0x00, 0x00, 0x00, 0x00, 0x00, 0x00, 0x00, 0x00, 0x01, 0x03, 0x00,
    0x00, 0x06, 0x61, 0xD1, 0xFF, 0xFF, 0xFF, 0xD1, 0x61, 0x06, 0x00, 0x00, 0x07, 0x01, 0x43, 0xFF, 0xFF, 0x43, 0x00, 0x03, 0x00, 0x00, 0x00, 0x00,
    0x00, 0x00, 0x00, 0x00, 0x00, 0x00, 0x00, 0x01, 0x03, 0x00, 0x00, 0x06, 0x61, 0xD1, 0xFF, 0xFF, 0xFF, 0xD1, 0x61, 0x06, 0x00, 0x00, 0x03, 0x01,
    0x04, 0x00, 0x58, 0xFF, 0xFD, 0x2F, 0x00, 0x02, 0x00, 0x00, 0x00, 0x00, 0x00, 0x00, 0x00, 0x00, 0x00, 0x00, 0x02, 0x00, 0x00, 0x06, 0x61, 0xD1,
    0xFF, 0xFF, 0xFF, 0xD1, 0x61, 0x06, 0x00, 0x00, 0x03, 0x01, 0x00, 0x00, 0x04, 0x00, 0x6F, 0xFF, 0xF5, 0x1E, 0x00, 0x02, 0x00, 0x00, 0x00, 0x00,
    0x00, 0x00, 0x00, 0x00, 0x00, 0x01, 0x00, 0x06, 0x62, 0xD1, 0xFF, 0xFF, 0xFF, 0xD1, 0x61, 0x06, 0x00, 0x00, 0x03, 0x01, 0x00, 0x00, 0x00, 0x00,
    0x04, 0x00, 0x85, 0xFF, 0xE7, 0x0F, 0x00, 0x01, 0x00, 0x00, 0x00, 0x00, 0x00, 0x00, 0x00, 0x00, 0x02, 0x01, 0x3E, 0xD4, 0xFF, 0xFF, 0xFF, 0xD1,
    0x61, 0x06, 0x00, 0x00, 0x03, 0x01, 0x00, 0x00, 0x00, 0x00, 0x00, 0x00, 0x04, 0x00, 0x9C, 0xFF, 0xD7, 0x01, 0x00, 0x01, 0x00, 0x00, 0x00, 0x00,
    0x00, 0x00, 0x00, 0x00, 0x03, 0x00, 0xC0, 0xFF, 0xF7, 0xD0, 0x61, 0x06, 0x00, 0x00, 0x03, 0x01, 0x00, 0x00, 0x00, 0x00, 0x00, 0x00, 0x00, 0x00,
    0x03, 0x00, 0xB1, 0xFF, 0xC5, 0x00, 0x01, 0x00, 0x00, 0x00, 0x00, 0x00, 0x00, 0x00, 0x00, 0x00, 0x04, 0x00, 0x90, 0xFD, 0xF6, 0x1E, 0x00, 0x01,
    0x03, 0x01, 0x00, 0x00, 0x00, 0x00, 0x00, 0x00, 0x00, 0x00, 0x00, 0x00, 0x01, 0x00, 0xC5, 0xFF, 0xB1, 0x00, 0x03, 0x00, 0x00, 0x00, 0x00, 0x00,
    0x00, 0x00, 0x00, 0x00, 0x04, 0x00, 0x50, 0xFF, 0xFF, 0x50, 0x04, 0x04, 0x00, 0x00, 0x00, 0x00, 0x00, 0x00, 0x00, 0x00, 0x00, 0x00, 0x00, 0x01,
    0x00, 0x02, 0xD7, 0xFF, 0x9C, 0x00, 0x04, 0x00, 0x00, 0x00, 0x00, 0x00, 0x00, 0x00, 0x00, 0x00, 0x02, 0x03, 0x1D, 0xF4, 0xFF, 0x8F, 0x02, 0x06,
    0x02, 0x02, 0x02, 0x02, 0x02, 0x02, 0x02, 0x02, 0x02, 0x02, 0x02, 0x03, 0x02, 0x10, 0xE7, 0xFF, 0x87, 0x02, 0x07, 0x00, 0x00, 0x00, 0x00, 0x00,
    0x00, 0x00, 0x00, 0x00, 0x00, 0x00, 0x00, 0xC2, 0xFF, 0xC9, 0x00, 0x00, 0x00, 0x00, 0x00, 0x00, 0x00, 0x00, 0x00, 0x00, 0x00, 0x00, 0x00, 0x00,
    0x00, 0x16, 0xF5, 0xFF, 0x67, 0x00, 0x00, 0x00, 0x00, 0x00, 0x00, 0x00, 0x00, 0x00, 0x01, 0x01, 0x09, 0x8E, 0xBA, 0xE1, 0xFC, 0xF7, 0xBD, 0xBA,
    0xBA, 0xBA, 0xBA, 0xBA, 0xBA, 0xBA, 0xBA, 0xBA, 0xBA, 0xBA, 0xBA, 0xBB, 0xBA, 0xC6, 0xFC, 0xFC, 0xCF, 0xBA, 0x8E, 0x09, 0x01, 0x01, 0x00, 0x00,
    0x00, 0x00, 0x03, 0x00, 0x3B, 0xFF, 0xFF, 0xFF, 0xFF, 0xFF, 0xFF, 0xFF, 0xFF, 0xFF, 0xFF, 0xFF, 0xFF, 0xFF, 0xFF, 0xFF, 0xFF, 0xFF, 0xFF, 0xFF,
    0xFF, 0xFF, 0xFF, 0xFF, 0xFF, 0xFF, 0xFF, 0x3B, 0x00, 0x03, 0x00, 0x00, 0x00, 0x00, 0x01, 0x01, 0x09, 0x8D, 0xBA, 0xBA, 0xBD, 0xBD, 0xBA, 0xBA,
    0xBA, 0xBA, 0xBA, 0xBA, 0xBA, 0xBA, 0xBA, 0xBA, 0xBA, 0xBA, 0xBA, 0xBA, 0xBA, 0xBB, 0xBD, 0xBD, 0xBA, 0xBA, 0x8D, 0x09, 0x01, 0x01, 0x00, 0x00,
    0x00, 0x00, 0x00, 0x00, 0x00, 0x00, 0x00, 0x00, 0x00, 0x00, 0x00, 0x00, 0x00, 0x00, 0x00, 0x00, 0x00, 0x00, 0x00, 0x00, 0x00, 0x00, 0x00, 0x00,
    0x00, 0x00, 0x00, 0x00, 0x00, 0x00, 0x00, 0x00, 0x00, 0x00, 0x00, 0x00, 0x00, 0x00, 0x00, 0x00, 0x00, 0x03, 0x02, 0x02, 0x02, 0x02, 0x02, 0x02,
    0x02, 0x02, 0x02, 0x02, 0x02, 0x02, 0x02, 0x02, 0x02, 0x02, 0x02, 0x02, 0x02, 0x02, 0x02, 0x02, 0x02, 0x02, 0x03, 0x00, 0x00, 0x00, 0x00, 0x00,
    0x00, 0x00, 0x00, 0x00, 0x00, 0x00, 0x00, 0x00, 0x00, 0x00, 0x00, 0x00, 0x00, 0x00, 0x00, 0x00, 0x00, 0x00, 0x00, 0x00, 0x00, 0x00, 0x00, 0x00,
    0x00, 0x00, 0x00, 0x00, 0x00, 0x00, 0x00, 0x00, 0x00, 0x00, 0x00, 0x00, 0x00, 0x00, 0x00, 0x00, 0x00, 0x00, 0x00, 0x00, 0x00, 0x00, 0x00, 0x00,
    0x00, 0x00, 0x00, 0x00, 0x00, 0x00, 0x00, 0x00, 0x00, 0x00, 0x00, 0x00, 0x00, 0x00, 0x00, 0x00, 0x00, 0x00, 0x00, 0x00, 0x00, 0x00, 0x00, 0x00,
    0x00, 0x00, 0x00, 0x00, 0x00, 0x00, 0x00, 0x00, 0x00, 0x00, 0x00, 0x00, 0x00, 0x00, 0x00, 0x00, 0x00, 0x00, 0x00, 0x00, 0x00, 0x00, 0x00, 0x00,
    0x00, 0x00, 0x00, 0x00, 0x00, 0x00, 0x00, 0x00, 0x00, 0x00, 0x00, 0x00, 0x00, 0x00, 0x00, 0x00, 0x00, 0x00, 0x00, 0x00, 0x00, 0x00, 0x00, 0x00,
    0x00, 0x00, 0x00, 0x00, 0x00, 0x00, 0x00, 0x00, 0x00, 0x00, 0x00, 0x00, 0x00, 0x00, 0x00, 0x00, 0x00, 0x00, 0x00, 0x00, 0x00, 0x00, 0x00, 0x00,
};
static const lv_image_dsc_t icon_wah = {
    .header = { .magic = LV_IMAGE_HEADER_MAGIC, .cf = LV_COLOR_FORMAT_A8, .w = 36, .h = 36, .stride = 36 },
    .data_size = sizeof(icon_wah_map),
    .data = icon_wah_map,
};

static const uint8_t icon_utility_map[] = {
    0x00, 0x00, 0x00, 0x00, 0x00, 0x00, 0x00, 0x00, 0x00, 0x00, 0x00, 0x00, 0x00, 0x00, 0x00, 0x00, 0x00, 0x00, 0x00, 0x00, 0x00, 0x00, 0x00, 0x00,
    0x00, 0x00, 0x00, 0x00, 0x00, 0x00, 0x00, 0x00, 0x00, 0x00, 0x00, 0x00, 0x00, 0x00, 0x00, 0x00, 0x00, 0x00, 0x00, 0x00, 0x00, 0x00, 0x00, 0x00,
    0x00, 0x00, 0x00, 0x00, 0x00, 0x00, 0x00, 0x00, 0x00, 0x00, 0x00, 0x00, 0x00, 0x00, 0x00, 0x00, 0x00, 0x00, 0x00, 0x00, 0x00, 0x00, 0x00, 0x00,
    0x00, 0x00, 0x00, 0x00, 0x00, 0x00, 0x00, 0x00, 0x00, 0x00, 0x00, 0x00, 0x00, 0x00, 0x00, 0x00, 0x00, 0x00, 0x00, 0x00, 0x00, 0x00, 0x00, 0x00,
    0x00, 0x00, 0x00, 0x00, 0x00, 0x00, 0x00, 0x00, 0x00, 0x00, 0x00, 0x00, 0x00, 0x00, 0x00, 0x00, 0x00, 0x00, 0x00, 0x00, 0x00, 0x00, 0x00, 0x00,
    0x00, 0x00, 0x00, 0x00, 0x00, 0x00, 0x00, 0x00, 0x00, 0x00, 0x00, 0x00, 0x00, 0x00, 0x00, 0x00, 0x00, 0x00, 0x00, 0x00, 0x00, 0x00, 0x00, 0x00,
    0x00, 0x00, 0x00, 0x00, 0x00, 0x00, 0x00, 0x00, 0x00, 0x00, 0x00, 0x00, 0x00, 0x00, 0x00, 0x00, 0x00, 0x00, 0x00, 0x00, 0x03, 0x03, 0x02, 0x03,
    0x03, 0x00, 0x00, 0x00, 0x00, 0x00, 0x00, 0x00, 0x00, 0x00, 0x00, 0x00, 0x00, 0x00, 0x00, 0x00, 0x00, 0x00, 0x00, 0x00, 0x00, 0x00, 0x00, 0x00,
    0x00, 0x00, 0x00, 0x00, 0x00, 0x00, 0x00, 0x02, 0x00, 0x00, 0x00, 0x00, 0x00, 0x02, 0x00, 0x00, 0x00, 0x00, 0x00, 0x00, 0x00, 0x00, 0x00, 0x00,
    0x00, 0x00, 0x00, 0x00, 0x00, 0x00, 0x00, 0x00, 0x00, 0x00, 0x00, 0x00, 0x00, 0x00, 0x00, 0x00, 0x00, 0x00, 0x02, 0x00, 0x40, 0xA8, 0xB9, 0xA8,
    0x40, 0x00, 0x02, 0x00, 0x00, 0x00, 0x00, 0x00, 0x00, 0x00, 0x00, 0x00, 0x00, 0x00, 0x00, 0x02, 0x02, 0x02, 0x02, 0x02, 0x02, 0x02, 0x02, 0x02,
    0x02, 0x02, 0x02, 0x02, 0x02, 0x05, 0x00, 0x7A, 0xFF, 0xFF, 0xFF, 0xFF, 0xFF, 0x7A, 0x00, 0x05, 0x02, 0x02, 0x02, 0x02, 0x02, 0x00, 0x00, 0x00,
    0x00, 0x00, 0x00, 0x00, 0x00, 0x00, 0x00, 0x00, 0x00, 0x00, 0x00, 0x00, 0x00, 0x00, 0x00, 0x00, 0x00, 0x00, 0x3C, 0xFF, 0xFF, 0xF2, 0xC8, 0xF2,
    0xFF, 0xFF, 0x3C, 0x00, 0x00, 0x00, 0x00, 0x00, 0x00, 0x00, 0x00, 0x00, 0x00, 0x02, 0x00, 0x3D, 0xB5, 0xB9, 0xBA, 0xBA, 0xBA, 0xBA, 0xBA, 0xBA,
    0xBA, 0xBA, 0xBA, 0xBA, 0xBB, 0xBA, 0xE3, 0xFD, 0xF0, 0x37, 0x00, 0x37, 0xF0, 0xFD, 0xE3, 0xBA, 0xBB, 0xBA, 0xB9, 0xB5, 0x3D, 0x00, 0x02, 0x00,
    0x00, 0x03, 0x00, 0xC4, 0xFF, 0xFF, 0xFF, 0xFF, 0xFF, 0xFF, 0xFF, 0xFF, 0xFF, 0xFF, 0xFF, 0xFF, 0xFF, 0xFF, 0xFF, 0xFE, 0xC7, 0x00, 0x04, 0x00,
    0xC7, 0xFE, 0xFF, 0xFF, 0xFF, 0xFF, 0xFF, 0xFF, 0xC4, 0x00, 0x03, 0x00, 0x00, 0x02, 0x00, 0x3D, 0xB5, 0xB9, 0xBA, 0xBA, 0xBA, 0xBA, 0xBA, 0xBA,
    0xBA, 0xBA, 0xBA, 0xBA, 0xBB, 0xBA, 0xE3, 0xFD, 0xF0, 0x37, 0x00, 0x37, 0xF0, 0xFD, 0xE3, 0xBA, 0xBB, 0xBA, 0xB9, 0xB5, 0x3D, 0x00, 0x02, 0x00,
    0x00, 0x00, 0x00, 0x00, 0x00, 0x00, 0x00, 0x00, 0x00, 0x00, 0x00, 0x00, 0x00, 0x00, 0x00, 0x00, 0x00, 0x00, 0x3C, 0xFF, 0xFF, 0xF2, 0xC8, 0xF2,
    0xFF, 0xFF, 0x3C, 0x00, 0x00, 0x00, 0x00, 0x00, 0x00, 0x00, 0x00, 0x00, 0x00, 0x00, 0x00, 0x02, 0x02, 0x02, 0x02, 0x02, 0x02, 0x02, 0x02, 0x02,
    0x02, 0x02, 0x02, 0x02, 0x02, 0x05, 0x00, 0x7A, 0xFF, 0xFF, 0xFF, 0xFF, 0xFF, 0x7A, 0x00, 0x05, 0x02, 0x02, 0x02, 0x02, 0x02, 0x00, 0x00, 0x00,
    0x00, 0x00, 0x00, 0x00, 0x00, 0x00, 0x00, 0x00, 0x00, 0x00, 0x00, 0x00, 0x00, 0x00, 0x00, 0x00, 0x00, 0x00, 0x02, 0x00, 0x40, 0xA8, 0xB9, 0xA8,
    0x40, 0x00, 0x02, 0x00, 0x00, 0x00, 0x00, 0x00, 0x00, 0x00, 0x00, 0x00, 0x00, 0x00, 0x00, 0x00, 0x00, 0x00, 0x00, 0x00, 0x00, 0x00, 0x00, 0x00,
    0x00, 0x00, 0x00, 0x00, 0x00, 0x00, 0x00, 0x02, 0x00, 0x00, 0x00, 0x00, 0x00, 0x02, 0x00, 0x00, 0x00, 0x00, 0x00, 0x00, 0x00, 0x00, 0x00, 0x00,
    0x00, 0x00, 0x00, 0x00, 0x00, 0x00, 0x00, 0x00, 0x00, 0x00, 0x00, 0x00, 0x00, 0x00, 0x00, 0x00, 0x00, 0x00, 0x00, 0x00, 0x03, 0x03, 0x02, 0x03,
    0x03, 0x00, 0x00, 0x00, 0x00, 0x00, 0x00, 0x00, 0x00, 0x00, 0x00, 0x00, 0x00, 0x00, 0x00, 0x00, 0x00, 0x00, 0x00, 0x00, 0x00, 0x00, 0x00, 0x00,
    0x00, 0x00, 0x00, 0x00, 0x00, 0x00, 0x00, 0x00, 0x00, 0x00, 0x00, 0x00, 0x00, 0x00, 0x00, 0x00, 0x00, 0x00, 0x00, 0x00, 0x00, 0x00, 0x00, 0x00,
    0x00, 0x00, 0x00, 0x00, 0x00, 0x00, 0x00, 0x00, 0x00, 0x00, 0x00, 0x00, 0x00, 0x00, 0x00, 0x00, 0x00, 0x00, 0x00, 0x00, 0x00, 0x00, 0x00, 0x00,
    0x00, 0x00, 0x00, 0x00, 0x00, 0x00, 0x00, 0x00, 0x00, 0x00, 0x00, 0x00, 0x00, 0x00, 0x00, 0x00, 0x00, 0x00, 0x00, 0x00, 0x00, 0x00, 0x00, 0x03,
    0x03, 0x02, 0x03, 0x03, 0x00, 0x00, 0x00, 0x00, 0x00, 0x00, 0x00, 0x00, 0x00, 0x00, 0x00, 0x00, 0x00, 0x00, 0x00, 0x00, 0x00, 0x00, 0x00, 0x00,
    0x00, 0x00, 0x00, 0x00, 0x00, 0x00, 0x00, 0x00, 0x00, 0x00, 0x02, 0x00, 0x00, 0x00, 0x00, 0x00, 0x02, 0x00, 0x00, 0x00, 0x00, 0x00, 0x00, 0x00,
    0x00, 0x00, 0x00, 0x00, 0x00, 0x00, 0x00, 0x00, 0x00, 0x00, 0x00, 0x00, 0x00, 0x00, 0x00, 0x00, 0x00, 0x00, 0x00, 0x00, 0x00, 0x02, 0x00, 0x40,
    0xA8, 0xB9, 0xA8, 0x40, 0x00, 0x02, 0x00, 0x00, 0x00, 0x00, 0x00, 0x00, 0x00, 0x00, 0x00, 0x00, 0x00, 0x00, 0x00, 0x00, 0x00, 0x00, 0x00, 0x00,
    0x00, 0x00, 0x00, 0x02, 0x02, 0x02, 0x02, 0x02, 0x05, 0x00, 0x7A, 0xFF, 0xFF, 0xFF, 0xFF, 0xFF, 0x7A, 0x00, 0x05, 0x02, 0x02, 0x02, 0x02, 0x02,
    0x02, 0x02, 0x02, 0x02, 0x02, 0x02, 0x02, 0x02, 0x02, 0x00, 0x00, 0x00, 0x00, 0x00, 0x00, 0x00, 0x00, 0x00, 0x00, 0x00, 0x00, 0x3C, 0xFF, 0xFF,
    0xF2, 0xC8, 0xF2, 0xFF, 0xFF, 0x3C, 0x00, 0x00, 0x00, 0x00, 0x00, 0x00, 0x00, 0x00, 0x00, 0x00, 0x00, 0x00, 0x00, 0x00, 0x00, 0x00, 0x00, 0x00,
    0x00, 0x02, 0x00, 0x3D, 0xB5, 0xB9, 0xBA, 0xBB, 0xBA, 0xE3, 0xFD, 0xF0, 0x37, 0x00, 0x37, 0xF0, 0xFD, 0xE3, 0xBA, 0xBB, 0xBA, 0xBA, 0xBA, 0xBA,
    0xBA, 0xBA, 0xBA, 0xBA, 0xBA, 0xBA, 0xB9, 0xB5, 0x3D, 0x00, 0x02, 0x00, 0x00, 0x03, 0x00, 0xC4, 0xFF, 0xFF, 0xFF, 0xFF, 0xFF, 0xFF, 0xFE, 0xC7,
    0x00, 0x04, 0x00, 0xC7, 0xFE, 0xFF, 0xFF, 0xFF, 0xFF, 0xFF, 0xFF, 0xFF, 0xFF, 0xFF, 0xFF, 0xFF, 0xFF, 0xFF, 0xFF, 0xFF, 0xC4, 0x00, 0x03, 0x00,
    0x00, 0x02, 0x00, 0x3D, 0xB5, 0xB9, 0xBA, 0xBB, 0xBA, 0xE3, 0xFD, 0xF0, 0x37, 0x00, 0x37, 0xF0, 0xFD, 0xE3, 0xBA, 0xBB, 0xBA, 0xBA, 0xBA, 0xBA,
    0xBA, 0xBA, 0xBA, 0xBA, 0xBA, 0xBA, 0xB9, 0xB5, 0x3D, 0x00, 0x02, 0x00, 0x00, 0x00, 0x00, 0x00, 0x00, 0x00, 0x00, 0x00, 0x00, 0x3C, 0xFF, 0xFF,
    0xF2, 0xC8, 0xF2, 0xFF, 0xFF, 0x3C, 0x00, 0x00, 0x00, 0x00, 0x00, 0x00, 0x00, 0x00, 0x00, 0x00, 0x00, 0x00, 0x00, 0x00, 0x00, 0x00, 0x00, 0x00,
    0x00, 0x00, 0x00, 0x02, 0x02, 0x02, 0x02, 0x02, 0x05, 0x00, 0x7A, 0xFF, 0xFF, 0xFF, 0xFF, 0xFF, 0x7A, 0x00, 0x05, 0x02, 0x02, 0x02, 0x02, 0x02,
    0x02, 0x02, 0x02, 0x02, 0x02, 0x02, 0x02, 0x02, 0x02, 0x00, 0x00, 0x00, 0x00, 0x00, 0x00, 0x00, 0x00, 0x00, 0x00, 0x00, 0x00, 0x02, 0x00, 0x40,
    0xA8, 0xB9, 0xA8, 0x40, 0x00, 0x02, 0x00, 0x00, 0x00, 0x00, 0x00, 0x00, 0x00, 0x00, 0x00, 0x00, 0x00, 0x00, 0x00, 0x00, 0x00, 0x00, 0x00, 0x00,
    0x00, 0x00, 0x00, 0x00, 0x00, 0x00, 0x00, 0x00, 0x00, 0x00, 0x02, 0x00, 0x00, 0x00, 0x00, 0x00, 0x02, 0x00, 0x00, 0x00, 0x00, 0x00, 0x00, 0x00,
    0x00, 0x00, 0x00, 0x00, 0x00, 0x00, 0x00, 0x00, 0x00, 0x00, 0x00, 0x00, 0x00, 0x00, 0x00, 0x00, 0x00, 0x00, 0x00, 0x00, 0x00, 0x00, 0x00, 0x03,
    0x03, 0x02, 0x03, 0x03, 0x00, 0x00, 0x00, 0x00, 0x00, 0x00, 0x00, 0x00, 0x00, 0x00, 0x00, 0x00, 0x00, 0x00, 0x00, 0x00, 0x00, 0x00, 0x00, 0x00,
    0x00, 0x00, 0x00, 0x00, 0x00, 0x00, 0x00, 0x00, 0x00, 0x00, 0x00, 0x00, 0x00, 0x00, 0x00, 0x00, 0x00, 0x00, 0x00, 0x00, 0x00, 0x00, 0x00, 0x00,
    0x00, 0x00, 0x00, 0x00, 0x00, 0x00, 0x00, 0x00, 0x00, 0x00, 0x00, 0x00, 0x00, 0x00, 0x00, 0x00, 0x00, 0x00, 0x00, 0x00, 0x00, 0x00, 0x00, 0x00,
    0x00, 0x00, 0x00, 0x00, 0x00, 0x00, 0x00, 0x00, 0x00, 0x00, 0x00, 0x00, 0x00, 0x00, 0x00, 0x00, 0x00, 0x00, 0x00, 0x00, 0x00, 0x00, 0x00, 0x00,
    0x00, 0x00, 0x00, 0x00, 0x00, 0x00, 0x00, 0x00, 0x00, 0x00, 0x00, 0x00, 0x00, 0x00, 0x00, 0x00, 0x00, 0x00, 0x00, 0x00, 0x00, 0x00, 0x00, 0x00,
    0x00, 0x00, 0x00, 0x00, 0x00, 0x00, 0x00, 0x00, 0x00, 0x00, 0x00, 0x00, 0x00, 0x00, 0x00, 0x00, 0x00, 0x00, 0x00, 0x00, 0x00, 0x00, 0x00, 0x00,
    0x00, 0x00, 0x00, 0x00, 0x00, 0x00, 0x00, 0x00, 0x00, 0x00, 0x00, 0x00, 0x00, 0x00, 0x00, 0x00, 0x00, 0x00, 0x00, 0x00, 0x00, 0x00, 0x00, 0x00,
};
static const lv_image_dsc_t icon_utility = {
    .header = { .magic = LV_IMAGE_HEADER_MAGIC, .cf = LV_COLOR_FORMAT_A8, .w = 36, .h = 36, .stride = 36 },
    .data_size = sizeof(icon_utility_map),
    .data = icon_utility_map,
};

static const uint8_t icon_gate_map[] = {
    0x00, 0x00, 0x00, 0x00, 0x00, 0x00, 0x00, 0x00, 0x00, 0x00, 0x00, 0x00, 0x00, 0x00, 0x00, 0x00, 0x00, 0x00, 0x00, 0x00, 0x00, 0x00, 0x00, 0x00,
    0x00, 0x00, 0x00, 0x00, 0x00, 0x00, 0x00, 0x00, 0x00, 0x00, 0x00, 0x00, 0x00, 0x00, 0x00, 0x00, 0x00, 0x00, 0x00, 0x00, 0x00, 0x00, 0x00, 0x00,
    0x00, 0x00, 0x00, 0x00, 0x00, 0x00, 0x00, 0x00, 0x00, 0x00, 0x00, 0x00, 0x00, 0x00, 0x00, 0x00, 0x00, 0x00, 0x00, 0x00, 0x00, 0x00, 0x00, 0x00,
    0x00, 0x00, 0x00, 0x00, 0x00, 0x00, 0x00, 0x00, 0x00, 0x00, 0x00, 0x00, 0x00, 0x00, 0x00, 0x00, 0x00, 0x00, 0x00, 0x00, 0x00, 0x00, 0x00, 0x00,
    0x00, 0x00, 0x00, 0x00, 0x00, 0x00, 0x00, 0x00, 0x00, 0x00, 0x00, 0x00, 0x00, 0x00, 0x00, 0x00, 0x00, 0x00, 0x00, 0x00, 0x00, 0x00, 0x00, 0x00,
    0x00, 0x00, 0x00, 0x00, 0x00, 0x00, 0x00, 0x00, 0x00, 0x00, 0x00, 0x00, 0x00, 0x00, 0x00, 0x00, 0x00, 0x00, 0x00, 0x00, 0x00, 0x00, 0x00, 0x00,
    0x00, 0x00, 0x00, 0x00, 0x00, 0x00, 0x00, 0x00, 0x00, 0x00, 0x00, 0x00, 0x00, 0x00, 0x00, 0x00, 0x00, 0x00, 0x00, 0x00, 0x00, 0x00, 0x00, 0x00,
    0x00, 0x00, 0x00, 0x00, 0x00, 0x00, 0x00, 0x00, 0x00, 0x00, 0x00, 0x00, 0x00, 0x00, 0x00, 0x00, 0x00, 0x00, 0x00, 0x00, 0x00, 0x00, 0x00, 0x00,
    0x00, 0x00, 0x00, 0x01, 0x03, 0x00, 0x00, 0x03, 0x01, 0x00, 0x00, 0x00, 0x00, 0x00, 0x00, 0x00, 0x00, 0x00, 0x00, 0x00, 0x00, 0x00, 0x00, 0x00,
    0x00, 0x00, 0x00, 0x00, 0x00, 0x00, 0x00, 0x00, 0x00, 0x00, 0x00, 0x00, 0x00, 0x00, 0x00, 0x00, 0x00, 0x00, 0x00, 0x00, 0x00, 0x00, 0x00, 0x00,
    0x00, 0x00, 0x00, 0x00, 0x00, 0x00, 0x00, 0x00, 0x00, 0x00, 0x00, 0x00, 0x00, 0x00, 0x00, 0x00, 0x00, 0x00, 0x00, 0x00, 0x00, 0x00, 0x00, 0x00,
    0x00, 0x01, 0x00, 0x03, 0x3A, 0x01, 0x01, 0x3A, 0x03, 0x00, 0x01, 0x00, 0x00, 0x00, 0x00, 0x00, 0x00, 0x00, 0x00, 0x00, 0x00, 0x00, 0x00, 0x00,
    0x00, 0x00, 0x00, 0x00, 0x00, 0x00, 0x00, 0x00, 0x00, 0x00, 0x00, 0x00, 0x00, 0x03, 0x00, 0x8D, 0xFF, 0x7F, 0x7F, 0xFF, 0x8D, 0x00, 0x03, 0x00,
    0x00, 0x00, 0x00, 0x00, 0x00, 0x00, 0x00, 0x00, 0x00, 0x00, 0x00, 0x00, 0x00, 0x00, 0x00, 0x01, 0x02, 0x00, 0x03, 0x00, 0x00, 0x00, 0x00, 0x00,
    0x00, 0x02, 0x00, 0xC1, 0xFE, 0xB7, 0xB7, 0xFE, 0xC1, 0x00, 0x02, 0x00, 0x01, 0x02, 0x00, 0x03, 0x00, 0x00, 0x00, 0x00, 0x00, 0x00, 0x00, 0x00,
    0x00, 0x00, 0x00, 0x00, 0x00, 0x00, 0x00, 0x01, 0x00, 0x00, 0x00, 0x00, 0x00, 0x02, 0x00, 0xB8, 0xFF, 0xAD, 0xAD, 0xFF, 0xB8, 0x00, 0x02, 0x00,
    0x00, 0x00, 0x00, 0x00, 0x01, 0x00, 0x00, 0x00, 0x00, 0x00, 0x00, 0x00, 0x00, 0x01, 0x02, 0x0C, 0xAC, 0xD6, 0x55, 0x00, 0x02, 0x00, 0x00, 0x00,
    0x00, 0x02, 0x00, 0xBA, 0xFF, 0xAF, 0xAF, 0xFF, 0xBA, 0x00, 0x03, 0x02, 0x0C, 0xAC, 0xD6, 0x55, 0x00, 0x02, 0x00, 0x00, 0x00, 0x00, 0x00, 0x00,
    0x00, 0x03, 0x00, 0xA1, 0xFF, 0xFF, 0xFD, 0x2C, 0x01, 0x02, 0x00, 0x00, 0x00, 0x02, 0x00, 0xBA, 0xFF, 0xAF, 0xAF, 0xFF, 0xBA, 0x00, 0x05, 0x00,
    0xA1, 0xFF, 0xFF, 0xFD, 0x2C, 0x01, 0x02, 0x00, 0x00, 0x00, 0x00, 0x00, 0x02, 0x00, 0x2C, 0xFF, 0xFC, 0xFD, 0xFF, 0xA7, 0x00, 0x03, 0x00, 0x00,
    0x00, 0x02, 0x00, 0xBA, 0xFF, 0xAF, 0xAF, 0xFF, 0xBA, 0x00, 0x00, 0x2C, 0xFF, 0xFC, 0xFD, 0xFF, 0xA7, 0x00, 0x03, 0x00, 0x00, 0x00, 0x00, 0x00,
    0x05, 0x01, 0x7B, 0xFF, 0xF3, 0xE5, 0xFE, 0xEA, 0x0D, 0x00, 0x01, 0x02, 0x03, 0x05, 0x03, 0xBB, 0xFF, 0xB0, 0xB0, 0xFF, 0xBB, 0x03, 0x03, 0x7B,
    0xFF, 0xF3, 0xE5, 0xFE, 0xEA, 0x0D, 0x00, 0x01, 0x02, 0x02, 0x00, 0x00, 0x02, 0x00, 0xBE, 0xFF, 0xC7, 0x69, 0xFF, 0xFF, 0x43, 0x00, 0x04, 0x00,
    0x00, 0x00, 0x00, 0xB6, 0xFF, 0xAB, 0xAB, 0xFF, 0xB7, 0x00, 0x00, 0xBC, 0xFF, 0xC7, 0x69, 0xFF, 0xFF, 0x43, 0x00, 0x04, 0x00, 0x00, 0x01, 0x00,
    0x00, 0x0B, 0xE5, 0xFE, 0x93, 0x13, 0xFD, 0xFF, 0x78, 0x00, 0x00, 0x22, 0x42, 0x42, 0x42, 0xCC, 0xFF, 0xC4, 0xC4, 0xFF, 0xCD, 0x42, 0x48, 0xE5,
    0xFE, 0x93, 0x13, 0xFD, 0xFF, 0x78, 0x00, 0x00, 0x27, 0x27, 0x00, 0x01, 0x00, 0x37, 0xFF, 0xFF, 0x69, 0x00, 0xDD, 0xFF, 0xAB, 0x01, 0x24, 0xF1,
    0xFF, 0xFF, 0xFF, 0xFF, 0xFF, 0xFF, 0xFF, 0xFF, 0xFF, 0xFF, 0xFF, 0xFB, 0xFF, 0x69, 0x00, 0xDD, 0xFF, 0xAB, 0x01, 0x24, 0xF5, 0xF5, 0x25, 0x01,
    0x01, 0x25, 0xF5, 0xF5, 0x24, 0x01, 0xAB, 0xFF, 0xDD, 0x00, 0x69, 0xFF, 0xFB, 0xFF, 0xFF, 0xFF, 0xFF, 0xFF, 0xFF, 0xFF, 0xFF, 0xFF, 0xFF, 0xFF,
    0xF1, 0x24, 0x01, 0xAB, 0xFF, 0xDD, 0x00, 0x69, 0xFF, 0xFF, 0x37, 0x00, 0x01, 0x00, 0x27, 0x27, 0x00, 0x00, 0x78, 0xFF, 0xFD, 0x13, 0x93, 0xFE,
    0xE5, 0x48, 0x42, 0xCD, 0xFF, 0xC4, 0xC4, 0xFF, 0xCC, 0x42, 0x42, 0x42, 0x22, 0x00, 0x00, 0x78, 0xFF, 0xFD, 0x13, 0x93, 0xFE, 0xE5, 0x0B, 0x00,
    0x00, 0x01, 0x00, 0x00, 0x04, 0x00, 0x43, 0xFF, 0xFF, 0x69, 0xC7, 0xFF, 0xBC, 0x00, 0x00, 0xB7, 0xFF, 0xAB, 0xAB, 0xFF, 0xB6, 0x00, 0x00, 0x00,
    0x00, 0x04, 0x00, 0x43, 0xFF, 0xFF, 0x69, 0xC7, 0xFF, 0xBE, 0x00, 0x02, 0x00, 0x00, 0x02, 0x02, 0x01, 0x00, 0x0D, 0xEA, 0xFE, 0xE5, 0xF3, 0xFF,
    0x7B, 0x03, 0x03, 0xBB, 0xFF, 0xB0, 0xB0, 0xFF, 0xBB, 0x03, 0x05, 0x03, 0x02, 0x01, 0x00, 0x0D, 0xEA, 0xFE, 0xE5, 0xF3, 0xFF, 0x7B, 0x01, 0x05,
    0x00, 0x00, 0x00, 0x00, 0x00, 0x03, 0x00, 0xA7, 0xFF, 0xFD, 0xFC, 0xFF, 0x2C, 0x00, 0x00, 0xBA, 0xFF, 0xAF, 0xAF, 0xFF, 0xBA, 0x00, 0x02, 0x00,
    0x00, 0x00, 0x03, 0x00, 0xA7, 0xFF, 0xFD, 0xFC, 0xFF, 0x2C, 0x00, 0x02, 0x00, 0x00, 0x00, 0x00, 0x00, 0x02, 0x01, 0x2C, 0xFD, 0xFF, 0xFF, 0xA1,
    0x00, 0x05, 0x00, 0xBA, 0xFF, 0xAF, 0xAF, 0xFF, 0xBA, 0x00, 0x02, 0x00, 0x00, 0x00, 0x02, 0x01, 0x2C, 0xFD, 0xFF, 0xFF, 0xA1, 0x00, 0x03, 0x00,
    0x00, 0x00, 0x00, 0x00, 0x00, 0x00, 0x02, 0x00, 0x55, 0xD6, 0xAC, 0x0C, 0x02, 0x03, 0x00, 0xBA, 0xFF, 0xAF, 0xAF, 0xFF, 0xBA, 0x00, 0x02, 0x00,
    0x00, 0x00, 0x00, 0x02, 0x00, 0x55, 0xD6, 0xAC, 0x0C, 0x02, 0x01, 0x00, 0x00, 0x00, 0x00, 0x00, 0x00, 0x00, 0x00, 0x01, 0x00, 0x00, 0x00, 0x00,
    0x00, 0x02, 0x00, 0xB8, 0xFF, 0xAD, 0xAD, 0xFF, 0xB8, 0x00, 0x02, 0x00, 0x00, 0x00, 0x00, 0x00, 0x01, 0x00, 0x00, 0x00, 0x00, 0x00, 0x00, 0x00,
    0x00, 0x00, 0x00, 0x00, 0x00, 0x00, 0x00, 0x00, 0x03, 0x00, 0x02, 0x01, 0x00, 0x02, 0x00, 0xC1, 0xFE, 0xB7, 0xB7, 0xFE, 0xC1, 0x00, 0x02, 0x00,
    0x00, 0x00, 0x00, 0x00, 0x00, 0x03, 0x00, 0x02, 0x01, 0x00, 0x00, 0x00, 0x00, 0x00, 0x00, 0x00, 0x00, 0x00, 0x00, 0x00, 0x00, 0x00, 0x00, 0x00,
    0x00, 0x03, 0x00, 0x8D, 0xFF, 0x7F, 0x7F, 0xFF, 0x8D, 0x00, 0x03, 0x00, 0x00, 0x00, 0x00, 0x00, 0x00, 0x00, 0x00, 0x00, 0x00, 0x00, 0x00, 0x00,
    0x00, 0x00, 0x00, 0x00, 0x00, 0x00, 0x00, 0x00, 0x00, 0x00, 0x00, 0x00, 0x00, 0x01, 0x00, 0x03, 0x3A, 0x01, 0x01, 0x3A, 0x03, 0x00, 0x01, 0x00,
    0x00, 0x00, 0x00, 0x00, 0x00, 0x00, 0x00, 0x00, 0x00, 0x00, 0x00, 0x00, 0x00, 0x00, 0x00, 0x00, 0x00, 0x00, 0x00, 0x00, 0x00, 0x00, 0x00, 0x00,
    0x00, 0x00, 0x00, 0x00, 0x00, 0x00, 0x00, 0x00, 0x00, 0x00, 0x00, 0x00, 0x00, 0x00, 0x00, 0x00, 0x00, 0x00, 0x00, 0x00, 0x00, 0x00, 0x00, 0x00,
    0x00, 0x00, 0x00, 0x00, 0x00, 0x00, 0x00, 0x00, 0x00, 0x00, 0x00, 0x00, 0x00, 0x00, 0x00, 0x01, 0x03, 0x00, 0x00, 0x03, 0x01, 0x00, 0x00, 0x00,
    0x00, 0x00, 0x00, 0x00, 0x00, 0x00, 0x00, 0x00, 0x00, 0x00, 0x00, 0x00, 0x00, 0x00, 0x00, 0x00, 0x00, 0x00, 0x00, 0x00, 0x00, 0x00, 0x00, 0x00,
    0x00, 0x00, 0x00, 0x00, 0x00, 0x00, 0x00, 0x00, 0x00, 0x00, 0x00, 0x00, 0x00, 0x00, 0x00, 0x00, 0x00, 0x00, 0x00, 0x00, 0x00, 0x00, 0x00, 0x00,
    0x00, 0x00, 0x00, 0x00, 0x00, 0x00, 0x00, 0x00, 0x00, 0x00, 0x00, 0x00, 0x00, 0x00, 0x00, 0x00, 0x00, 0x00, 0x00, 0x00, 0x00, 0x00, 0x00, 0x00,
    0x00, 0x00, 0x00, 0x00, 0x00, 0x00, 0x00, 0x00, 0x00, 0x00, 0x00, 0x00, 0x00, 0x00, 0x00, 0x00, 0x00, 0x00, 0x00, 0x00, 0x00, 0x00, 0x00, 0x00,
    0x00, 0x00, 0x00, 0x00, 0x00, 0x00, 0x00, 0x00, 0x00, 0x00, 0x00, 0x00, 0x00, 0x00, 0x00, 0x00, 0x00, 0x00, 0x00, 0x00, 0x00, 0x00, 0x00, 0x00,
    0x00, 0x00, 0x00, 0x00, 0x00, 0x00, 0x00, 0x00, 0x00, 0x00, 0x00, 0x00, 0x00, 0x00, 0x00, 0x00, 0x00, 0x00, 0x00, 0x00, 0x00, 0x00, 0x00, 0x00,
    0x00, 0x00, 0x00, 0x00, 0x00, 0x00, 0x00, 0x00, 0x00, 0x00, 0x00, 0x00, 0x00, 0x00, 0x00, 0x00, 0x00, 0x00, 0x00, 0x00, 0x00, 0x00, 0x00, 0x00,
    0x00, 0x00, 0x00, 0x00, 0x00, 0x00, 0x00, 0x00, 0x00, 0x00, 0x00, 0x00, 0x00, 0x00, 0x00, 0x00, 0x00, 0x00, 0x00, 0x00, 0x00, 0x00, 0x00, 0x00,
};
static const lv_image_dsc_t icon_gate = {
    .header = { .magic = LV_IMAGE_HEADER_MAGIC, .cf = LV_COLOR_FORMAT_A8, .w = 36, .h = 36, .stride = 36 },
    .data_size = sizeof(icon_gate_map),
    .data = icon_gate_map,
};

static const uint8_t icon_doubler_map[] = {
    0x00, 0x00, 0x00, 0x00, 0x00, 0x00, 0x00, 0x00, 0x00, 0x00, 0x00, 0x00, 0x00, 0x00, 0x00, 0x00, 0x00, 0x00, 0x00, 0x00, 0x00, 0x00, 0x00, 0x00,
    0x00, 0x00, 0x00, 0x00, 0x00, 0x00, 0x00, 0x00, 0x00, 0x00, 0x00, 0x00, 0x00, 0x00, 0x00, 0x00, 0x00, 0x00, 0x00, 0x00, 0x00, 0x00, 0x00, 0x00,
    0x00, 0x00, 0x00, 0x00, 0x00, 0x00, 0x00, 0x00, 0x00, 0x00, 0x00, 0x00, 0x00, 0x00, 0x00, 0x00, 0x00, 0x00, 0x00, 0x00, 0x00, 0x00, 0x00, 0x00,
    0x00, 0x00, 0x00, 0x00, 0x00, 0x00, 0x00, 0x00, 0x00, 0x00, 0x00, 0x00, 0x00, 0x00, 0x00, 0x00, 0x00, 0x00, 0x00, 0x00, 0x00, 0x00, 0x00, 0x00,
    0x00, 0x00, 0x00, 0x00, 0x00, 0x00, 0x00, 0x00, 0x00, 0x00, 0x00, 0x00, 0x00, 0x00, 0x00, 0x00, 0x00, 0x00, 0x00, 0x00, 0x00, 0x00, 0x00, 0x00,
    0x00, 0x00, 0x00, 0x00, 0x00, 0x00, 0x00, 0x00, 0x00, 0x00, 0x00, 0x00, 0x00, 0x00, 0x00, 0x00, 0x00, 0x00, 0x00, 0x00, 0x00, 0x00, 0x00, 0x00,
    0x00, 0x00, 0x00, 0x00, 0x00, 0x00, 0x00, 0x00, 0x01, 0x01, 0x01, 0x00, 0x00, 0x00, 0x00, 0x00, 0x00, 0x00, 0x00, 0x00, 0x00, 0x00, 0x00, 0x00,
    0x00, 0x00, 0x00, 0x00, 0x00, 0x00, 0x00, 0x00, 0x00, 0x00, 0x00, 0x00, 0x00, 0x00, 0x00, 0x00, 0x00, 0x00, 0x01, 0x03, 0x00, 0x00, 0x00, 0x02,
    0x02, 0x00, 0x00, 0x00, 0x00, 0x00, 0x00, 0x00, 0x00, 0x00, 0x00, 0x00, 0x00, 0x00, 0x00, 0x00, 0x00, 0x00, 0x00, 0x00, 0x00, 0x00, 0x00, 0x00,
    0x00, 0x00, 0x00, 0x00, 0x00, 0x02, 0x00, 0x00, 0x01, 0x11, 0x0D, 0x00, 0x00, 0x03, 0x00, 0x00, 0x00, 0x00, 0x00, 0x00, 0x00, 0x00, 0x00, 0x00,
    0x00, 0x00, 0x00, 0x00, 0x00, 0x00, 0x00, 0x00, 0x00, 0x00, 0x00, 0x00, 0x00, 0x00, 0x00, 0x00, 0x02, 0x00, 0x01, 0x76, 0xD2, 0xE8, 0xE3, 0xB0,
    0x31, 0x00, 0x03, 0x00, 0x00, 0x00, 0x00, 0x00, 0x00, 0x00, 0x00, 0x00, 0x00, 0x00, 0x00, 0x00, 0x00, 0x00, 0x00, 0x00, 0x00, 0x00, 0x00, 0x00,
    0x00, 0x00, 0x00, 0x02, 0x00, 0x1D, 0xC4, 0xFF, 0xFF, 0xFF, 0xFF, 0xFF, 0xF6, 0x6F, 0x00, 0x04, 0x00, 0x00, 0x00, 0x00, 0x00, 0x00, 0x00, 0x00,
    0x00, 0x00, 0x00, 0x00, 0x00, 0x00, 0x00, 0x00, 0x00, 0x00, 0x00, 0x00, 0x00, 0x00, 0x02, 0x01, 0x15, 0xDD, 0xFF, 0xFF, 0xD6, 0x85, 0xA7, 0xFA,
    0xFF, 0xFF, 0x78, 0x00, 0x04, 0x00, 0x00, 0x00, 0x00, 0x00, 0x00, 0x00, 0x00, 0x00, 0x00, 0x00, 0x00, 0x00, 0x00, 0x00, 0x00, 0x00, 0x00, 0x00,
    0x00, 0x00, 0x03, 0x00, 0xB2, 0xFF, 0xFF, 0x9D, 0x07, 0x00, 0x00, 0x3F, 0xEA, 0xFF, 0xFE, 0x3B, 0x00, 0x03, 0x00, 0x00, 0x00, 0x00, 0x00, 0x00,
    0x00, 0x00, 0x00, 0x00, 0x00, 0x00, 0x00, 0x00, 0x00, 0x00, 0x00, 0x00, 0x00, 0x03, 0x00, 0x77, 0xFF, 0xFF, 0x9A, 0x00, 0x01, 0x05, 0x05, 0x00,
    0x30, 0xF1, 0xFE, 0xE5, 0x13, 0x02, 0x01, 0x00, 0x00, 0x00, 0x00, 0x00, 0x00, 0x00, 0x00, 0x00, 0x00, 0x02, 0x02, 0x00, 0x00, 0x00, 0x00, 0x00,
    0x02, 0x01, 0x1C, 0xF5, 0xFD, 0xD6, 0x06, 0x02, 0x02, 0x00, 0x01, 0x09, 0x00, 0x65, 0xFF, 0xFF, 0x90, 0x00, 0x03, 0x00, 0x00, 0x00, 0x00, 0x00,
    0x00, 0x00, 0x00, 0x00, 0x01, 0x00, 0x00, 0x01, 0x00, 0x00, 0x00, 0x00, 0x03, 0x00, 0xAA, 0xFF, 0xFE, 0x47, 0x00, 0x04, 0x00, 0x03, 0x00, 0x00,
    0x00, 0x00, 0xB7, 0xFF, 0xFA, 0x31, 0x01, 0x03, 0x00, 0x00, 0x00, 0x00, 0x00, 0x00, 0x00, 0x01, 0x00, 0x27, 0x27, 0x00, 0x01, 0x00, 0x00, 0x00,
    0x00, 0x2E, 0xFF, 0xFF, 0xB1, 0x00, 0x03, 0x00, 0x03, 0x00, 0x11, 0x5E, 0x80, 0x76, 0x6A, 0xF7, 0xFF, 0xB0, 0x00, 0x03, 0x00, 0x00, 0x00, 0x00,
    0x00, 0x00, 0x02, 0x02, 0x2C, 0xF5, 0xF5, 0x28, 0x01, 0x02, 0x00, 0x00, 0x01, 0x27, 0xF5, 0xF5, 0x2C, 0x02, 0x03, 0x03, 0x00, 0x53, 0xE0, 0xFF,
    0xFF, 0xFF, 0xFE, 0xFB, 0xFD, 0xFD, 0x32, 0x00, 0x03, 0x00, 0x00, 0x00, 0x00, 0x00, 0x03, 0x00, 0xB1, 0xFF, 0xFF, 0x2F, 0x00, 0x02, 0x00, 0x00,
    0x01, 0x00, 0x27, 0x27, 0x00, 0x01, 0x03, 0x00, 0x7C, 0xFF, 0xFF, 0xFF, 0xED, 0xFC, 0xFF, 0xFD, 0xFC, 0xFF, 0xC4, 0x00, 0x04, 0x00, 0x00, 0x00,
    0x00, 0x04, 0x00, 0x47, 0xFE, 0xFF, 0xA9, 0x00, 0x03, 0x00, 0x00, 0x00, 0x00, 0x01, 0x00, 0x00, 0x01, 0x03, 0x00, 0x5A, 0xFF, 0xFF, 0xEF, 0x66,
    0x17, 0x33, 0xAE, 0xFF, 0xFC, 0xFC, 0xFF, 0x61, 0x00, 0x06, 0x00, 0x00, 0x02, 0x02, 0x06, 0xD6, 0xFD, 0xF5, 0x1C, 0x01, 0x02, 0x00, 0x00, 0x00,
    0x00, 0x00, 0x02, 0x02, 0x02, 0x01, 0x29, 0xF1, 0xFE, 0xE7, 0x35, 0x00, 0x00, 0x00, 0x00, 0x95, 0xFF, 0xFB, 0xFC, 0xF2, 0x30, 0x00, 0x05, 0x05,
    0x01, 0x00, 0x9A, 0xFF, 0xFF, 0x77, 0x00, 0x03, 0x00, 0x00, 0x00, 0x00, 0x00, 0x00, 0x00, 0x00, 0x03, 0x00, 0xC6, 0xFF, 0xFB, 0x3E, 0x00, 0x06,
    0x01, 0x03, 0x03, 0x00, 0xB6, 0xFF, 0xFB, 0xFF, 0xEB, 0x3F, 0x00, 0x00, 0x07, 0x9D, 0xFF, 0xFF, 0xB2, 0x00, 0x03, 0x01, 0x03, 0x03, 0x00, 0x00,
    0x00, 0x00, 0x00, 0x03, 0x00, 0x5C, 0xFF, 0xFF, 0x93, 0x00, 0x05, 0x00, 0x00, 0x00, 0x03, 0x01, 0x1C, 0xF5, 0xFD, 0xFC, 0xFF, 0xFB, 0xA7, 0x85,
    0xD6, 0xFF, 0xFF, 0xDD, 0x15, 0x01, 0x02, 0x00, 0x00, 0x00, 0x00, 0x00, 0x00, 0x00, 0x01, 0x01, 0x0F, 0xE1, 0xFB, 0xE5, 0x11, 0x02, 0x02, 0x00,
    0x00, 0x00, 0x00, 0x04, 0x00, 0x78, 0xFF, 0xFC, 0xFF, 0xFF, 0xFF, 0xFF, 0xFF, 0xFF, 0xC4, 0x1D, 0x00, 0x02, 0x02, 0x05, 0x97, 0x97, 0x08, 0x01,
    0x00, 0x00, 0x03, 0x00, 0x3D, 0xFF, 0xFF, 0x6D, 0x00, 0x04, 0x00, 0x00, 0x00, 0x00, 0x00, 0x01, 0x02, 0x09, 0xE3, 0xFE, 0xF6, 0xB8, 0xE5, 0xE8,
    0xD2, 0x76, 0x01, 0x00, 0x02, 0x03, 0x00, 0x6D, 0xFF, 0xFF, 0x3C, 0x00, 0x00, 0x00, 0x01, 0x01, 0x08, 0x96, 0x97, 0x04, 0x02, 0x01, 0x00, 0x00,
    0x00, 0x00, 0x00, 0x00, 0x04, 0x00, 0x6F, 0xFF, 0xFD, 0x6C, 0x09, 0x15, 0x01, 0x00, 0x00, 0x02, 0x01, 0x02, 0x11, 0xE5, 0xFB, 0xE2, 0x0F, 0x01,
    0x00, 0x00, 0x00, 0x00, 0x00, 0x00, 0x00, 0x00, 0x00, 0x00, 0x00, 0x00, 0x00, 0x00, 0x00, 0x00, 0x01, 0x02, 0x09, 0xD3, 0xFE, 0xF6, 0x19, 0x00,
    0x02, 0x03, 0x01, 0x00, 0x05, 0x00, 0x93, 0xFF, 0xFF, 0x5C, 0x00, 0x03, 0x00, 0x00, 0x00, 0x00, 0x00, 0x03, 0x03, 0x01, 0x00, 0x00, 0x00, 0x00,
    0x00, 0x00, 0x00, 0x00, 0x00, 0x03, 0x00, 0x48, 0xFF, 0xFF, 0xB6, 0x00, 0x04, 0x03, 0x01, 0x06, 0x00, 0x3E, 0xFB, 0xFF, 0xC6, 0x00, 0x03, 0x00,
    0x00, 0x00, 0x00, 0x00, 0x00, 0x00, 0x00, 0x00, 0x00, 0x00, 0x00, 0x00, 0x00, 0x00, 0x00, 0x00, 0x00, 0x00, 0x03, 0x00, 0x97, 0xFF, 0xFF, 0x95,
    0x00, 0x00, 0x00, 0x00, 0x35, 0xE7, 0xFE, 0xF1, 0x29, 0x01, 0x02, 0x00, 0x00, 0x00, 0x00, 0x00, 0x00, 0x00, 0x00, 0x00, 0x00, 0x00, 0x00, 0x00,
    0x00, 0x00, 0x00, 0x00, 0x00, 0x00, 0x01, 0x02, 0x03, 0xD0, 0xFF, 0xFF, 0xAE, 0x33, 0x17, 0x66, 0xEF, 0xFF, 0xFF, 0x5A, 0x00, 0x03, 0x00, 0x00,
    0x00, 0x00, 0x00, 0x00, 0x00, 0x00, 0x00, 0x00, 0x00, 0x00, 0x00, 0x00, 0x00, 0x00, 0x00, 0x00, 0x00, 0x00, 0x00, 0x02, 0x01, 0x22, 0xD6, 0xFF,
    0xFF, 0xFC, 0xED, 0xFF, 0xFF, 0xFF, 0x7C, 0x00, 0x04, 0x00, 0x00, 0x00, 0x00, 0x00, 0x00, 0x00, 0x00, 0x00, 0x00, 0x00, 0x00, 0x00, 0x00, 0x00,
    0x00, 0x00, 0x00, 0x00, 0x00, 0x00, 0x00, 0x00, 0x02, 0x00, 0x14, 0x9F, 0xFF, 0xFF, 0xFF, 0xFF, 0xE0, 0x53, 0x00, 0x03, 0x00, 0x00, 0x00, 0x00,
    0x00, 0x00, 0x00, 0x00, 0x00, 0x00, 0x00, 0x00, 0x00, 0x00, 0x00, 0x00, 0x00, 0x00, 0x00, 0x00, 0x00, 0x00, 0x00, 0x00, 0x00, 0x02, 0x00, 0x00,
    0x39, 0x76, 0x7E, 0x5E, 0x11, 0x00, 0x03, 0x00, 0x00, 0x00, 0x00, 0x00, 0x00, 0x00, 0x00, 0x00, 0x00, 0x00, 0x00, 0x00, 0x00, 0x00, 0x00, 0x00,
    0x00, 0x00, 0x00, 0x00, 0x00, 0x00, 0x00, 0x00, 0x00, 0x00, 0x01, 0x02, 0x00, 0x00, 0x00, 0x00, 0x00, 0x03, 0x00, 0x00, 0x00, 0x00, 0x00, 0x00,
    0x00, 0x00, 0x00, 0x00, 0x00, 0x00, 0x00, 0x00, 0x00, 0x00, 0x00, 0x00, 0x00, 0x00, 0x00, 0x00, 0x00, 0x00, 0x00, 0x00, 0x00, 0x00, 0x00, 0x00,
    0x03, 0x04, 0x04, 0x04, 0x01, 0x00, 0x00, 0x00, 0x00, 0x00, 0x00, 0x00, 0x00, 0x00, 0x00, 0x00, 0x00, 0x00, 0x00, 0x00, 0x00, 0x00, 0x00, 0x00,
    0x00, 0x00, 0x00, 0x00, 0x00, 0x00, 0x00, 0x00, 0x00, 0x00, 0x00, 0x00, 0x00, 0x00, 0x00, 0x00, 0x00, 0x00, 0x00, 0x00, 0x00, 0x00, 0x00, 0x00,
    0x00, 0x00, 0x00, 0x00, 0x00, 0x00, 0x00, 0x00, 0x00, 0x00, 0x00, 0x00, 0x00, 0x00, 0x00, 0x00, 0x00, 0x00, 0x00, 0x00, 0x00, 0x00, 0x00, 0x00,
    0x00, 0x00, 0x00, 0x00, 0x00, 0x00, 0x00, 0x00, 0x00, 0x00, 0x00, 0x00, 0x00, 0x00, 0x00, 0x00, 0x00, 0x00, 0x00, 0x00, 0x00, 0x00, 0x00, 0x00,
    0x00, 0x00, 0x00, 0x00, 0x00, 0x00, 0x00, 0x00, 0x00, 0x00, 0x00, 0x00, 0x00, 0x00, 0x00, 0x00, 0x00, 0x00, 0x00, 0x00, 0x00, 0x00, 0x00, 0x00,
};
static const lv_image_dsc_t icon_doubler = {
    .header = { .magic = LV_IMAGE_HEADER_MAGIC, .cf = LV_COLOR_FORMAT_A8, .w = 36, .h = 36, .stride = 36 },
    .data_size = sizeof(icon_doubler_map),
    .data = icon_doubler_map,
};

static const uint8_t icon_pitch_map[] = {
    0x00, 0x00, 0x00, 0x00, 0x00, 0x00, 0x00, 0x00, 0x00, 0x00, 0x00, 0x00, 0x00, 0x00, 0x00, 0x00, 0x00, 0x00, 0x00, 0x00, 0x00, 0x00, 0x00, 0x00,
    0x00, 0x00, 0x00, 0x00, 0x00, 0x00, 0x00, 0x00, 0x00, 0x00, 0x00, 0x00, 0x00, 0x00, 0x00, 0x00, 0x00, 0x00, 0x00, 0x00, 0x00, 0x00, 0x00, 0x00,
    0x00, 0x00, 0x00, 0x00, 0x00, 0x00, 0x00, 0x00, 0x00, 0x00, 0x00, 0x00, 0x01, 0x02, 0x04, 0x04, 0x03, 0x02, 0x00, 0x00, 0x00, 0x00, 0x00, 0x00,
    0x00, 0x00, 0x00, 0x00, 0x00, 0x00, 0x00, 0x00, 0x00, 0x00, 0x00, 0x00, 0x00, 0x00, 0x00, 0x00, 0x00, 0x00, 0x00, 0x01, 0x02, 0x04, 0x04, 0x02,
    0x00, 0x00, 0x00, 0x00, 0x00, 0x00, 0x00, 0x00, 0x00, 0x00, 0x00, 0x00, 0x00, 0x00, 0x00, 0x00, 0x00, 0x00, 0x00, 0x00, 0x00, 0x00, 0x00, 0x00,
    0x00, 0x00, 0x01, 0x02, 0x04, 0x04, 0x02, 0x00, 0x00, 0x00, 0x00, 0x00, 0x09, 0x2B, 0x56, 0x88, 0xB4, 0x3F, 0x00, 0x02, 0x00, 0x00, 0x00, 0x00,
    0x00, 0x00, 0x00, 0x00, 0x00, 0x00, 0x00, 0x00, 0x00, 0x00, 0x00, 0x00, 0x02, 0x02, 0x00, 0x00, 0x00, 0x00, 0x00, 0x09, 0x2B, 0x56, 0x88, 0xB6,
    0xDE, 0xFB, 0xFF, 0xFF, 0xFF, 0xC0, 0x00, 0x03, 0x00, 0x00, 0x00, 0x00, 0x00, 0x00, 0x00, 0x00, 0x00, 0x00, 0x00, 0x00, 0x00, 0x00, 0x00, 0x00,
    0x00, 0x00, 0x0A, 0x2B, 0x56, 0x88, 0xB6, 0xDE, 0xFB, 0xFF, 0xFF, 0xFF, 0xFF, 0xFF, 0xFB, 0xF3, 0xFC, 0xBC, 0x00, 0x02, 0x00, 0x00, 0x00, 0x00,
    0x00, 0x00, 0x00, 0x00, 0x00, 0x00, 0x00, 0x00, 0x00, 0x00, 0x02, 0x00, 0x3E, 0xBD, 0xE0, 0xFB, 0xFF, 0xFF, 0xFF, 0xFF, 0xFF, 0xFB, 0xDE, 0xB6,
    0x88, 0x58, 0x29, 0xBE, 0xFF, 0xBA, 0x00, 0x02, 0x00, 0x00, 0x00, 0x00, 0x00, 0x00, 0x00, 0x00, 0x00, 0x00, 0x00, 0x00, 0x00, 0x00, 0x03, 0x00,
    0xC0, 0xFF, 0xFF, 0xFF, 0xFB, 0xDE, 0xB6, 0x88, 0x56, 0x2B, 0x09, 0x00, 0x00, 0x00, 0x00, 0xB9, 0xFF, 0xBA, 0x00, 0x02, 0x00, 0x00, 0x00, 0x00,
    0x00, 0x00, 0x00, 0x00, 0x00, 0x00, 0x00, 0x00, 0x00, 0x00, 0x02, 0x00, 0xBB, 0xFC, 0xD7, 0x56, 0x2C, 0x09, 0x00, 0x00, 0x00, 0x00, 0x00, 0x02,
    0x04, 0x06, 0x02, 0xBA, 0xFF, 0xBA, 0x00, 0x02, 0x00, 0x00, 0x00, 0x00, 0x00, 0x00, 0x00, 0x00, 0x00, 0x00, 0x00, 0x00, 0x00, 0x00, 0x02, 0x00,
    0xB9, 0xFF, 0xB5, 0x00, 0x00, 0x00, 0x02, 0x04, 0x04, 0x02, 0x01, 0x00, 0x00, 0x02, 0x00, 0xBA, 0xFF, 0xBA, 0x00, 0x02, 0x00, 0x00, 0x00, 0x00,
    0x00, 0x00, 0x00, 0x00, 0x00, 0x00, 0x00, 0x00, 0x00, 0x00, 0x02, 0x00, 0xBA, 0xFF, 0xBB, 0x04, 0x04, 0x01, 0x00, 0x00, 0x00, 0x00, 0x00, 0x00,
    0x00, 0x02, 0x00, 0xBA, 0xFF, 0xBA, 0x00, 0x02, 0x00, 0x00, 0x00, 0x00, 0x00, 0x00, 0x00, 0x00, 0x00, 0x00, 0x00, 0x00, 0x00, 0x00, 0x02, 0x00,
    0xBA, 0xFF, 0xBA, 0x00, 0x02, 0x00, 0x00, 0x00, 0x00, 0x00, 0x00, 0x00, 0x00, 0x02, 0x00, 0xBA, 0xFF, 0xBA, 0x00, 0x02, 0x00, 0x00, 0x00, 0x00,
    0x00, 0x00, 0x00, 0x00, 0x00, 0x00, 0x00, 0x00, 0x00, 0x00, 0x02, 0x00, 0xBA, 0xFF, 0xBA, 0x00, 0x02, 0x00, 0x00, 0x00, 0x00, 0x00, 0x00, 0x00,
    0x00, 0x02, 0x00, 0xBA, 0xFF, 0xBA, 0x00, 0x02, 0x00, 0x00, 0x00, 0x00, 0x00, 0x00, 0x00, 0x00, 0x00, 0x00, 0x00, 0x00, 0x00, 0x00, 0x02, 0x00,
    0xBA, 0xFF, 0xBA, 0x00, 0x02, 0x00, 0x00, 0x00, 0x00, 0x00, 0x00, 0x00, 0x00, 0x02, 0x00, 0xBA, 0xFF, 0xBA, 0x00, 0x02, 0x00, 0x00, 0x00, 0x00,
    0x00, 0x00, 0x00, 0x00, 0x00, 0x00, 0x00, 0x00, 0x00, 0x00, 0x02, 0x00, 0xBA, 0xFF, 0xBA, 0x00, 0x02, 0x00, 0x00, 0x00, 0x00, 0x00, 0x00, 0x00,
    0x00, 0x02, 0x00, 0xBA, 0xFF, 0xBA, 0x00, 0x02, 0x00, 0x00, 0x00, 0x00, 0x00, 0x00, 0x00, 0x00, 0x00, 0x00, 0x00, 0x00, 0x00, 0x00, 0x02, 0x00,
    0xBA, 0xFF, 0xBA, 0x00, 0x02, 0x00, 0x00, 0x00, 0x00, 0x00, 0x00, 0x00, 0x00, 0x02, 0x00, 0xBA, 0xFF, 0xBA, 0x00, 0x02, 0x00, 0x00, 0x00, 0x00,
    0x00, 0x00, 0x00, 0x00, 0x00, 0x00, 0x00, 0x00, 0x00, 0x00, 0x02, 0x00, 0xBA, 0xFF, 0xBA, 0x00, 0x02, 0x00, 0x00, 0x00, 0x00, 0x02, 0x04, 0x02,
    0x02, 0x06, 0x02, 0xBA, 0xFF, 0xBA, 0x00, 0x02, 0x00, 0x00, 0x00, 0x00, 0x00, 0x00, 0x00, 0x00, 0x00, 0x00, 0x00, 0x00, 0x00, 0x00, 0x02, 0x00,
    0xBA, 0xFF, 0xBA, 0x00, 0x02, 0x00, 0x00, 0x00, 0x03, 0x00, 0x00, 0x00, 0x00, 0x00, 0x00, 0xBB, 0xFF, 0xBA, 0x00, 0x02, 0x00, 0x00, 0x00, 0x00,
    0x00, 0x00, 0x00, 0x00, 0x00, 0x00, 0x00, 0x00, 0x00, 0x00, 0x02, 0x00, 0xBA, 0xFF, 0xBA, 0x00, 0x02, 0x00, 0x00, 0x00, 0x00, 0x36, 0x94, 0xB6,
    0xB6, 0x95, 0x30, 0xB4, 0xFF, 0xBA, 0x00, 0x02, 0x00, 0x00, 0x00, 0x00, 0x00, 0x00, 0x00, 0x00, 0x00, 0x00, 0x02, 0x04, 0x02, 0x02, 0x06, 0x02,
    0xBA, 0xFF, 0xBA, 0x00, 0x02, 0x01, 0x03, 0x03, 0x89, 0xFC, 0xFF, 0xFF, 0xFF, 0xFF, 0xF9, 0xED, 0xFF, 0xBD, 0x00, 0x02, 0x00, 0x00, 0x00, 0x00,
    0x00, 0x00, 0x00, 0x00, 0x00, 0x03, 0x00, 0x00, 0x00, 0x00, 0x00, 0x00, 0xBB, 0xFF, 0xBA, 0x00, 0x02, 0x03, 0x00, 0x89, 0xFF, 0xFF, 0xF8, 0xC8,
    0xC8, 0xF8, 0xFF, 0xFE, 0xFF, 0xBD, 0x00, 0x02, 0x00, 0x00, 0x00, 0x00, 0x00, 0x00, 0x00, 0x00, 0x00, 0x00, 0x36, 0x94, 0xB6, 0xB6, 0x95, 0x30,
    0xB4, 0xFF, 0xBA, 0x00, 0x05, 0x00, 0x35, 0xFE, 0xFD, 0xD3, 0x2D, 0x00, 0x00, 0x2D, 0xD3, 0xFE, 0xFF, 0xBD, 0x00, 0x02, 0x00, 0x00, 0x00, 0x00,
    0x00, 0x00, 0x01, 0x03, 0x03, 0x89, 0xFC, 0xFF, 0xFF, 0xFF, 0xFF, 0xF9, 0xED, 0xFF, 0xBD, 0x00, 0x06, 0x00, 0x99, 0xFF, 0xF9, 0x2A, 0x00, 0x03,
    0x03, 0x00, 0x2A, 0xFA, 0xFF, 0xBC, 0x00, 0x02, 0x00, 0x00, 0x00, 0x00, 0x00, 0x00, 0x03, 0x00, 0x89, 0xFF, 0xFF, 0xF8, 0xC8, 0xC8, 0xF8, 0xFF,
    0xFE, 0xFF, 0xBD, 0x00, 0x04, 0x00, 0xB8, 0xFF, 0xC7, 0x00, 0x03, 0x01, 0x01, 0x03, 0x00, 0xC7, 0xFF, 0xBB, 0x00, 0x02, 0x00, 0x00, 0x00, 0x00,
    0x00, 0x02, 0x00, 0x35, 0xFE, 0xFD, 0xD3, 0x2D, 0x00, 0x00, 0x2D, 0xD3, 0xFE, 0xFF, 0xBD, 0x00, 0x04, 0x00, 0xB8, 0xFF, 0xC7, 0x00, 0x03, 0x01,
    0x01, 0x03, 0x00, 0xC7, 0xFF, 0xB7, 0x00, 0x02, 0x00, 0x00, 0x00, 0x00, 0x00, 0x04, 0x00, 0x99, 0xFF, 0xF9, 0x2A, 0x00, 0x03, 0x03, 0x00, 0x2A,
    0xFA, 0xFF, 0xBC, 0x00, 0x06, 0x00, 0x99, 0xFF, 0xF9, 0x2A, 0x00, 0x03, 0x03, 0x00, 0x2A, 0xF9, 0xFF, 0x99, 0x00, 0x04, 0x00, 0x00, 0x00, 0x00,
    0x00, 0x02, 0x00, 0xB8, 0xFF, 0xC7, 0x00, 0x03, 0x01, 0x01, 0x03, 0x00, 0xC7, 0xFF, 0xBB, 0x00, 0x05, 0x00, 0x35, 0xFE, 0xFD, 0xD3, 0x2D, 0x00,
    0x00, 0x2D, 0xD3, 0xFD, 0xFE, 0x35, 0x00, 0x03, 0x00, 0x00, 0x00, 0x00, 0x00, 0x02, 0x00, 0xB8, 0xFF, 0xC7, 0x00, 0x03, 0x01, 0x01, 0x03, 0x00,
    0xC7, 0xFF, 0xB7, 0x00, 0x02, 0x03, 0x00, 0x89, 0xFF, 0xFF, 0xF8, 0xC8, 0xC8, 0xF8, 0xFF, 0xFF, 0x89, 0x00, 0x03, 0x00, 0x00, 0x00, 0x00, 0x00,
    0x00, 0x04, 0x00, 0x99, 0xFF, 0xF9, 0x2A, 0x00, 0x03, 0x03, 0x00, 0x2A, 0xF9, 0xFF, 0x99, 0x00, 0x04, 0x01, 0x03, 0x03, 0x89, 0xFC, 0xFF, 0xFF,
    0xFF, 0xFF, 0xFC, 0x89, 0x03, 0x03, 0x01, 0x00, 0x00, 0x00, 0x00, 0x00, 0x00, 0x02, 0x00, 0x35, 0xFE, 0xFD, 0xD3, 0x2D, 0x00, 0x00, 0x2D, 0xD3,
    0xFD, 0xFE, 0x35, 0x00, 0x03, 0x00, 0x00, 0x00, 0x00, 0x36, 0x94, 0xB6, 0xB6, 0x94, 0x36, 0x00, 0x00, 0x00, 0x00, 0x00, 0x00, 0x00, 0x00, 0x00,
    0x00, 0x00, 0x03, 0x00, 0x89, 0xFF, 0xFF, 0xF8, 0xC8, 0xC8, 0xF8, 0xFF, 0xFF, 0x89, 0x00, 0x03, 0x00, 0x00, 0x00, 0x00, 0x03, 0x00, 0x00, 0x00,
    0x00, 0x00, 0x00, 0x03, 0x00, 0x00, 0x00, 0x00, 0x00, 0x00, 0x00, 0x00, 0x00, 0x00, 0x01, 0x03, 0x03, 0x89, 0xFC, 0xFF, 0xFF, 0xFF, 0xFF, 0xFC,
    0x89, 0x03, 0x03, 0x01, 0x00, 0x00, 0x00, 0x00, 0x00, 0x02, 0x04, 0x02, 0x02, 0x04, 0x02, 0x00, 0x00, 0x00, 0x00, 0x00, 0x00, 0x00, 0x00, 0x00,
    0x00, 0x00, 0x00, 0x00, 0x00, 0x00, 0x36, 0x94, 0xB6, 0xB6, 0x94, 0x36, 0x00, 0x00, 0x00, 0x00, 0x00, 0x00, 0x00, 0x00, 0x00, 0x00, 0x00, 0x00,
    0x00, 0x00, 0x00, 0x00, 0x00, 0x00, 0x00, 0x00, 0x00, 0x00, 0x00, 0x00, 0x00, 0x00, 0x00, 0x00, 0x00, 0x03, 0x00, 0x00, 0x00, 0x00, 0x00, 0x00,
    0x03, 0x00, 0x00, 0x00, 0x00, 0x00, 0x00, 0x00, 0x00, 0x00, 0x00, 0x00, 0x00, 0x00, 0x00, 0x00, 0x00, 0x00, 0x00, 0x00, 0x00, 0x00, 0x00, 0x00,
    0x00, 0x00, 0x00, 0x00, 0x00, 0x00, 0x02, 0x04, 0x02, 0x02, 0x04, 0x02, 0x00, 0x00, 0x00, 0x00, 0x00, 0x00, 0x00, 0x00, 0x00, 0x00, 0x00, 0x00,
    0x00, 0x00, 0x00, 0x00, 0x00, 0x00, 0x00, 0x00, 0x00, 0x00, 0x00, 0x00, 0x00, 0x00, 0x00, 0x00, 0x00, 0x00, 0x00, 0x00, 0x00, 0x00, 0x00, 0x00,
    0x00, 0x00, 0x00, 0x00, 0x00, 0x00, 0x00, 0x00, 0x00, 0x00, 0x00, 0x00, 0x00, 0x00, 0x00, 0x00, 0x00, 0x00, 0x00, 0x00, 0x00, 0x00, 0x00, 0x00,
};
static const lv_image_dsc_t icon_pitch = {
    .header = { .magic = LV_IMAGE_HEADER_MAGIC, .cf = LV_COLOR_FORMAT_A8, .w = 36, .h = 36, .stride = 36 },
    .data_size = sizeof(icon_pitch_map),
    .data = icon_pitch_map,
};

static const uint8_t icon_modulation_map[] = {
    0x00, 0x00, 0x00, 0x00, 0x00, 0x00, 0x00, 0x00, 0x00, 0x00, 0x00, 0x00, 0x00, 0x00, 0x00, 0x00, 0x00, 0x00, 0x00, 0x00, 0x00, 0x00, 0x00, 0x00,
    0x00, 0x00, 0x00, 0x00, 0x00, 0x00, 0x00, 0x00, 0x00, 0x00, 0x00, 0x00, 0x00, 0x00, 0x00, 0x00, 0x00, 0x00, 0x00, 0x00, 0x00, 0x00, 0x00, 0x00,
    0x00, 0x00, 0x00, 0x00, 0x00, 0x00, 0x00, 0x00, 0x00, 0x00, 0x00, 0x00, 0x00, 0x00, 0x00, 0x00, 0x00, 0x00, 0x00, 0x00, 0x00, 0x00, 0x00, 0x00,
    0x00, 0x00, 0x00, 0x00, 0x00, 0x00, 0x00, 0x00, 0x00, 0x00, 0x00, 0x00, 0x00, 0x00, 0x00, 0x00, 0x00, 0x00, 0x00, 0x00, 0x00, 0x00, 0x00, 0x00,
    0x00, 0x00, 0x00, 0x00, 0x00, 0x00, 0x00, 0x00, 0x00, 0x00, 0x00, 0x00, 0x00, 0x00, 0x00, 0x00, 0x00, 0x00, 0x00, 0x00, 0x00, 0x00, 0x00, 0x00,
    0x00, 0x00, 0x00, 0x00, 0x00, 0x00, 0x00, 0x00, 0x00, 0x00, 0x00, 0x00, 0x00, 0x00, 0x00, 0x00, 0x00, 0x00, 0x00, 0x00, 0x00, 0x00, 0x00, 0x00,
    0x00, 0x00, 0x00, 0x00, 0x00, 0x00, 0x00, 0x00, 0x00, 0x00, 0x00, 0x00, 0x00, 0x00, 0x00, 0x00, 0x00, 0x00, 0x00, 0x00, 0x00, 0x00, 0x00, 0x00,
    0x00, 0x00, 0x00, 0x00, 0x00, 0x00, 0x00, 0x00, 0x00, 0x00, 0x00, 0x00, 0x00, 0x00, 0x00, 0x00, 0x00, 0x00, 0x00, 0x00, 0x00, 0x00, 0x00, 0x00,
    0x00, 0x00, 0x00, 0x00, 0x00, 0x00, 0x00, 0x00, 0x00, 0x00, 0x00, 0x00, 0x00, 0x00, 0x00, 0x00, 0x00, 0x00, 0x00, 0x00, 0x00, 0x00, 0x00, 0x00,
    0x00, 0x00, 0x00, 0x00, 0x00, 0x00, 0x00, 0x01, 0x02, 0x01, 0x00, 0x00, 0x00, 0x00, 0x00, 0x00, 0x00, 0x00, 0x00, 0x00, 0x00, 0x00, 0x00, 0x00,
    0x00, 0x00, 0x00, 0x00, 0x00, 0x00, 0x00, 0x00, 0x00, 0x00, 0x00, 0x00, 0x00, 0x00, 0x00, 0x00, 0x00, 0x00, 0x03, 0x00, 0x00, 0x00, 0x03, 0x01,
    0x00, 0x00, 0x00, 0x00, 0x00, 0x00, 0x00, 0x00, 0x00, 0x00, 0x00, 0x00, 0x00, 0x00, 0x00, 0x00, 0x02, 0x04, 0x04, 0x02, 0x00, 0x00, 0x00, 0x00,
    0x00, 0x00, 0x00, 0x00, 0x00, 0x02, 0x00, 0x0B, 0x27, 0x17, 0x00, 0x00, 0x01, 0x00, 0x00, 0x00, 0x00, 0x00, 0x00, 0x00, 0x00, 0x00, 0x00, 0x00,
    0x00, 0x00, 0x00, 0x02, 0x00, 0x00, 0x00, 0x00, 0x02, 0x00, 0x00, 0x00, 0x00, 0x00, 0x00, 0x00, 0x03, 0x00, 0x66, 0xDC, 0xF7, 0xEB, 0x8A, 0x05,
    0x00, 0x01, 0x00, 0x00, 0x00, 0x00, 0x00, 0x00, 0x00, 0x00, 0x00, 0x00, 0x00, 0x00, 0x02, 0x00, 0x27, 0x92, 0x8E, 0x27, 0x00, 0x03, 0x00, 0x00,
    0x00, 0x00, 0x00, 0x03, 0x00, 0x75, 0xFF, 0xFF, 0xFF, 0xFF, 0xFF, 0xAB, 0x03, 0x03, 0x01, 0x00, 0x00, 0x00, 0x00, 0x00, 0x00, 0x00, 0x00, 0x00,
    0x00, 0x02, 0x00, 0x36, 0xF2, 0xFF, 0xFF, 0xF2, 0x3E, 0x00, 0x03, 0x00, 0x00, 0x00, 0x03, 0x00, 0x4F, 0xFF, 0xFE, 0xE5, 0x7C, 0xC5, 0xFF, 0xFF,
    0x8C, 0x00, 0x03, 0x00, 0x00, 0x00, 0x00, 0x00, 0x00, 0x00, 0x00, 0x00, 0x01, 0x02, 0x15, 0xE2, 0xFF, 0xFB, 0xFC, 0xFF, 0xED, 0x24, 0x00, 0x02,
    0x00, 0x01, 0x02, 0x0A, 0xE1, 0xFD, 0xF0, 0x2B, 0x00, 0x0A, 0xCD, 0xFD, 0xFD, 0x30, 0x00, 0x03, 0x00, 0x00, 0x00, 0x00, 0x00, 0x00, 0x00, 0x00,
    0x04, 0x00, 0x81, 0xFF, 0xFF, 0x64, 0x5B, 0xFF, 0xFF, 0xC4, 0x08, 0x02, 0x00, 0x03, 0x00, 0x73, 0xFF, 0xFF, 0x6C, 0x00, 0x0A, 0x00, 0x30, 0xFB,
    0xFF, 0xB2, 0x00, 0x03, 0x00, 0x00, 0x00, 0x00, 0x00, 0x00, 0x00, 0x02, 0x01, 0x1E, 0xED, 0xFD, 0xCB, 0x00, 0x00, 0x8E, 0xFF, 0xFF, 0x3A, 0x00,
    0x01, 0x00, 0x0C, 0xE6, 0xFD, 0xCE, 0x02, 0x03, 0x01, 0x04, 0x00, 0x95, 0xFF, 0xFF, 0x37, 0x00, 0x03, 0x00, 0x00, 0x00, 0x00, 0x00, 0x00, 0x04,
    0x00, 0x80, 0xFF, 0xFF, 0x4C, 0x00, 0x05, 0x00, 0x97, 0x96, 0x08, 0x01, 0x04, 0x00, 0x68, 0xFF, 0xFF, 0x61, 0x00, 0x04, 0x00, 0x02, 0x01, 0x26,
    0xF9, 0xFE, 0xA7, 0x00, 0x03, 0x00, 0x00, 0x00, 0x00, 0x00, 0x01, 0x01, 0x06, 0xDA, 0xFE, 0xCC, 0x02, 0x02, 0x01, 0x01, 0x00, 0x00, 0x00, 0x00,
    0x01, 0x00, 0xC8, 0xFD, 0xE2, 0x0C, 0x01, 0x01, 0x00, 0x00, 0x03, 0x00, 0xB0, 0xFF, 0xF3, 0x18, 0x00, 0x01, 0x00, 0x00, 0x00, 0x00, 0x04, 0x01,
    0x54, 0xFF, 0xFF, 0x6E, 0x00, 0x04, 0x00, 0x00, 0x03, 0x03, 0x00, 0x00, 0x00, 0x2B, 0xF9, 0xFF, 0x82, 0x00, 0x04, 0x00, 0x00, 0x00, 0x03, 0x01,
    0x43, 0xFF, 0xFF, 0x5F, 0x01, 0x04, 0x00, 0x00, 0x00, 0x00, 0x03, 0x00, 0xAF, 0xFE, 0xF1, 0x15, 0x00, 0x01, 0x00, 0x00, 0x00, 0x00, 0x00, 0x00,
    0x01, 0x27, 0xF7, 0xF5, 0x22, 0x01, 0x02, 0x00, 0x00, 0x00, 0x01, 0x01, 0x04, 0xD5, 0xFE, 0xBE, 0x00, 0x02, 0x00, 0x00, 0x00, 0x01, 0x00, 0x12,
    0xE9, 0xFE, 0xA7, 0x00, 0x03, 0x00, 0x00, 0x00, 0x00, 0x00, 0x00, 0x00, 0x01, 0x00, 0x27, 0x27, 0x00, 0x01, 0x00, 0x00, 0x00, 0x00, 0x00, 0x04,
    0x00, 0x8C, 0xFF, 0xFC, 0x34, 0x01, 0x03, 0x00, 0x00, 0x04, 0x00, 0x71, 0xFF, 0xFF, 0x4B, 0x01, 0x04, 0x00, 0x00, 0x00, 0x00, 0x00, 0x00, 0x00,
    0x00, 0x01, 0x00, 0x00, 0x01, 0x00, 0x00, 0x00, 0x00, 0x00, 0x00, 0x02, 0x00, 0x2D, 0xFB, 0xFF, 0xA2, 0x00, 0x03, 0x00, 0x01, 0x02, 0x04, 0xD9,
    0xFD, 0xDC, 0x08, 0x01, 0x01, 0x00, 0x00, 0x00, 0x00, 0x00, 0x00, 0x00, 0x00, 0x00, 0x02, 0x02, 0x00, 0x00, 0x00, 0x00, 0x00, 0x00, 0x00, 0x00,
    0x03, 0x00, 0xB5, 0xFF, 0xF2, 0x1E, 0x01, 0x02, 0x04, 0x00, 0x55, 0xFF, 0xFF, 0x74, 0x00, 0x04, 0x00, 0x00, 0x00, 0x00, 0x00, 0x00, 0x00, 0x00,
    0x00, 0x00, 0x00, 0x00, 0x00, 0x00, 0x00, 0x00, 0x00, 0x00, 0x00, 0x00, 0x03, 0x00, 0x37, 0xFD, 0xFF, 0xAD, 0x00, 0x07, 0x03, 0x08, 0xDF, 0xFD,
    0xE3, 0x0F, 0x01, 0x01, 0x00, 0x00, 0x00, 0x00, 0x00, 0x00, 0x00, 0x00, 0x00, 0x00, 0x00, 0x00, 0x00, 0x00, 0x00, 0x00, 0x00, 0x00, 0x00, 0x00,
    0x00, 0x03, 0x00, 0xAC, 0xFF, 0xFF, 0x5D, 0x00, 0x00, 0x98, 0xFF, 0xFF, 0x6B, 0x00, 0x04, 0x00, 0x00, 0x00, 0x00, 0x00, 0x00, 0x00, 0x00, 0x00,
    0x00, 0x00, 0x00, 0x00, 0x00, 0x00, 0x00, 0x00, 0x00, 0x00, 0x00, 0x00, 0x00, 0x02, 0x02, 0x1E, 0xF2, 0xFF, 0xF9, 0x86, 0xA2, 0xFF, 0xFF, 0xC8,
    0x03, 0x03, 0x01, 0x00, 0x00, 0x00, 0x00, 0x00, 0x00, 0x00, 0x00, 0x00, 0x00, 0x00, 0x00, 0x00, 0x00, 0x00, 0x00, 0x00, 0x00, 0x00, 0x00, 0x00,
    0x00, 0x00, 0x02, 0x00, 0x40, 0xF9, 0xFF, 0xFF, 0xFF, 0xFF, 0xD9, 0x19, 0x01, 0x02, 0x00, 0x00, 0x00, 0x00, 0x00, 0x00, 0x00, 0x00, 0x00, 0x00,
    0x00, 0x00, 0x00, 0x00, 0x00, 0x00, 0x00, 0x00, 0x00, 0x00, 0x00, 0x00, 0x00, 0x00, 0x00, 0x03, 0x00, 0x40, 0xC7, 0xF9, 0xF5, 0xAC, 0x1E, 0x00,
    0x02, 0x00, 0x00, 0x00, 0x00, 0x00, 0x00, 0x00, 0x00, 0x00, 0x00, 0x00, 0x00, 0x00, 0x00, 0x00, 0x00, 0x00, 0x00, 0x00, 0x00, 0x00, 0x00, 0x00,
    0x00, 0x00, 0x00, 0x00, 0x03, 0x00, 0x00, 0x27, 0x21, 0x00, 0x00, 0x02, 0x00, 0x00, 0x00, 0x00, 0x00, 0x00, 0x00, 0x00, 0x00, 0x00, 0x00, 0x00,
    0x00, 0x00, 0x00, 0x00, 0x00, 0x00, 0x00, 0x00, 0x00, 0x00, 0x00, 0x00, 0x00, 0x00, 0x00, 0x00, 0x00, 0x03, 0x00, 0x00, 0x00, 0x02, 0x02, 0x00,
    0x00, 0x00, 0x00, 0x00, 0x00, 0x00, 0x00, 0x00, 0x00, 0x00, 0x00, 0x00, 0x00, 0x00, 0x00, 0x00, 0x00, 0x00, 0x00, 0x00, 0x00, 0x00, 0x00, 0x00,
    0x00, 0x00, 0x00, 0x00, 0x00, 0x00, 0x01, 0x02, 0x02, 0x00, 0x00, 0x00, 0x00, 0x00, 0x00, 0x00, 0x00, 0x00, 0x00, 0x00, 0x00, 0x00, 0x00, 0x00,
    0x00, 0x00, 0x00, 0x00, 0x00, 0x00, 0x00, 0x00, 0x00, 0x00, 0x00, 0x00, 0x00, 0x00, 0x00, 0x00, 0x00, 0x00, 0x00, 0x00, 0x00, 0x00, 0x00, 0x00,
    0x00, 0x00, 0x00, 0x00, 0x00, 0x00, 0x00, 0x00, 0x00, 0x00, 0x00, 0x00, 0x00, 0x00, 0x00, 0x00, 0x00, 0x00, 0x00, 0x00, 0x00, 0x00, 0x00, 0x00,
    0x00, 0x00, 0x00, 0x00, 0x00, 0x00, 0x00, 0x00, 0x00, 0x00, 0x00, 0x00, 0x00, 0x00, 0x00, 0x00, 0x00, 0x00, 0x00, 0x00, 0x00, 0x00, 0x00, 0x00,
    0x00, 0x00, 0x00, 0x00, 0x00, 0x00, 0x00, 0x00, 0x00, 0x00, 0x00, 0x00, 0x00, 0x00, 0x00, 0x00, 0x00, 0x00, 0x00, 0x00, 0x00, 0x00, 0x00, 0x00,
    0x00, 0x00, 0x00, 0x00, 0x00, 0x00, 0x00, 0x00, 0x00, 0x00, 0x00, 0x00, 0x00, 0x00, 0x00, 0x00, 0x00, 0x00, 0x00, 0x00, 0x00, 0x00, 0x00, 0x00,
    0x00, 0x00, 0x00, 0x00, 0x00, 0x00, 0x00, 0x00, 0x00, 0x00, 0x00, 0x00, 0x00, 0x00, 0x00, 0x00, 0x00, 0x00, 0x00, 0x00, 0x00, 0x00, 0x00, 0x00,
    0x00, 0x00, 0x00, 0x00, 0x00, 0x00, 0x00, 0x00, 0x00, 0x00, 0x00, 0x00, 0x00, 0x00, 0x00, 0x00, 0x00, 0x00, 0x00, 0x00, 0x00, 0x00, 0x00, 0x00,
    0x00, 0x00, 0x00, 0x00, 0x00, 0x00, 0x00, 0x00, 0x00, 0x00, 0x00, 0x00, 0x00, 0x00, 0x00, 0x00, 0x00, 0x00, 0x00, 0x00, 0x00, 0x00, 0x00, 0x00,
    0x00, 0x00, 0x00, 0x00, 0x00, 0x00, 0x00, 0x00, 0x00, 0x00, 0x00, 0x00, 0x00, 0x00, 0x00, 0x00, 0x00, 0x00, 0x00, 0x00, 0x00, 0x00, 0x00, 0x00,
};
static const lv_image_dsc_t icon_modulation = {
    .header = { .magic = LV_IMAGE_HEADER_MAGIC, .cf = LV_COLOR_FORMAT_A8, .w = 36, .h = 36, .stride = 36 },
    .data_size = sizeof(icon_modulation_map),
    .data = icon_modulation_map,
};

static const uint8_t icon_delay_map[] = {
    0x00, 0x00, 0x00, 0x00, 0x00, 0x00, 0x00, 0x00, 0x00, 0x00, 0x00, 0x00, 0x00, 0x00, 0x00, 0x00, 0x00, 0x00, 0x00, 0x00, 0x00, 0x00, 0x00, 0x00,
    0x00, 0x00, 0x00, 0x00, 0x00, 0x00, 0x00, 0x00, 0x00, 0x00, 0x00, 0x00, 0x00, 0x00, 0x00, 0x00, 0x00, 0x00, 0x00, 0x00, 0x00, 0x00, 0x00, 0x00,
    0x00, 0x00, 0x00, 0x00, 0x00, 0x00, 0x00, 0x00, 0x00, 0x00, 0x00, 0x00, 0x00, 0x00, 0x00, 0x00, 0x00, 0x00, 0x00, 0x00, 0x00, 0x00, 0x00, 0x00,
    0x00, 0x00, 0x00, 0x00, 0x00, 0x00, 0x00, 0x00, 0x00, 0x00, 0x00, 0x00, 0x00, 0x00, 0x00, 0x00, 0x00, 0x00, 0x00, 0x00, 0x00, 0x00, 0x00, 0x00,
    0x00, 0x00, 0x00, 0x00, 0x00, 0x00, 0x00, 0x00, 0x00, 0x00, 0x00, 0x00, 0x00, 0x00, 0x00, 0x00, 0x00, 0x00, 0x00, 0x00, 0x00, 0x00, 0x00, 0x00,
    0x00, 0x00, 0x00, 0x00, 0x00, 0x00, 0x00, 0x00, 0x00, 0x00, 0x00, 0x00, 0x00, 0x00, 0x00, 0x00, 0x00, 0x00, 0x00, 0x00, 0x00, 0x00, 0x00, 0x00,
    0x00, 0x00, 0x00, 0x00, 0x00, 0x00, 0x00, 0x00, 0x00, 0x00, 0x00, 0x00, 0x00, 0x00, 0x00, 0x00, 0x00, 0x00, 0x00, 0x00, 0x00, 0x00, 0x00, 0x00,
    0x00, 0x00, 0x00, 0x00, 0x00, 0x00, 0x00, 0x00, 0x00, 0x00, 0x00, 0x00, 0x00, 0x00, 0x00, 0x00, 0x00, 0x02, 0x02, 0x00, 0x00, 0x00, 0x00, 0x00,
    0x00, 0x00, 0x00, 0x00, 0x00, 0x00, 0x00, 0x00, 0x00, 0x00, 0x00, 0x00, 0x00, 0x00, 0x00, 0x00, 0x00, 0x00, 0x00, 0x00, 0x00, 0x00, 0x00, 0x00,
    0x00, 0x00, 0x00, 0x00, 0x01, 0x00, 0x00, 0x01, 0x00, 0x00, 0x00, 0x00, 0x00, 0x00, 0x00, 0x00, 0x00, 0x00, 0x00, 0x00, 0x00, 0x00, 0x00, 0x00,
    0x00, 0x00, 0x00, 0x00, 0x00, 0x00, 0x00, 0x00, 0x00, 0x00, 0x00, 0x00, 0x00, 0x00, 0x00, 0x01, 0x00, 0x27, 0x27, 0x00, 0x01, 0x00, 0x00, 0x00,
    0x00, 0x00, 0x00, 0x00, 0x00, 0x00, 0x00, 0x00, 0x00, 0x00, 0x00, 0x00, 0x00, 0x00, 0x00, 0x00, 0x00, 0x00, 0x00, 0x00, 0x00, 0x00, 0x00, 0x00,
    0x00, 0x00, 0x02, 0x01, 0x24, 0xF5, 0xF5, 0x24, 0x01, 0x02, 0x00, 0x00, 0x00, 0x00, 0x00, 0x00, 0x00, 0x00, 0x00, 0x00, 0x00, 0x00, 0x00, 0x00,
    0x00, 0x00, 0x00, 0x00, 0x00, 0x00, 0x00, 0x00, 0x00, 0x00, 0x00, 0x00, 0x00, 0x00, 0x03, 0x00, 0x46, 0xFF, 0xFF, 0x46, 0x00, 0x03, 0x00, 0x00,
    0x00, 0x00, 0x00, 0x00, 0x00, 0x00, 0x00, 0x00, 0x00, 0x00, 0x00, 0x00, 0x00, 0x00, 0x00, 0x00, 0x00, 0x00, 0x00, 0x00, 0x00, 0x00, 0x00, 0x00,
    0x00, 0x00, 0x03, 0x00, 0x41, 0xFE, 0xFE, 0x41, 0x00, 0x03, 0x00, 0x00, 0x00, 0x00, 0x03, 0x03, 0x00, 0x00, 0x00, 0x00, 0x00, 0x00, 0x00, 0x00,
    0x00, 0x00, 0x00, 0x00, 0x00, 0x00, 0x00, 0x00, 0x00, 0x00, 0x00, 0x00, 0x00, 0x00, 0x03, 0x00, 0x42, 0xFF, 0xFF, 0x42, 0x00, 0x03, 0x00, 0x00,
    0x00, 0x00, 0x00, 0x00, 0x00, 0x00, 0x00, 0x00, 0x00, 0x00, 0x00, 0x00, 0x00, 0x00, 0x00, 0x00, 0x00, 0x00, 0x00, 0x00, 0x00, 0x00, 0x00, 0x00,
    0x00, 0x00, 0x03, 0x00, 0x42, 0xFF, 0xFF, 0x42, 0x00, 0x03, 0x00, 0x01, 0x01, 0x08, 0x97, 0x97, 0x08, 0x01, 0x01, 0x00, 0x00, 0x00, 0x00, 0x00,
    0x00, 0x00, 0x00, 0x00, 0x00, 0x00, 0x00, 0x00, 0x00, 0x00, 0x00, 0x00, 0x00, 0x00, 0x03, 0x00, 0x42, 0xFF, 0xFF, 0x42, 0x00, 0x03, 0x00, 0x03,
    0x00, 0x3E, 0xFF, 0xFF, 0x3E, 0x00, 0x03, 0x00, 0x00, 0x02, 0x03, 0x02, 0x00, 0x00, 0x00, 0x00, 0x00, 0x01, 0x00, 0x00, 0x00, 0x00, 0x00, 0x00,
    0x00, 0x00, 0x03, 0x00, 0x42, 0xFF, 0xFF, 0x42, 0x00, 0x03, 0x00, 0x03, 0x00, 0x43, 0xFC, 0xFC, 0x43, 0x00, 0x03, 0x00, 0x00, 0x00, 0x00, 0x00,
    0x00, 0x00, 0x00, 0x00, 0x01, 0x00, 0x02, 0x00, 0x00, 0x00, 0x00, 0x00, 0x00, 0x00, 0x03, 0x00, 0x42, 0xFF, 0xFF, 0x42, 0x00, 0x03, 0x00, 0x03,
    0x00, 0x42, 0xFF, 0xFF, 0x42, 0x00, 0x03, 0x02, 0x00, 0x3E, 0xB4, 0x3E, 0x00, 0x02, 0x00, 0x00, 0x00, 0x0A, 0x00, 0x00, 0x00, 0x00, 0x00, 0x00,
    0x00, 0x00, 0x03, 0x00, 0x42, 0xFF, 0xFF, 0x42, 0x00, 0x03, 0x00, 0x03, 0x00, 0x42, 0xFF, 0xFF, 0x42, 0x00, 0x03, 0x03, 0x00, 0xBD, 0xFF, 0xBD,
    0x00, 0x03, 0x02, 0x03, 0x9D, 0xE3, 0x36, 0x00, 0x02, 0x00, 0x00, 0x00, 0x00, 0x00, 0x03, 0x00, 0x42, 0xFF, 0xFF, 0x42, 0x00, 0x03, 0x00, 0x03,
    0x00, 0x42, 0xFF, 0xFF, 0x42, 0x00, 0x03, 0x02, 0x00, 0xB9, 0xFC, 0xB9, 0x00, 0x03, 0x00, 0x11, 0xF1, 0xFF, 0x83, 0x00, 0x04, 0x00, 0x00, 0x00,
    0x00, 0x00, 0x03, 0x00, 0x42, 0xFF, 0xFF, 0x42, 0x00, 0x03, 0x00, 0x03, 0x00, 0x42, 0xFF, 0xFF, 0x42, 0x00, 0x03, 0x02, 0x00, 0xB9, 0xFC, 0xB9,
    0x00, 0x03, 0x00, 0x11, 0xF1, 0xFF, 0x83, 0x00, 0x04, 0x00, 0x00, 0x00, 0x00, 0x00, 0x03, 0x00, 0x42, 0xFF, 0xFF, 0x42, 0x00, 0x03, 0x00, 0x03,
    0x00, 0x42, 0xFF, 0xFF, 0x42, 0x00, 0x03, 0x03, 0x00, 0xBD, 0xFF, 0xBD, 0x00, 0x03, 0x02, 0x03, 0x9D, 0xE3, 0x36, 0x00, 0x02, 0x00, 0x00, 0x00,
    0x00, 0x00, 0x03, 0x00, 0x42, 0xFF, 0xFF, 0x42, 0x00, 0x03, 0x00, 0x03, 0x00, 0x42, 0xFF, 0xFF, 0x42, 0x00, 0x03, 0x02, 0x00, 0x3E, 0xB4, 0x3E,
    0x00, 0x02, 0x00, 0x00, 0x00, 0x0A, 0x00, 0x00, 0x00, 0x00, 0x00, 0x00, 0x00, 0x00, 0x03, 0x00, 0x42, 0xFF, 0xFF, 0x42, 0x00, 0x03, 0x00, 0x03,
    0x00, 0x43, 0xFC, 0xFC, 0x43, 0x00, 0x03, 0x00, 0x00, 0x00, 0x00, 0x00, 0x00, 0x00, 0x00, 0x00, 0x01, 0x00, 0x02, 0x00, 0x00, 0x00, 0x00, 0x00,
    0x00, 0x00, 0x03, 0x00, 0x42, 0xFF, 0xFF, 0x42, 0x00, 0x03, 0x00, 0x03, 0x00, 0x3E, 0xFF, 0xFF, 0x3E, 0x00, 0x03, 0x00, 0x00, 0x02, 0x03, 0x02,
    0x00, 0x00, 0x00, 0x00, 0x00, 0x01, 0x00, 0x00, 0x00, 0x00, 0x00, 0x00, 0x00, 0x00, 0x03, 0x00, 0x42, 0xFF, 0xFF, 0x42, 0x00, 0x03, 0x00, 0x01,
    0x01, 0x08, 0x97, 0x97, 0x08, 0x01, 0x01, 0x00, 0x00, 0x00, 0x00, 0x00, 0x00, 0x00, 0x00, 0x00, 0x00, 0x00, 0x00, 0x00, 0x00, 0x00, 0x00, 0x00,
    0x00, 0x00, 0x03, 0x00, 0x42, 0xFF, 0xFF, 0x42, 0x00, 0x03, 0x00, 0x00, 0x00, 0x00, 0x00, 0x00, 0x00, 0x00, 0x00, 0x00, 0x00, 0x00, 0x00, 0x00,
    0x00, 0x00, 0x00, 0x00, 0x00, 0x00, 0x00, 0x00, 0x00, 0x00, 0x00, 0x00, 0x00, 0x00, 0x03, 0x00, 0x41, 0xFE, 0xFE, 0x41, 0x00, 0x03, 0x00, 0x00,
    0x00, 0x00, 0x03, 0x03, 0x00, 0x00, 0x00, 0x00, 0x00, 0x00, 0x00, 0x00, 0x00, 0x00, 0x00, 0x00, 0x00, 0x00, 0x00, 0x00, 0x00, 0x00, 0x00, 0x00,
    0x00, 0x00, 0x03, 0x00, 0x46, 0xFF, 0xFF, 0x46, 0x00, 0x03, 0x00, 0x00, 0x00, 0x00, 0x00, 0x00, 0x00, 0x00, 0x00, 0x00, 0x00, 0x00, 0x00, 0x00,
    0x00, 0x00, 0x00, 0x00, 0x00, 0x00, 0x00, 0x00, 0x00, 0x00, 0x00, 0x00, 0x00, 0x00, 0x02, 0x01, 0x24, 0xF5, 0xF5, 0x24, 0x01, 0x02, 0x00, 0x00,
    0x00, 0x00, 0x00, 0x00, 0x00, 0x00, 0x00, 0x00, 0x00, 0x00, 0x00, 0x00, 0x00, 0x00, 0x00, 0x00, 0x00, 0x00, 0x00, 0x00, 0x00, 0x00, 0x00, 0x00,
    0x00, 0x00, 0x00, 0x01, 0x00, 0x27, 0x27, 0x00, 0x01, 0x00, 0x00, 0x00, 0x00, 0x00, 0x00, 0x00, 0x00, 0x00, 0x00, 0x00, 0x00, 0x00, 0x00, 0x00,
    0x00, 0x00, 0x00, 0x00, 0x00, 0x00, 0x00, 0x00, 0x00, 0x00, 0x00, 0x00, 0x00, 0x00, 0x00, 0x00, 0x01, 0x00, 0x00, 0x01, 0x00, 0x00, 0x00, 0x00,
    0x00, 0x00, 0x00, 0x00, 0x00, 0x00, 0x00, 0x00, 0x00, 0x00, 0x00, 0x00, 0x00, 0x00, 0x00, 0x00, 0x00, 0x00, 0x00, 0x00, 0x00, 0x00, 0x00, 0x00,
    0x00, 0x00, 0x00, 0x00, 0x00, 0x02, 0x02, 0x00, 0x00, 0x00, 0x00, 0x00, 0x00, 0x00, 0x00, 0x00, 0x00, 0x00, 0x00, 0x00, 0x00, 0x00, 0x00, 0x00,
    0x00, 0x00, 0x00, 0x00, 0x00, 0x00, 0x00, 0x00, 0x00, 0x00, 0x00, 0x00, 0x00, 0x00, 0x00, 0x00, 0x00, 0x00, 0x00, 0x00, 0x00, 0x00, 0x00, 0x00,
    0x00, 0x00, 0x00, 0x00, 0x00, 0x00, 0x00, 0x00, 0x00, 0x00, 0x00, 0x00, 0x00, 0x00, 0x00, 0x00, 0x00, 0x00, 0x00, 0x00, 0x00, 0x00, 0x00, 0x00,
    0x00, 0x00, 0x00, 0x00, 0x00, 0x00, 0x00, 0x00, 0x00, 0x00, 0x00, 0x00, 0x00, 0x00, 0x00, 0x00, 0x00, 0x00, 0x00, 0x00, 0x00, 0x00, 0x00, 0x00,
    0x00, 0x00, 0x00, 0x00, 0x00, 0x00, 0x00, 0x00, 0x00, 0x00, 0x00, 0x00, 0x00, 0x00, 0x00, 0x00, 0x00, 0x00, 0x00, 0x00, 0x00, 0x00, 0x00, 0x00,
    0x00, 0x00, 0x00, 0x00, 0x00, 0x00, 0x00, 0x00, 0x00, 0x00, 0x00, 0x00, 0x00, 0x00, 0x00, 0x00, 0x00, 0x00, 0x00, 0x00, 0x00, 0x00, 0x00, 0x00,
    0x00, 0x00, 0x00, 0x00, 0x00, 0x00, 0x00, 0x00, 0x00, 0x00, 0x00, 0x00, 0x00, 0x00, 0x00, 0x00, 0x00, 0x00, 0x00, 0x00, 0x00, 0x00, 0x00, 0x00,
    0x00, 0x00, 0x00, 0x00, 0x00, 0x00, 0x00, 0x00, 0x00, 0x00, 0x00, 0x00, 0x00, 0x00, 0x00, 0x00, 0x00, 0x00, 0x00, 0x00, 0x00, 0x00, 0x00, 0x00,
    0x00, 0x00, 0x00, 0x00, 0x00, 0x00, 0x00, 0x00, 0x00, 0x00, 0x00, 0x00, 0x00, 0x00, 0x00, 0x00, 0x00, 0x00, 0x00, 0x00, 0x00, 0x00, 0x00, 0x00,
};
static const lv_image_dsc_t icon_delay = {
    .header = { .magic = LV_IMAGE_HEADER_MAGIC, .cf = LV_COLOR_FORMAT_A8, .w = 36, .h = 36, .stride = 36 },
    .data_size = sizeof(icon_delay_map),
    .data = icon_delay_map,
};

static const uint8_t icon_reverb_map[] = {
    0x00, 0x00, 0x00, 0x00, 0x00, 0x00, 0x00, 0x00, 0x00, 0x00, 0x00, 0x00, 0x00, 0x00, 0x00, 0x00, 0x00, 0x00, 0x00, 0x00, 0x00, 0x00, 0x00, 0x00,
    0x00, 0x00, 0x00, 0x01, 0x00, 0x00, 0x00, 0x00, 0x00, 0x00, 0x00, 0x00, 0x00, 0x00, 0x00, 0x00, 0x00, 0x00, 0x00, 0x00, 0x00, 0x00, 0x00, 0x00,
    0x00, 0x00, 0x00, 0x00, 0x00, 0x00, 0x00, 0x00, 0x00, 0x00, 0x01, 0x00, 0x02, 0x39, 0x01, 0x00, 0x01, 0x00, 0x00, 0x00, 0x00, 0x00, 0x00, 0x00,
    0x00, 0x00, 0x00, 0x00, 0x00, 0x00, 0x00, 0x00, 0x00, 0x00, 0x00, 0x00, 0x00, 0x00, 0x00, 0x00, 0x00, 0x00, 0x00, 0x00, 0x00, 0x00, 0x03, 0x00,
    0x95, 0xFF, 0xB7, 0x05, 0x03, 0x01, 0x00, 0x00, 0x00, 0x00, 0x00, 0x00, 0x00, 0x00, 0x00, 0x00, 0x00, 0x00, 0x00, 0x00, 0x00, 0x00, 0x00, 0x00,
    0x00, 0x00, 0x00, 0x00, 0x00, 0x00, 0x00, 0x00, 0x00, 0x00, 0x03, 0x00, 0xA1, 0xFF, 0xFF, 0xA4, 0x00, 0x04, 0x01, 0x00, 0x00, 0x00, 0x00, 0x00,
    0x00, 0x00, 0x00, 0x00, 0x00, 0x00, 0x00, 0x00, 0x00, 0x00, 0x00, 0x00, 0x00, 0x00, 0x00, 0x00, 0x00, 0x00, 0x02, 0x03, 0x03, 0x00, 0x01, 0x02,
    0x0C, 0xBF, 0xFF, 0xFF, 0x76, 0x00, 0x03, 0x00, 0x00, 0x00, 0x00, 0x00, 0x00, 0x00, 0x00, 0x00, 0x00, 0x00, 0x00, 0x00, 0x00, 0x00, 0x00, 0x00,
    0x00, 0x00, 0x00, 0x00, 0x00, 0x00, 0x00, 0x00, 0x00, 0x02, 0x00, 0x02, 0x00, 0x0F, 0xE2, 0xFE, 0xFF, 0x3D, 0x00, 0x03, 0x00, 0x00, 0x00, 0x00,
    0x00, 0x00, 0x00, 0x00, 0x00, 0x00, 0x00, 0x00, 0x00, 0x00, 0x00, 0x00, 0x00, 0x00, 0x00, 0x00, 0x02, 0x00, 0x3D, 0xB3, 0x4A, 0x00, 0x03, 0x00,
    0x04, 0x00, 0x3E, 0xFA, 0xFE, 0xD1, 0x08, 0x02, 0x01, 0x00, 0x00, 0x00, 0x00, 0x00, 0x00, 0x00, 0x00, 0x00, 0x00, 0x00, 0x00, 0x00, 0x00, 0x00,
    0x00, 0x00, 0x00, 0x00, 0x03, 0x00, 0xC3, 0xFF, 0xFB, 0x40, 0x00, 0x02, 0x00, 0x04, 0x00, 0x7E, 0xFF, 0xFF, 0x64, 0x00, 0x04, 0x00, 0x00, 0x00,
    0x00, 0x00, 0x00, 0x00, 0x00, 0x00, 0x00, 0x00, 0x00, 0x00, 0x00, 0x00, 0x01, 0x03, 0x01, 0x00, 0x03, 0x00, 0x4F, 0xFA, 0xFF, 0xEA, 0x1A, 0x02,
    0x02, 0x01, 0x02, 0x09, 0xE2, 0xFD, 0xD6, 0x06, 0x01, 0x01, 0x00, 0x00, 0x00, 0x00, 0x00, 0x00, 0x00, 0x00, 0x00, 0x00, 0x00, 0x00, 0x00, 0x00,
    0x00, 0x00, 0x00, 0x00, 0x00, 0x03, 0x00, 0x64, 0xFF, 0xFF, 0xA7, 0x00, 0x03, 0x00, 0x04, 0x00, 0x6F, 0xFF, 0xFF, 0x5C, 0x00, 0x04, 0x00, 0x00,
    0x00, 0x00, 0x00, 0x00, 0x00, 0x00, 0x00, 0x00, 0x00, 0x00, 0x01, 0x00, 0x02, 0x3A, 0x02, 0x00, 0x01, 0x00, 0x04, 0x00, 0xAA, 0xFE, 0xF8, 0x35,
    0x00, 0x03, 0x01, 0x01, 0x0B, 0xE4, 0xFE, 0xC1, 0x00, 0x02, 0x00, 0x00, 0x00, 0x00, 0x00, 0x00, 0x00, 0x00, 0x00, 0x00, 0x00, 0x00, 0x03, 0x00,
    0x94, 0xFF, 0xAE, 0x01, 0x03, 0x00, 0x02, 0x01, 0x23, 0xF9, 0xFF, 0xB3, 0x00, 0x03, 0x00, 0x04, 0x00, 0x98, 0xFF, 0xF8, 0x22, 0x00, 0x02, 0x00,
    0x00, 0x00, 0x00, 0x00, 0x00, 0x01, 0x04, 0x04, 0x04, 0x01, 0x03, 0x00, 0xA1, 0xFF, 0xFF, 0x6B, 0x00, 0x03, 0x00, 0x03, 0x00, 0xB1, 0xFF, 0xFA,
    0x22, 0x00, 0x02, 0x03, 0x01, 0x4A, 0xFF, 0xFF, 0x59, 0x00, 0x04, 0x00, 0x00, 0x00, 0x00, 0x00, 0x01, 0x00, 0x00, 0x00, 0x00, 0x00, 0x03, 0x01,
    0x0F, 0xE0, 0xFD, 0xED, 0x14, 0x00, 0x01, 0x03, 0x01, 0x43, 0xFD, 0xFF, 0x63, 0x00, 0x04, 0x01, 0x00, 0x15, 0xEF, 0xFF, 0x95, 0x00, 0x04, 0x00,
    0x00, 0x00, 0x00, 0x01, 0x00, 0x08, 0x61, 0x7D, 0x61, 0x08, 0x00, 0x04, 0x00, 0x53, 0xFF, 0xFF, 0x6D, 0x00, 0x04, 0x01, 0x00, 0x08, 0xE4, 0xFF,
    0xA0, 0x00, 0x04, 0x00, 0x01, 0x00, 0xC1, 0xFF, 0xC0, 0x00, 0x02, 0x00, 0x00, 0x00, 0x02, 0x01, 0x17, 0xCC, 0xFF, 0xFF, 0xFF, 0xCC, 0x17, 0x02,
    0x03, 0x05, 0xDD, 0xFE, 0xC2, 0x00, 0x02, 0x01, 0x02, 0x00, 0xB4, 0xFF, 0xCE, 0x00, 0x00, 0x01, 0x04, 0x00, 0x9F, 0xFF, 0xE2, 0x0A, 0x00, 0x01,
    0x00, 0x00, 0x03, 0x00, 0xAC, 0xFF, 0xFF, 0xF6, 0xFF, 0xFF, 0xAC, 0x00, 0x06, 0x00, 0x9A, 0xFF, 0xE1, 0x08, 0x00, 0x01, 0x04, 0x00, 0x8B, 0xFF,
    0xE2, 0x0B, 0x00, 0x01, 0x04, 0x00, 0x86, 0xFF, 0xEE, 0x15, 0x00, 0x01, 0x00, 0x01, 0x00, 0x0F, 0xEC, 0xFD, 0xB0, 0x19, 0xB0, 0xFD, 0xEC, 0x0F,
    0x00, 0x00, 0x7C, 0xFF, 0xEB, 0x12, 0x00, 0x01, 0x04, 0x00, 0x7D, 0xFF, 0xEB, 0x12, 0x00, 0x01, 0x04, 0x00, 0x7E, 0xFF, 0xFA, 0x27, 0x00, 0x02,
    0x00, 0x01, 0x00, 0x0F, 0xEC, 0xFD, 0xB0, 0x19, 0xB0, 0xFD, 0xEC, 0x0F, 0x00, 0x00, 0x7C, 0xFF, 0xEB, 0x12, 0x00, 0x01, 0x04, 0x00, 0x7D, 0xFF,
    0xEB, 0x12, 0x00, 0x01, 0x04, 0x00, 0x7E, 0xFF, 0xFA, 0x27, 0x00, 0x02, 0x00, 0x00, 0x03, 0x00, 0xAC, 0xFF, 0xFF, 0xF6, 0xFF, 0xFF, 0xAC, 0x00,
    0x06, 0x00, 0x9A, 0xFF, 0xE1, 0x08, 0x00, 0x01, 0x04, 0x00, 0x8B, 0xFF, 0xE2, 0x0B, 0x00, 0x01, 0x04, 0x00, 0x86, 0xFF, 0xEE, 0x15, 0x00, 0x01,
    0x00, 0x00, 0x02, 0x01, 0x17, 0xCC, 0xFF, 0xFF, 0xFF, 0xCC, 0x17, 0x02, 0x03, 0x05, 0xDD, 0xFE, 0xC2, 0x00, 0x02, 0x01, 0x02, 0x00, 0xB4, 0xFF,
    0xCE, 0x00, 0x00, 0x01, 0x04, 0x00, 0x9F, 0xFF, 0xE2, 0x0A, 0x00, 0x01, 0x00, 0x00, 0x00, 0x01, 0x00, 0x08, 0x61, 0x7D, 0x61, 0x08, 0x00, 0x04,
    0x00, 0x53, 0xFF, 0xFF, 0x6D, 0x00, 0x04, 0x01, 0x00, 0x08, 0xE4, 0xFF, 0xA0, 0x00, 0x04, 0x00, 0x01, 0x00, 0xC1, 0xFF, 0xC0, 0x00, 0x02, 0x00,
    0x00, 0x00, 0x00, 0x00, 0x01, 0x00, 0x00, 0x00, 0x00, 0x00, 0x03, 0x01, 0x0F, 0xE0, 0xFD, 0xED, 0x14, 0x00, 0x01, 0x03, 0x01, 0x43, 0xFD, 0xFF,
    0x63, 0x00, 0x04, 0x01, 0x00, 0x15, 0xEF, 0xFF, 0x95, 0x00, 0x04, 0x00, 0x00, 0x00, 0x00, 0x00, 0x00, 0x01, 0x04, 0x04, 0x04, 0x01, 0x03, 0x00,
    0xA1, 0xFF, 0xFF, 0x6B, 0x00, 0x03, 0x00, 0x03, 0x00, 0xB1, 0xFF, 0xFA, 0x22, 0x00, 0x02, 0x03, 0x01, 0x4A, 0xFF, 0xFF, 0x59, 0x00, 0x04, 0x00,
    0x00, 0x00, 0x00, 0x00, 0x00, 0x00, 0x00, 0x00, 0x00, 0x00, 0x03, 0x00, 0x94, 0xFF, 0xAE, 0x01, 0x03, 0x00, 0x02, 0x01, 0x23, 0xF9, 0xFF, 0xB3,
    0x00, 0x03, 0x00, 0x04, 0x00, 0x98, 0xFF, 0xF8, 0x22, 0x00, 0x02, 0x00, 0x00, 0x00, 0x00, 0x00, 0x00, 0x00, 0x00, 0x00, 0x00, 0x00, 0x01, 0x00,
    0x02, 0x3A, 0x02, 0x00, 0x01, 0x00, 0x04, 0x00, 0xAA, 0xFE, 0xF8, 0x35, 0x00, 0x03, 0x01, 0x01, 0x0B, 0xE4, 0xFE, 0xC1, 0x00, 0x02, 0x00, 0x00,
    0x00, 0x00, 0x00, 0x00, 0x00, 0x00, 0x00, 0x00, 0x00, 0x00, 0x00, 0x00, 0x00, 0x00, 0x00, 0x00, 0x00, 0x03, 0x00, 0x64, 0xFF, 0xFF, 0xA7, 0x00,
    0x03, 0x00, 0x04, 0x00, 0x6F, 0xFF, 0xFF, 0x5C, 0x00, 0x04, 0x00, 0x00, 0x00, 0x00, 0x00, 0x00, 0x00, 0x00, 0x00, 0x00, 0x00, 0x00, 0x00, 0x00,
    0x01, 0x03, 0x01, 0x00, 0x03, 0x00, 0x4F, 0xFA, 0xFF, 0xEA, 0x1A, 0x02, 0x02, 0x01, 0x02, 0x09, 0xE2, 0xFD, 0xD6, 0x06, 0x01, 0x01, 0x00, 0x00,
    0x00, 0x00, 0x00, 0x00, 0x00, 0x00, 0x00, 0x00, 0x00, 0x00, 0x00, 0x00, 0x00, 0x00, 0x00, 0x00, 0x03, 0x00, 0xC3, 0xFF, 0xFB, 0x40, 0x00, 0x02,
    0x00, 0x04, 0x00, 0x7E, 0xFF, 0xFF, 0x64, 0x00, 0x04, 0x00, 0x00, 0x00, 0x00, 0x00, 0x00, 0x00, 0x00, 0x00, 0x00, 0x00, 0x00, 0x00, 0x00, 0x00,
    0x00, 0x00, 0x00, 0x00, 0x02, 0x00, 0x3D, 0xB3, 0x4A, 0x00, 0x03, 0x00, 0x04, 0x00, 0x3E, 0xFA, 0xFE, 0xD1, 0x08, 0x02, 0x01, 0x00, 0x00, 0x00,
    0x00, 0x00, 0x00, 0x00, 0x00, 0x00, 0x00, 0x00, 0x00, 0x00, 0x00, 0x00, 0x00, 0x00, 0x00, 0x00, 0x00, 0x00, 0x00, 0x00, 0x00, 0x02, 0x00, 0x02,
    0x00, 0x0F, 0xE2, 0xFE, 0xFF, 0x3D, 0x00, 0x03, 0x00, 0x00, 0x00, 0x00, 0x00, 0x00, 0x00, 0x00, 0x00, 0x00, 0x00, 0x00, 0x00, 0x00, 0x00, 0x00,
    0x00, 0x00, 0x00, 0x00, 0x00, 0x00, 0x02, 0x03, 0x03, 0x00, 0x01, 0x02, 0x0C, 0xBF, 0xFF, 0xFF, 0x76, 0x00, 0x03, 0x00, 0x00, 0x00, 0x00, 0x00,
    0x00, 0x00, 0x00, 0x00, 0x00, 0x00, 0x00, 0x00, 0x00, 0x00, 0x00, 0x00, 0x00, 0x00, 0x00, 0x00, 0x00, 0x00, 0x00, 0x00, 0x00, 0x00, 0x03, 0x00,
    0xA1, 0xFF, 0xFF, 0xA4, 0x00, 0x04, 0x01, 0x00, 0x00, 0x00, 0x00, 0x00, 0x00, 0x00, 0x00, 0x00, 0x00, 0x00, 0x00, 0x00, 0x00, 0x00, 0x00, 0x00,
    0x00, 0x00, 0x00, 0x00, 0x00, 0x00, 0x00, 0x00, 0x00, 0x00, 0x03, 0x00, 0x95, 0xFF, 0xB7, 0x05, 0x03, 0x01, 0x00, 0x00, 0x00, 0x00, 0x00, 0x00,
    0x00, 0x00, 0x00, 0x00, 0x00, 0x00, 0x00, 0x00, 0x00, 0x00, 0x00, 0x00, 0x00, 0x00, 0x00, 0x00, 0x00, 0x00, 0x00, 0x00, 0x00, 0x00, 0x01, 0x00,
    0x02, 0x39, 0x01, 0x00, 0x01, 0x00, 0x00, 0x00, 0x00, 0x00, 0x00, 0x00, 0x00, 0x00, 0x00, 0x00, 0x00, 0x00, 0x00, 0x00, 0x00, 0x00, 0x00, 0x00,
    0x00, 0x00, 0x00, 0x00, 0x00, 0x00, 0x00, 0x00, 0x00, 0x00, 0x00, 0x00, 0x00, 0x00, 0x00, 0x01, 0x00, 0x00, 0x00, 0x00, 0x00, 0x00, 0x00, 0x00,
};
static const lv_image_dsc_t icon_reverb = {
    .header = { .magic = LV_IMAGE_HEADER_MAGIC, .cf = LV_COLOR_FORMAT_A8, .w = 36, .h = 36, .stride = 36 },
    .data_size = sizeof(icon_reverb_map),
    .data = icon_reverb_map,
};

static const uint8_t icon_capture_map[] = {
    0x00, 0x00, 0x00, 0x00, 0x00, 0x00, 0x00, 0x00, 0x00, 0x00, 0x00, 0x00, 0x00, 0x00, 0x00, 0x00, 0x00, 0x00, 0x00, 0x00, 0x00, 0x00, 0x00, 0x00,
    0x00, 0x00, 0x00, 0x00, 0x00, 0x00, 0x00, 0x00, 0x00, 0x00, 0x00, 0x00, 0x00, 0x00, 0x00, 0x00, 0x00, 0x00, 0x00, 0x00, 0x00, 0x00, 0x00, 0x00,
    0x00, 0x01, 0x03, 0x04, 0x03, 0x02, 0x02, 0x03, 0x04, 0x03, 0x01, 0x00, 0x00, 0x00, 0x00, 0x00, 0x00, 0x00, 0x00, 0x00, 0x00, 0x00, 0x00, 0x00,
    0x00, 0x00, 0x00, 0x00, 0x00, 0x00, 0x00, 0x00, 0x00, 0x00, 0x00, 0x02, 0x03, 0x00, 0x00, 0x00, 0x00, 0x00, 0x00, 0x00, 0x00, 0x00, 0x00, 0x03,
    0x02, 0x00, 0x00, 0x00, 0x00, 0x00, 0x00, 0x00, 0x00, 0x00, 0x00, 0x00, 0x00, 0x00, 0x00, 0x00, 0x00, 0x00, 0x00, 0x00, 0x00, 0x01, 0x02, 0x00,
    0x00, 0x13, 0x4B, 0x7E, 0xB1, 0xBA, 0xBA, 0xB1, 0x7E, 0x4B, 0x13, 0x00, 0x00, 0x02, 0x01, 0x00, 0x00, 0x00, 0x00, 0x00, 0x00, 0x00, 0x00, 0x00,
    0x00, 0x00, 0x00, 0x00, 0x00, 0x00, 0x00, 0x00, 0x03, 0x00, 0x00, 0x38, 0xA4, 0xE5, 0xFF, 0xFF, 0xFF, 0xFF, 0xFF, 0xFF, 0xFF, 0xFF, 0xE5, 0xA4,
    0x38, 0x00, 0x00, 0x03, 0x00, 0x00, 0x00, 0x00, 0x00, 0x00, 0x00, 0x00, 0x00, 0x00, 0x00, 0x00, 0x00, 0x00, 0x00, 0x04, 0x00, 0x1C, 0xA6, 0xFC,
    0xFF, 0xFF, 0xFF, 0xE5, 0xD5, 0xBE, 0xBE, 0xD5, 0xE5, 0xFF, 0xFF, 0xFF, 0xFC, 0xA6, 0x1C, 0x00, 0x04, 0x00, 0x00, 0x00, 0x00, 0x00, 0x00, 0x00,
    0x00, 0x00, 0x00, 0x00, 0x00, 0x00, 0x04, 0x00, 0x52, 0xE6, 0xFF, 0xFF, 0xEB, 0x91, 0x49, 0x0F, 0x01, 0x00, 0x00, 0x01, 0x0F, 0x49, 0x91, 0xEB,
    0xFF, 0xFF, 0xE6, 0x52, 0x00, 0x04, 0x00, 0x00, 0x00, 0x00, 0x00, 0x00, 0x00, 0x00, 0x00, 0x00, 0x00, 0x04, 0x00, 0x57, 0xFC, 0xFF, 0xFF, 0x95,
    0x1F, 0x00, 0x00, 0x00, 0x00, 0x02, 0x02, 0x00, 0x00, 0x00, 0x00, 0x1F, 0x95, 0xFF, 0xFF, 0xFC, 0x57, 0x00, 0x04, 0x00, 0x00, 0x00, 0x00, 0x00,
    0x00, 0x00, 0x00, 0x00, 0x03, 0x00, 0x50, 0xFC, 0xFF, 0xF5, 0x5B, 0x00, 0x00, 0x04, 0x03, 0x01, 0x01, 0x00, 0x00, 0x01, 0x01, 0x03, 0x04, 0x00,
    0x00, 0x5B, 0xF5, 0xFF, 0xFC, 0x50, 0x00, 0x03, 0x00, 0x00, 0x00, 0x00, 0x00, 0x00, 0x00, 0x02, 0x02, 0x1E, 0xF1, 0xFF, 0xF6, 0x41, 0x00, 0x05,
    0x02, 0x00, 0x00, 0x00, 0x00, 0x00, 0x00, 0x00, 0x00, 0x00, 0x00, 0x02, 0x05, 0x00, 0x41, 0xF6, 0xFF, 0xF1, 0x1E, 0x02, 0x02, 0x00, 0x00, 0x00,
    0x00, 0x00, 0x00, 0x03, 0x00, 0xAF, 0xFF, 0xFF, 0x59, 0x00, 0x08, 0x03, 0x03, 0x00, 0x00, 0x00, 0x00, 0x00, 0x00, 0x00, 0x00, 0x00, 0x00, 0x04,
    0x02, 0x09, 0x00, 0x59, 0xFF, 0xFF, 0xAF, 0x00, 0x03, 0x00, 0x00, 0x00, 0x00, 0x00, 0x03, 0x00, 0x34, 0xFC, 0xFF, 0x9D, 0x00, 0x00, 0x00, 0x00,
    0x00, 0x02, 0x00, 0x00, 0x00, 0x00, 0x00, 0x00, 0x00, 0x00, 0x01, 0x00, 0x00, 0x00, 0x00, 0x00, 0x9D, 0xFF, 0xFC, 0x34, 0x00, 0x03, 0x00, 0x00,
    0x00, 0x00, 0x03, 0x00, 0xAA, 0xFF, 0xF0, 0x1C, 0x00, 0x31, 0xA8, 0xB7, 0x50, 0x00, 0x03, 0x00, 0x00, 0x00, 0x00, 0x00, 0x01, 0x02, 0x00, 0x6A,
    0xB9, 0xA0, 0x29, 0x00, 0x1C, 0xF0, 0xFF, 0xAA, 0x00, 0x03, 0x00, 0x00, 0x00, 0x01, 0x00, 0x16, 0xF0, 0xFE, 0xA2, 0x00, 0x3D, 0xF4, 0xFF, 0xFF,
    0xFF, 0x67, 0x00, 0x03, 0x00, 0x00, 0x00, 0x00, 0x03, 0x00, 0xA1, 0xFF, 0xFF, 0xFF, 0xEE, 0x3C, 0x00, 0xA2, 0xFE, 0xF0, 0x16, 0x00, 0x01, 0x00,
    0x00, 0x04, 0x00, 0x56, 0xFF, 0xFF, 0x46, 0x0D, 0xE4, 0xFF, 0xF9, 0xEF, 0xFE, 0xF1, 0x1A, 0x01, 0x02, 0x00, 0x00, 0x03, 0x00, 0x70, 0xFF, 0xFF,
    0xE0, 0xF7, 0xFF, 0xE1, 0x0D, 0x46, 0xFF, 0xFF, 0x56, 0x00, 0x04, 0x00, 0x00, 0x04, 0x00, 0x84, 0xFF, 0xF3, 0x04, 0x91, 0xFF, 0xFF, 0x6B, 0x3F,
    0xFF, 0xFF, 0x9D, 0x00, 0x03, 0x00, 0x02, 0x01, 0x22, 0xF9, 0xFD, 0xE1, 0x15, 0x72, 0xFF, 0xFF, 0x91, 0x04, 0xF3, 0xFF, 0x84, 0x00, 0x04, 0x00,
    0x00, 0x02, 0x00, 0xB3, 0xFF, 0xCF, 0x28, 0xF7, 0xFE, 0xBD, 0x00, 0x00, 0xBF, 0xFE, 0xEF, 0x15, 0x00, 0x01, 0x03, 0x00, 0x9E, 0xFF, 0xFD, 0x43,
    0x00, 0x00, 0xBD, 0xFE, 0xF7, 0x28, 0xCF, 0xFF, 0xB3, 0x00, 0x02, 0x00, 0x00, 0x02, 0x00, 0xBB, 0xFF, 0xB2, 0x9D, 0xFF, 0xFD, 0x2F, 0x01, 0x01,
    0x4D, 0xFF, 0xFF, 0x61, 0x00, 0x06, 0x01, 0x26, 0xF8, 0xFF, 0xAC, 0x00, 0x06, 0x00, 0x2F, 0xFD, 0xFF, 0x9D, 0xB2, 0xFF, 0xBB, 0x00, 0x02, 0x00,
    0x00, 0x02, 0x00, 0xBB, 0xFF, 0xB4, 0x8A, 0xFF, 0x91, 0x00, 0x04, 0x01, 0x04, 0xD8, 0xFE, 0xC8, 0x01, 0x06, 0x00, 0xAC, 0xFF, 0xF8, 0x26, 0x01,
    0x02, 0x03, 0x00, 0x91, 0xFF, 0x8A, 0xB4, 0xFF, 0xBB, 0x00, 0x02, 0x00, 0x00, 0x02, 0x00, 0xB3, 0xFF, 0xD7, 0x05, 0x39, 0x03, 0x01, 0x01, 0x04,
    0x00, 0x86, 0xFF, 0xFF, 0x44, 0x00, 0x45, 0xFD, 0xFF, 0x9E, 0x00, 0x03, 0x00, 0x01, 0x01, 0x03, 0x39, 0x05, 0xD7, 0xFF, 0xB3, 0x00, 0x02, 0x00,
    0x00, 0x04, 0x00, 0x84, 0xFF, 0xF0, 0x15, 0x00, 0x01, 0x00, 0x00, 0x02, 0x00, 0x25, 0xFA, 0xFD, 0xBD, 0x21, 0xE1, 0xFD, 0xF8, 0x22, 0x01, 0x02,
    0x00, 0x00, 0x00, 0x01, 0x00, 0x15, 0xF0, 0xFF, 0x84, 0x00, 0x04, 0x00, 0x00, 0x04, 0x00, 0x56, 0xFF, 0xFF, 0x4A, 0x04, 0x04, 0x00, 0x00, 0x00,
    0x03, 0x00, 0x88, 0xFF, 0xF8, 0xED, 0xFE, 0xFF, 0x73, 0x00, 0x03, 0x00, 0x00, 0x00, 0x00, 0x04, 0x04, 0x4A, 0xFF, 0xFF, 0x56, 0x00, 0x04, 0x00,
    0x00, 0x01, 0x00, 0x16, 0xF0, 0xFF, 0x9E, 0x00, 0x03, 0x00, 0x00, 0x00, 0x01, 0x02, 0x0E, 0xD0, 0xFF, 0xFF, 0xFF, 0xA5, 0x00, 0x03, 0x01, 0x00,
    0x00, 0x00, 0x00, 0x03, 0x00, 0x9E, 0xFF, 0xF0, 0x16, 0x00, 0x01, 0x00, 0x00, 0x00, 0x03, 0x00, 0xAA, 0xFF, 0xF0, 0x1A, 0x02, 0x02, 0x00, 0x00,
    0x00, 0x01, 0x00, 0x0F, 0x93, 0xBA, 0x73, 0x01, 0x02, 0x01, 0x00, 0x00, 0x00, 0x00, 0x02, 0x02, 0x1A, 0xF0, 0xFF, 0xAA, 0x00, 0x03, 0x00, 0x00,
    0x00, 0x00, 0x03, 0x00, 0x34, 0xFC, 0xFF, 0x9D, 0x00, 0x05, 0x00, 0x00, 0x00, 0x00, 0x01, 0x00, 0x00, 0x00, 0x00, 0x00, 0x00, 0x00, 0x00, 0x00,
    0x00, 0x00, 0x05, 0x00, 0x9D, 0xFF, 0xFC, 0x34, 0x00, 0x03, 0x00, 0x00, 0x00, 0x00, 0x00, 0x03, 0x00, 0xAF, 0xFF, 0xFF, 0x59, 0x00, 0x05, 0x00,
    0x00, 0x00, 0x00, 0x01, 0x03, 0x02, 0x04, 0x01, 0x00, 0x00, 0x00, 0x00, 0x00, 0x05, 0x00, 0x59, 0xFF, 0xFF, 0xAF, 0x00, 0x03, 0x00, 0x00, 0x00,
    0x00, 0x00, 0x00, 0x02, 0x02, 0x1E, 0xF1, 0xFF, 0xF6, 0x41, 0x00, 0x05, 0x02, 0x00, 0x00, 0x00, 0x00, 0x00, 0x00, 0x00, 0x00, 0x00, 0x00, 0x02,
    0x05, 0x00, 0x41, 0xF6, 0xFF, 0xF1, 0x1E, 0x02, 0x02, 0x00, 0x00, 0x00, 0x00, 0x00, 0x00, 0x00, 0x03, 0x00, 0x50, 0xFC, 0xFF, 0xF5, 0x5B, 0x00,
    0x00, 0x04, 0x03, 0x01, 0x01, 0x00, 0x00, 0x01, 0x01, 0x03, 0x04, 0x00, 0x00, 0x5B, 0xF5, 0xFF, 0xFC, 0x50, 0x00, 0x03, 0x00, 0x00, 0x00, 0x00,
    0x00, 0x00, 0x00, 0x00, 0x00, 0x04, 0x00, 0x57, 0xFC, 0xFF, 0xFF, 0x95, 0x1F, 0x00, 0x00, 0x00, 0x00, 0x02, 0x02, 0x00, 0x00, 0x00, 0x00, 0x1F,
    0x95, 0xFF, 0xFF, 0xFC, 0x57, 0x00, 0x04, 0x00, 0x00, 0x00, 0x00, 0x00, 0x00, 0x00, 0x00, 0x00, 0x00, 0x00, 0x04, 0x00, 0x52, 0xE6, 0xFF, 0xFF,
    0xEB, 0x91, 0x49, 0x0F, 0x01, 0x00, 0x00, 0x01, 0x0F, 0x49, 0x91, 0xEB, 0xFF, 0xFF, 0xE6, 0x52, 0x00, 0x04, 0x00, 0x00, 0x00, 0x00, 0x00, 0x00,
    0x00, 0x00, 0x00, 0x00, 0x00, 0x00, 0x00, 0x04, 0x00, 0x1C, 0xA6, 0xFC, 0xFF, 0xFF, 0xFF, 0xE5, 0xD5, 0xBE, 0xBE, 0xD5, 0xE5, 0xFF, 0xFF, 0xFF,
    0xFC, 0xA6, 0x1C, 0x00, 0x04, 0x00, 0x00, 0x00, 0x00, 0x00, 0x00, 0x00, 0x00, 0x00, 0x00, 0x00, 0x00, 0x00, 0x00, 0x00, 0x03, 0x00, 0x00, 0x38,
    0xA4, 0xE5, 0xFF, 0xFF, 0xFF, 0xFF, 0xFF, 0xFF, 0xFF, 0xFF, 0xE5, 0xA4, 0x38, 0x00, 0x00, 0x03, 0x00, 0x00, 0x00, 0x00, 0x00, 0x00, 0x00, 0x00,
    0x00, 0x00, 0x00, 0x00, 0x00, 0x00, 0x00, 0x00, 0x00, 0x01, 0x02, 0x00, 0x00, 0x13, 0x4B, 0x7E, 0xB1, 0xBA, 0xBA, 0xB1, 0x7E, 0x4B, 0x13, 0x00,
    0x00, 0x02, 0x01, 0x00, 0x00, 0x00, 0x00, 0x00, 0x00, 0x00, 0x00, 0x00, 0x00, 0x00, 0x00, 0x00, 0x00, 0x00, 0x00, 0x00, 0x00, 0x00, 0x00, 0x02,
    0x03, 0x00, 0x00, 0x00, 0x00, 0x00, 0x00, 0x00, 0x00, 0x00, 0x00, 0x03, 0x02, 0x00, 0x00, 0x00, 0x00, 0x00, 0x00, 0x00, 0x00, 0x00, 0x00, 0x00,
    0x00, 0x00, 0x00, 0x00, 0x00, 0x00, 0x00, 0x00, 0x00, 0x00, 0x00, 0x00, 0x00, 0x01, 0x03, 0x04, 0x03, 0x02, 0x02, 0x03, 0x04, 0x03, 0x01, 0x00,
    0x00, 0x00, 0x00, 0x00, 0x00, 0x00, 0x00, 0x00, 0x00, 0x00, 0x00, 0x00, 0x00, 0x00, 0x00, 0x00, 0x00, 0x00, 0x00, 0x00, 0x00, 0x00, 0x00, 0x00,
    0x00, 0x00, 0x00, 0x00, 0x00, 0x00, 0x00, 0x00, 0x00, 0x00, 0x00, 0x00, 0x00, 0x00, 0x00, 0x00, 0x00, 0x00, 0x00, 0x00, 0x00, 0x00, 0x00, 0x00,
};
static const lv_image_dsc_t icon_capture = {
    .header = { .magic = LV_IMAGE_HEADER_MAGIC, .cf = LV_COLOR_FORMAT_A8, .w = 36, .h = 36, .stride = 36 },
    .data_size = sizeof(icon_capture_map),
    .data = icon_capture_map,
};

static const uint8_t icon_cab_map[] = {
    0x00, 0x00, 0x00, 0x00, 0x00, 0x00, 0x00, 0x00, 0x00, 0x00, 0x00, 0x00, 0x00, 0x00, 0x00, 0x00, 0x00, 0x00, 0x00, 0x00, 0x00, 0x00, 0x00, 0x00,
    0x00, 0x00, 0x00, 0x00, 0x00, 0x00, 0x00, 0x00, 0x00, 0x00, 0x00, 0x00, 0x00, 0x00, 0x00, 0x00, 0x00, 0x00, 0x01, 0x04, 0x02, 0x02, 0x02, 0x02,
    0x02, 0x02, 0x02, 0x02, 0x02, 0x02, 0x02, 0x02, 0x02, 0x02, 0x02, 0x02, 0x02, 0x02, 0x02, 0x02, 0x04, 0x01, 0x00, 0x00, 0x00, 0x00, 0x00, 0x00,
    0x00, 0x00, 0x00, 0x00, 0x00, 0x01, 0x00, 0x00, 0x00, 0x00, 0x00, 0x00, 0x00, 0x00, 0x00, 0x00, 0x00, 0x00, 0x00, 0x00, 0x00, 0x00, 0x00, 0x00,
    0x00, 0x00, 0x00, 0x00, 0x00, 0x00, 0x01, 0x00, 0x00, 0x00, 0x00, 0x00, 0x00, 0x00, 0x00, 0x00, 0x01, 0x00, 0x0F, 0x7A, 0xB8, 0xB9, 0xBA, 0xBA,
    0xBA, 0xBA, 0xBA, 0xBA, 0xBA, 0xBA, 0xBA, 0xBA, 0xBA, 0xBA, 0xBA, 0xBA, 0xBA, 0xBA, 0xB9, 0xB8, 0x7A, 0x0F, 0x00, 0x01, 0x00, 0x00, 0x00, 0x00,
    0x00, 0x00, 0x00, 0x02, 0x01, 0x1F, 0xD7, 0xFF, 0xFF, 0xFF, 0xFF, 0xFF, 0xFF, 0xFF, 0xFF, 0xFF, 0xFF, 0xFF, 0xFF, 0xFF, 0xFF, 0xFF, 0xFF, 0xFF,
    0xFF, 0xFF, 0xFF, 0xFF, 0xFF, 0xD7, 0x1F, 0x01, 0x02, 0x00, 0x00, 0x00, 0x00, 0x00, 0x00, 0x02, 0x00, 0xB9, 0xFF, 0xFE, 0xD5, 0xBA, 0xBB, 0xBA,
    0xBA, 0xBA, 0xBA, 0xBA, 0xBA, 0xBA, 0xBA, 0xBA, 0xBA, 0xBA, 0xBA, 0xBA, 0xBA, 0xBB, 0xBA, 0xD5, 0xFE, 0xFF, 0xB9, 0x00, 0x02, 0x00, 0x00, 0x00,
    0x00, 0x00, 0x02, 0x00, 0x31, 0xFF, 0xFD, 0x9F, 0x03, 0x00, 0x00, 0x00, 0x00, 0x00, 0x00, 0x00, 0x00, 0x00, 0x00, 0x00, 0x00, 0x00, 0x00, 0x00,
    0x00, 0x00, 0x00, 0x03, 0x9F, 0xFD, 0xFF, 0x31, 0x00, 0x02, 0x00, 0x00, 0x00, 0x00, 0x03, 0x00, 0x45, 0xFF, 0xFF, 0x42, 0x00, 0x06, 0x02, 0x02,
    0x02, 0x02, 0x02, 0x02, 0x02, 0x02, 0x02, 0x02, 0x02, 0x02, 0x02, 0x02, 0x02, 0x02, 0x06, 0x00, 0x42, 0xFF, 0xFF, 0x45, 0x00, 0x03, 0x00, 0x00,
    0x00, 0x00, 0x03, 0x00, 0x41, 0xFF, 0xFF, 0x42, 0x01, 0x03, 0x00, 0x00, 0x00, 0x00, 0x00, 0x00, 0x00, 0x00, 0x00, 0x00, 0x00, 0x00, 0x00, 0x00,
    0x00, 0x00, 0x03, 0x01, 0x42, 0xFF, 0xFF, 0x41, 0x00, 0x03, 0x00, 0x00, 0x00, 0x00, 0x03, 0x00, 0x42, 0xFF, 0xFF, 0x42, 0x00, 0x03, 0x00, 0x00,
    0x00, 0x00, 0x00, 0x02, 0x04, 0x04, 0x04, 0x04, 0x02, 0x00, 0x00, 0x00, 0x00, 0x00, 0x03, 0x00, 0x42, 0xFF, 0xFF, 0x42, 0x00, 0x03, 0x00, 0x00,
    0x00, 0x00, 0x03, 0x00, 0x42, 0xFF, 0xFF, 0x42, 0x00, 0x03, 0x00, 0x00, 0x00, 0x02, 0x02, 0x00, 0x00, 0x00, 0x00, 0x00, 0x00, 0x02, 0x02, 0x00,
    0x00, 0x00, 0x03, 0x00, 0x42, 0xFF, 0xFF, 0x42, 0x00, 0x03, 0x00, 0x00, 0x00, 0x00, 0x03, 0x00, 0x42, 0xFF, 0xFF, 0x42, 0x00, 0x03, 0x00, 0x00,
    0x03, 0x00, 0x00, 0x28, 0x5A, 0x7C, 0x7C, 0x5A, 0x28, 0x00, 0x00, 0x03, 0x00, 0x00, 0x03, 0x00, 0x42, 0xFF, 0xFF, 0x42, 0x00, 0x03, 0x00, 0x00,
    0x00, 0x00, 0x03, 0x00, 0x42, 0xFF, 0xFF, 0x42, 0x00, 0x03, 0x00, 0x03, 0x00, 0x25, 0xB3, 0xF6, 0xFF, 0xFF, 0xFF, 0xFF, 0xF6, 0xB3, 0x25, 0x00,
    0x03, 0x00, 0x03, 0x00, 0x42, 0xFF, 0xFF, 0x42, 0x00, 0x03, 0x00, 0x00, 0x00, 0x00, 0x03, 0x00, 0x42, 0xFF, 0xFF, 0x42, 0x00, 0x03, 0x03, 0x00,
    0x4B, 0xEC, 0xFF, 0xFF, 0xFF, 0xEC, 0xEC, 0xFF, 0xFF, 0xFF, 0xEC, 0x4B, 0x00, 0x03, 0x03, 0x00, 0x42, 0xFF, 0xFF, 0x42, 0x00, 0x03, 0x00, 0x00,
    0x00, 0x00, 0x03, 0x00, 0x42, 0xFF, 0xFF, 0x42, 0x00, 0x06, 0x00, 0x35, 0xFB, 0xFF, 0xFA, 0x9D, 0x3A, 0x18, 0x18, 0x3A, 0x9D, 0xFA, 0xFF, 0xFB,
    0x35, 0x00, 0x06, 0x00, 0x42, 0xFF, 0xFF, 0x42, 0x00, 0x03, 0x00, 0x00, 0x00, 0x00, 0x03, 0x00, 0x42, 0xFF, 0xFF, 0x42, 0x00, 0x03, 0x10, 0xDE,
    0xFF, 0xF4, 0x4B, 0x00, 0x00, 0x00, 0x00, 0x00, 0x00, 0x4B, 0xF4, 0xFF, 0xDE, 0x10, 0x03, 0x00, 0x42, 0xFF, 0xFF, 0x42, 0x00, 0x03, 0x00, 0x00,
    0x00, 0x00, 0x03, 0x00, 0x42, 0xFF, 0xFF, 0x42, 0x00, 0x00, 0x6E, 0xFF, 0xFF, 0x67, 0x00, 0x02, 0x05, 0x40, 0x40, 0x05, 0x02, 0x00, 0x67, 0xFF,
    0xFF, 0x6E, 0x00, 0x00, 0x42, 0xFF, 0xFF, 0x42, 0x00, 0x03, 0x00, 0x00, 0x00, 0x00, 0x03, 0x00, 0x42, 0xFF, 0xFF, 0x42, 0x00, 0x00, 0xC0, 0xFE,
    0xDE, 0x06, 0x03, 0x16, 0xC7, 0xFF, 0xFF, 0xC7, 0x16, 0x03, 0x06, 0xDE, 0xFE, 0xC0, 0x00, 0x00, 0x42, 0xFF, 0xFF, 0x42, 0x00, 0x03, 0x00, 0x00,
    0x00, 0x00, 0x03, 0x00, 0x42, 0xFF, 0xFF, 0x43, 0x00, 0x0D, 0xE3, 0xFF, 0x94, 0x00, 0x00, 0x9A, 0xFF, 0xF9, 0xF9, 0xFF, 0x9A, 0x00, 0x00, 0x94,
    0xFF, 0xE3, 0x0D, 0x00, 0x43, 0xFF, 0xFF, 0x42, 0x00, 0x03, 0x00, 0x00, 0x00, 0x00, 0x03, 0x00, 0x42, 0xFF, 0xFF, 0x43, 0x00, 0x16, 0xEC, 0xFF,
    0x79, 0x01, 0x00, 0xC7, 0xFA, 0xF2, 0xF2, 0xFA, 0xC7, 0x00, 0x01, 0x79, 0xFF, 0xEC, 0x16, 0x00, 0x43, 0xFF, 0xFF, 0x42, 0x00, 0x03, 0x00, 0x00,
    0x00, 0x00, 0x03, 0x00, 0x42, 0xFF, 0xFF, 0x43, 0x00, 0x0D, 0xE3, 0xFF, 0x94, 0x00, 0x00, 0x9A, 0xFF, 0xF9, 0xF9, 0xFF, 0x9A, 0x00, 0x00, 0x94,
    0xFF, 0xE3, 0x0D, 0x00, 0x43, 0xFF, 0xFF, 0x42, 0x00, 0x03, 0x00, 0x00, 0x00, 0x00, 0x03, 0x00, 0x42, 0xFF, 0xFF, 0x42, 0x00, 0x00, 0xC0, 0xFE,
    0xDE, 0x06, 0x03, 0x16, 0xC7, 0xFF, 0xFF, 0xC7, 0x16, 0x03, 0x06, 0xDE, 0xFE, 0xC0, 0x00, 0x00, 0x42, 0xFF, 0xFF, 0x42, 0x00, 0x03, 0x00, 0x00,
    0x00, 0x00, 0x03, 0x00, 0x42, 0xFF, 0xFF, 0x42, 0x00, 0x00, 0x6E, 0xFF, 0xFF, 0x67, 0x00, 0x02, 0x05, 0x40, 0x40, 0x05, 0x02, 0x00, 0x67, 0xFF,
    0xFF, 0x6E, 0x00, 0x00, 0x42, 0xFF, 0xFF, 0x42, 0x00, 0x03, 0x00, 0x00, 0x00, 0x00, 0x03, 0x00, 0x42, 0xFF, 0xFF, 0x42, 0x00, 0x03, 0x10, 0xDE,
    0xFF, 0xF4, 0x4B, 0x00, 0x00, 0x00, 0x00, 0x00, 0x00, 0x4B, 0xF4, 0xFF, 0xDE, 0x10, 0x03, 0x00, 0x42, 0xFF, 0xFF, 0x42, 0x00, 0x03, 0x00, 0x00,
    0x00, 0x00, 0x03, 0x00, 0x42, 0xFF, 0xFF, 0x42, 0x00, 0x06, 0x00, 0x35, 0xFB, 0xFF, 0xFA, 0x9D, 0x3A, 0x18, 0x18, 0x3A, 0x9D, 0xFA, 0xFF, 0xFB,
    0x35, 0x00, 0x06, 0x00, 0x42, 0xFF, 0xFF, 0x42, 0x00, 0x03, 0x00, 0x00, 0x00, 0x00, 0x03, 0x00, 0x42, 0xFF, 0xFF, 0x42, 0x00, 0x03, 0x03, 0x00,
    0x4B, 0xEC, 0xFF, 0xFF, 0xFF, 0xEC, 0xEC, 0xFF, 0xFF, 0xFF, 0xEC, 0x4B, 0x00, 0x03, 0x03, 0x00, 0x42, 0xFF, 0xFF, 0x42, 0x00, 0x03, 0x00, 0x00,
    0x00, 0x00, 0x03, 0x00, 0x42, 0xFF, 0xFF, 0x42, 0x00, 0x03, 0x00, 0x03, 0x00, 0x25, 0xB3, 0xF6, 0xFF, 0xFF, 0xFF, 0xFF, 0xF6, 0xB3, 0x25, 0x00,
    0x03, 0x00, 0x03, 0x00, 0x42, 0xFF, 0xFF, 0x42, 0x00, 0x03, 0x00, 0x00, 0x00, 0x00, 0x03, 0x00, 0x41, 0xFF, 0xFF, 0x42, 0x01, 0x03, 0x00, 0x00,
    0x03, 0x00, 0x00, 0x28, 0x5A, 0x7C, 0x7C, 0x5A, 0x28, 0x00, 0x00, 0x03, 0x00, 0x00, 0x03, 0x01, 0x42, 0xFF, 0xFF, 0x41, 0x00, 0x03, 0x00, 0x00,
    0x00, 0x00, 0x03, 0x00, 0x45, 0xFF, 0xFF, 0x42, 0x00, 0x06, 0x02, 0x02, 0x02, 0x04, 0x04, 0x00, 0x00, 0x00, 0x00, 0x00, 0x00, 0x04, 0x04, 0x02,
    0x02, 0x02, 0x06, 0x00, 0x42, 0xFF, 0xFF, 0x45, 0x00, 0x03, 0x00, 0x00, 0x00, 0x00, 0x02, 0x00, 0x31, 0xFF, 0xFD, 0x9F, 0x03, 0x00, 0x00, 0x00,
    0x00, 0x00, 0x00, 0x00, 0x00, 0x00, 0x00, 0x00, 0x00, 0x00, 0x00, 0x00, 0x00, 0x00, 0x00, 0x03, 0x9F, 0xFD, 0xFF, 0x31, 0x00, 0x02, 0x00, 0x00,
    0x00, 0x00, 0x00, 0x02, 0x00, 0xB9, 0xFF, 0xFE, 0xD5, 0xBA, 0xBB, 0xBA, 0xBA, 0xBA, 0xBA, 0xBA, 0xBA, 0xBA, 0xBA, 0xBA, 0xBA, 0xBA, 0xBA, 0xBA,
    0xBA, 0xBB, 0xBA, 0xD5, 0xFE, 0xFF, 0xB9, 0x00, 0x02, 0x00, 0x00, 0x00, 0x00, 0x00, 0x00, 0x02, 0x01, 0x1F, 0xD7, 0xFF, 0xFF, 0xFF, 0xFF, 0xFF,
    0xFF, 0xFF, 0xFF, 0xFF, 0xFF, 0xFF, 0xFF, 0xFF, 0xFF, 0xFF, 0xFF, 0xFF, 0xFF, 0xFF, 0xFF, 0xFF, 0xFF, 0xD7, 0x1F, 0x01, 0x02, 0x00, 0x00, 0x00,
    0x00, 0x00, 0x00, 0x00, 0x01, 0x00, 0x0F, 0x7A, 0xB8, 0xB9, 0xBA, 0xBA, 0xBA, 0xBA, 0xBA, 0xBA, 0xBA, 0xBA, 0xBA, 0xBA, 0xBA, 0xBA, 0xBA, 0xBA,
    0xBA, 0xBA, 0xB9, 0xB8, 0x7A, 0x0F, 0x00, 0x01, 0x00, 0x00, 0x00, 0x00, 0x00, 0x00, 0x00, 0x00, 0x00, 0x01, 0x00, 0x00, 0x00, 0x00, 0x00, 0x00,
    0x00, 0x00, 0x00, 0x00, 0x00, 0x00, 0x00, 0x00, 0x00, 0x00, 0x00, 0x00, 0x00, 0x00, 0x00, 0x00, 0x00, 0x00, 0x01, 0x00, 0x00, 0x00, 0x00, 0x00,
    0x00, 0x00, 0x00, 0x00, 0x00, 0x00, 0x01, 0x04, 0x02, 0x02, 0x02, 0x02, 0x02, 0x02, 0x02, 0x02, 0x02, 0x02, 0x02, 0x02, 0x02, 0x02, 0x02, 0x02,
    0x02, 0x02, 0x02, 0x02, 0x04, 0x01, 0x00, 0x00, 0x00, 0x00, 0x00, 0x00, 0x00, 0x00, 0x00, 0x00, 0x00, 0x00, 0x00, 0x00, 0x00, 0x00, 0x00, 0x00,
    0x00, 0x00, 0x00, 0x00, 0x00, 0x00, 0x00, 0x00, 0x00, 0x00, 0x00, 0x00, 0x00, 0x00, 0x00, 0x00, 0x00, 0x00, 0x00, 0x00, 0x00, 0x00, 0x00, 0x00,
};
static const lv_image_dsc_t icon_cab = {
    .header = { .magic = LV_IMAGE_HEADER_MAGIC, .cf = LV_COLOR_FORMAT_A8, .w = 36, .h = 36, .stride = 36 },
    .data_size = sizeof(icon_cab_map),
    .data = icon_cab_map,
};

static const uint8_t icon_tuner_map[] = {
    0x00, 0x00, 0x00, 0x00, 0x00, 0x00, 0x00, 0x00, 0x00, 0x00, 0x01, 0x00, 0x00, 0x01, 0x00, 0x00, 0x00, 0x00, 0x00, 0x00, 0x00, 0x00, 0x01, 0x00,
    0x00, 0x01, 0x00, 0x00, 0x00, 0x00, 0x00, 0x00, 0x00, 0x00, 0x00, 0x00, 0x00, 0x00, 0x00, 0x00, 0x00, 0x00, 0x00, 0x00, 0x00, 0x01, 0x00, 0x27,
    0x27, 0x00, 0x01, 0x00, 0x00, 0x00, 0x00, 0x00, 0x00, 0x01, 0x00, 0x27, 0x27, 0x00, 0x01, 0x00, 0x00, 0x00, 0x00, 0x00, 0x00, 0x00, 0x00, 0x00,
    0x00, 0x00, 0x00, 0x00, 0x00, 0x00, 0x00, 0x00, 0x02, 0x01, 0x25, 0xF6, 0xF6, 0x25, 0x01, 0x02, 0x00, 0x00, 0x00, 0x00, 0x02, 0x01, 0x25, 0xF6,
    0xF6, 0x25, 0x01, 0x02, 0x00, 0x00, 0x00, 0x00, 0x00, 0x00, 0x00, 0x00, 0x00, 0x00, 0x00, 0x00, 0x00, 0x00, 0x00, 0x00, 0x03, 0x00, 0x46, 0xFF,
    0xFF, 0x46, 0x00, 0x03, 0x00, 0x00, 0x00, 0x00, 0x03, 0x00, 0x46, 0xFF, 0xFF, 0x46, 0x00, 0x03, 0x00, 0x00, 0x00, 0x00, 0x00, 0x00, 0x00, 0x00,
    0x00, 0x00, 0x00, 0x00, 0x00, 0x00, 0x00, 0x00, 0x03, 0x00, 0x41, 0xFE, 0xFE, 0x41, 0x00, 0x03, 0x00, 0x00, 0x00, 0x00, 0x03, 0x00, 0x41, 0xFE,
    0xFE, 0x41, 0x00, 0x03, 0x00, 0x00, 0x00, 0x00, 0x00, 0x00, 0x00, 0x00, 0x00, 0x00, 0x00, 0x00, 0x00, 0x00, 0x00, 0x00, 0x03, 0x00, 0x42, 0xFF,
    0xFF, 0x42, 0x00, 0x03, 0x00, 0x00, 0x00, 0x00, 0x03, 0x00, 0x42, 0xFF, 0xFF, 0x42, 0x00, 0x03, 0x00, 0x00, 0x00, 0x00, 0x00, 0x00, 0x00, 0x00,
    0x00, 0x00, 0x00, 0x00, 0x00, 0x00, 0x00, 0x00, 0x03, 0x00, 0x42, 0xFF, 0xFF, 0x42, 0x00, 0x03, 0x00, 0x00, 0x00, 0x00, 0x03, 0x00, 0x42, 0xFF,
    0xFF, 0x42, 0x00, 0x03, 0x00, 0x00, 0x00, 0x00, 0x00, 0x00, 0x00, 0x00, 0x00, 0x00, 0x00, 0x00, 0x00, 0x00, 0x00, 0x00, 0x03, 0x00, 0x42, 0xFF,
    0xFF, 0x42, 0x00, 0x03, 0x00, 0x00, 0x00, 0x00, 0x03, 0x00, 0x42, 0xFF, 0xFF, 0x42, 0x00, 0x03, 0x00, 0x00, 0x00, 0x00, 0x00, 0x00, 0x00, 0x00,
    0x00, 0x00, 0x00, 0x00, 0x00, 0x00, 0x00, 0x00, 0x03, 0x00, 0x42, 0xFF, 0xFF, 0x42, 0x00, 0x03, 0x00, 0x00, 0x00, 0x00, 0x03, 0x00, 0x42, 0xFF,
    0xFF, 0x42, 0x00, 0x03, 0x00, 0x00, 0x00, 0x00, 0x00, 0x00, 0x00, 0x00, 0x00, 0x00, 0x00, 0x00, 0x00, 0x00, 0x00, 0x00, 0x03, 0x00, 0x42, 0xFF,
    0xFF, 0x42, 0x00, 0x03, 0x00, 0x00, 0x00, 0x00, 0x03, 0x00, 0x42, 0xFF, 0xFF, 0x42, 0x00, 0x03, 0x00, 0x00, 0x00, 0x00, 0x00, 0x00, 0x00, 0x00,
    0x00, 0x00, 0x00, 0x00, 0x00, 0x00, 0x00, 0x00, 0x03, 0x00, 0x42, 0xFF, 0xFF, 0x42, 0x00, 0x03, 0x00, 0x00, 0x00, 0x00, 0x03, 0x00, 0x42, 0xFF,
    0xFF, 0x42, 0x00, 0x03, 0x00, 0x00, 0x00, 0x00, 0x00, 0x00, 0x00, 0x00, 0x00, 0x00, 0x00, 0x00, 0x00, 0x00, 0x00, 0x00, 0x03, 0x00, 0x42, 0xFF,
    0xFF, 0x42, 0x00, 0x03, 0x00, 0x00, 0x00, 0x00, 0x03, 0x00, 0x42, 0xFF, 0xFF, 0x42, 0x00, 0x03, 0x00, 0x00, 0x00, 0x00, 0x00, 0x00, 0x00, 0x00,
    0x00, 0x00, 0x00, 0x00, 0x00, 0x00, 0x00, 0x00, 0x03, 0x00, 0x42, 0xFF, 0xFF, 0x42, 0x00, 0x03, 0x00, 0x00, 0x00, 0x00, 0x03, 0x00, 0x42, 0xFF,
    0xFF, 0x42, 0x00, 0x03, 0x00, 0x00, 0x00, 0x00, 0x00, 0x00, 0x00, 0x00, 0x00, 0x00, 0x00, 0x00, 0x00, 0x00, 0x00, 0x00, 0x03, 0x00, 0x42, 0xFF,
    0xFF, 0x42, 0x00, 0x03, 0x00, 0x00, 0x00, 0x00, 0x03, 0x00, 0x42, 0xFF, 0xFF, 0x42, 0x00, 0x03, 0x00, 0x00, 0x00, 0x00, 0x00, 0x00, 0x00, 0x00,
    0x00, 0x00, 0x00, 0x00, 0x00, 0x00, 0x00, 0x00, 0x03, 0x00, 0x42, 0xFF, 0xFF, 0x41, 0x00, 0x03, 0x00, 0x00, 0x00, 0x00, 0x03, 0x00, 0x41, 0xFF,
    0xFF, 0x42, 0x00, 0x03, 0x00, 0x00, 0x00, 0x00, 0x00, 0x00, 0x00, 0x00, 0x00, 0x00, 0x00, 0x00, 0x00, 0x00, 0x00, 0x00, 0x03, 0x00, 0x41, 0xFF,
    0xFF, 0x46, 0x01, 0x03, 0x00, 0x00, 0x00, 0x00, 0x03, 0x01, 0x46, 0xFF, 0xFF, 0x41, 0x00, 0x03, 0x00, 0x00, 0x00, 0x00, 0x00, 0x00, 0x00, 0x00,
    0x00, 0x00, 0x00, 0x00, 0x00, 0x00, 0x00, 0x00, 0x02, 0x00, 0x23, 0xF8, 0xFF, 0x84, 0x00, 0x05, 0x00, 0x00, 0x00, 0x00, 0x05, 0x00, 0x84, 0xFF,
    0xF8, 0x23, 0x00, 0x02, 0x00, 0x00, 0x00, 0x00, 0x00, 0x00, 0x00, 0x00, 0x00, 0x00, 0x00, 0x00, 0x00, 0x00, 0x00, 0x00, 0x00, 0x02, 0x01, 0xCA,
    0xFE, 0xE4, 0x0F, 0x00, 0x05, 0x03, 0x03, 0x05, 0x00, 0x0F, 0xE4, 0xFE, 0xCA, 0x01, 0x02, 0x00, 0x00, 0x00, 0x00, 0x00, 0x00, 0x00, 0x00, 0x00,
    0x00, 0x00, 0x00, 0x00, 0x00, 0x00, 0x00, 0x00, 0x00, 0x03, 0x00, 0x57, 0xFF, 0xFF, 0xBF, 0x14, 0x00, 0x00, 0x00, 0x00, 0x14, 0xBF, 0xFF, 0xFF,
    0x57, 0x00, 0x03, 0x00, 0x00, 0x00, 0x00, 0x00, 0x00, 0x00, 0x00, 0x00, 0x00, 0x00, 0x00, 0x00, 0x00, 0x00, 0x00, 0x00, 0x00, 0x00, 0x03, 0x00,
    0xA5, 0xFF, 0xFF, 0xE1, 0x87, 0x49, 0x49, 0x87, 0xE1, 0xFF, 0xFF, 0xA5, 0x00, 0x03, 0x00, 0x00, 0x00, 0x00, 0x00, 0x00, 0x00, 0x00, 0x00, 0x00,
    0x00, 0x00, 0x00, 0x00, 0x00, 0x00, 0x00, 0x00, 0x00, 0x00, 0x01, 0x02, 0x0A, 0xA3, 0xFF, 0xFF, 0xFF, 0xFF, 0xFF, 0xFF, 0xFF, 0xFF, 0xA3, 0x0A,
    0x02, 0x01, 0x00, 0x00, 0x00, 0x00, 0x00, 0x00, 0x00, 0x00, 0x00, 0x00, 0x00, 0x00, 0x00, 0x00, 0x00, 0x00, 0x00, 0x00, 0x00, 0x00, 0x00, 0x01,
    0x00, 0x00, 0x5A, 0xC4, 0xF1, 0xFC, 0xFC, 0xF1, 0xC4, 0x5A, 0x00, 0x00, 0x01, 0x00, 0x00, 0x00, 0x00, 0x00, 0x00, 0x00, 0x00, 0x00, 0x00, 0x00,
    0x00, 0x00, 0x00, 0x00, 0x00, 0x00, 0x00, 0x00, 0x00, 0x00, 0x00, 0x00, 0x01, 0x02, 0x00, 0x00, 0x54, 0xFF, 0xFF, 0x54, 0x00, 0x00, 0x02, 0x01,
    0x00, 0x00, 0x00, 0x00, 0x00, 0x00, 0x00, 0x00, 0x00, 0x00, 0x00, 0x00, 0x00, 0x00, 0x00, 0x00, 0x00, 0x00, 0x00, 0x00, 0x00, 0x00, 0x00, 0x00,
    0x00, 0x00, 0x06, 0x01, 0x3E, 0xFF, 0xFF, 0x3E, 0x01, 0x06, 0x00, 0x00, 0x00, 0x00, 0x00, 0x00, 0x00, 0x00, 0x00, 0x00, 0x00, 0x00, 0x00, 0x00,
    0x00, 0x00, 0x00, 0x00, 0x00, 0x00, 0x00, 0x00, 0x00, 0x00, 0x00, 0x00, 0x00, 0x00, 0x03, 0x00, 0x43, 0xFF, 0xFF, 0x43, 0x00, 0x03, 0x00, 0x00,
    0x00, 0x00, 0x00, 0x00, 0x00, 0x00, 0x00, 0x00, 0x00, 0x00, 0x00, 0x00, 0x00, 0x00, 0x00, 0x00, 0x00, 0x00, 0x00, 0x00, 0x00, 0x00, 0x00, 0x00,
    0x00, 0x00, 0x03, 0x00, 0x42, 0xFF, 0xFF, 0x42, 0x00, 0x03, 0x00, 0x00, 0x00, 0x00, 0x00, 0x00, 0x00, 0x00, 0x00, 0x00, 0x00, 0x00, 0x00, 0x00,
    0x00, 0x00, 0x00, 0x00, 0x00, 0x00, 0x00, 0x00, 0x00, 0x00, 0x00, 0x00, 0x00, 0x00, 0x03, 0x00, 0x42, 0xFF, 0xFF, 0x42, 0x00, 0x03, 0x00, 0x00,
    0x00, 0x00, 0x00, 0x00, 0x00, 0x00, 0x00, 0x00, 0x00, 0x00, 0x00, 0x00, 0x00, 0x00, 0x00, 0x00, 0x00, 0x00, 0x00, 0x00, 0x00, 0x00, 0x00, 0x00,
    0x00, 0x00, 0x03, 0x00, 0x42, 0xFF, 0xFF, 0x42, 0x00, 0x03, 0x00, 0x00, 0x00, 0x00, 0x00, 0x00, 0x00, 0x00, 0x00, 0x00, 0x00, 0x00, 0x00, 0x00,
    0x00, 0x00, 0x00, 0x00, 0x00, 0x00, 0x00, 0x00, 0x00, 0x00, 0x00, 0x00, 0x00, 0x00, 0x03, 0x00, 0x42, 0xFF, 0xFF, 0x42, 0x00, 0x03, 0x00, 0x00,
    0x00, 0x00, 0x00, 0x00, 0x00, 0x00, 0x00, 0x00, 0x00, 0x00, 0x00, 0x00, 0x00, 0x00, 0x00, 0x00, 0x00, 0x00, 0x00, 0x00, 0x00, 0x00, 0x00, 0x00,
    0x00, 0x00, 0x03, 0x00, 0x42, 0xFF, 0xFF, 0x42, 0x00, 0x03, 0x00, 0x00, 0x00, 0x00, 0x00, 0x00, 0x00, 0x00, 0x00, 0x00, 0x00, 0x00, 0x00, 0x00,
    0x00, 0x00, 0x00, 0x00, 0x00, 0x00, 0x00, 0x00, 0x00, 0x00, 0x00, 0x00, 0x00, 0x00, 0x03, 0x00, 0x42, 0xFF, 0xFF, 0x42, 0x00, 0x03, 0x00, 0x00,
    0x00, 0x00, 0x00, 0x00, 0x00, 0x00, 0x00, 0x00, 0x00, 0x00, 0x00, 0x00, 0x00, 0x00, 0x00, 0x00, 0x00, 0x00, 0x00, 0x00, 0x00, 0x00, 0x00, 0x00,
    0x00, 0x00, 0x03, 0x00, 0x41, 0xFE, 0xFE, 0x41, 0x00, 0x03, 0x00, 0x00, 0x00, 0x00, 0x00, 0x00, 0x00, 0x00, 0x00, 0x00, 0x00, 0x00, 0x00, 0x00,
    0x00, 0x00, 0x00, 0x00, 0x00, 0x00, 0x00, 0x00, 0x00, 0x00, 0x00, 0x00, 0x00, 0x00, 0x03, 0x00, 0x46, 0xFF, 0xFF, 0x46, 0x00, 0x03, 0x00, 0x00,
    0x00, 0x00, 0x00, 0x00, 0x00, 0x00, 0x00, 0x00, 0x00, 0x00, 0x00, 0x00, 0x00, 0x00, 0x00, 0x00, 0x00, 0x00, 0x00, 0x00, 0x00, 0x00, 0x00, 0x00,
    0x00, 0x00, 0x02, 0x01, 0x25, 0xF6, 0xF6, 0x25, 0x01, 0x02, 0x00, 0x00, 0x00, 0x00, 0x00, 0x00, 0x00, 0x00, 0x00, 0x00, 0x00, 0x00, 0x00, 0x00,
    0x00, 0x00, 0x00, 0x00, 0x00, 0x00, 0x00, 0x00, 0x00, 0x00, 0x00, 0x00, 0x00, 0x00, 0x00, 0x01, 0x00, 0x27, 0x27, 0x00, 0x01, 0x00, 0x00, 0x00,
    0x00, 0x00, 0x00, 0x00, 0x00, 0x00, 0x00, 0x00, 0x00, 0x00, 0x00, 0x00, 0x00, 0x00, 0x00, 0x00, 0x00, 0x00, 0x00, 0x00, 0x00, 0x00, 0x00, 0x00,
    0x00, 0x00, 0x00, 0x00, 0x01, 0x00, 0x00, 0x01, 0x00, 0x00, 0x00, 0x00, 0x00, 0x00, 0x00, 0x00, 0x00, 0x00, 0x00, 0x00, 0x00, 0x00, 0x00, 0x00,
};
static const lv_image_dsc_t icon_tuner = {
    .header = { .magic = LV_IMAGE_HEADER_MAGIC, .cf = LV_COLOR_FORMAT_A8, .w = 36, .h = 36, .stride = 36 },
    .data_size = sizeof(icon_tuner_map),
    .data = icon_tuner_map,
};

const lv_image_dsc_t *const NANO_ICONS[NANO_ICON_COUNT] = {
    &icon_overdrive,
    &icon_bass_overdrive,
    &icon_fuzz,
    &icon_compressor,
    &icon_equalizer,
    &icon_filter,
    &icon_wah,
    &icon_utility,
    &icon_gate,
    &icon_doubler,
    &icon_pitch,
    &icon_modulation,
    &icon_delay,
    &icon_reverb,
    &icon_capture,
    &icon_cab,
    &icon_tuner,
};

static const uint8_t nano_amp_silhouette_map[] = {
    0x00, 0x00, 0x00, 0x00, 0x00, 0x00, 0x00, 0x00, 0x00, 0x00, 0x00, 0x00, 0x00, 0x00, 0x00, 0x00, 0x00, 0x00, 0x00, 0x00, 0x00, 0x00, 0x00, 0x00,
    0x00, 0x00, 0x00, 0x00, 0x00, 0x00, 0x00, 0x00, 0x00, 0x00, 0x00, 0x00, 0x00, 0x00, 0x00, 0x00, 0x00, 0x00, 0x00, 0x00, 0x00, 0x00, 0x00, 0x00,
    0x00, 0x00, 0x00, 0x00, 0x00, 0x00, 0x00, 0x00, 0x00, 0x00, 0x00, 0x00, 0x00, 0x00, 0x00, 0x00, 0x00, 0x00, 0x00, 0x00, 0x00, 0x00, 0x00, 0x00,
    0x00, 0x00, 0x00, 0x00, 0x00, 0x00, 0x00, 0x00, 0x00, 0x00, 0x00, 0x00, 0x00, 0x00, 0x00, 0x00, 0x00, 0x00, 0x00, 0x00, 0x00, 0x00, 0x00, 0x00,
    0x00, 0x00, 0x00, 0x00, 0x00, 0x00, 0x00, 0x00, 0x00, 0x00, 0x00, 0x00, 0x00, 0x00, 0x00, 0x00, 0x00, 0x00, 0x00, 0x00, 0x00, 0x00, 0x00, 0x00,
    0x00, 0x00, 0x00, 0x00, 0x00, 0x00, 0x00, 0x00, 0x00, 0x00, 0x00, 0x00, 0x00, 0x00, 0x00, 0x00, 0x00, 0x00, 0x00, 0x00, 0x00, 0x00, 0x00, 0x00,
    0x00, 0x00, 0x00, 0x00, 0x00, 0x00, 0x00, 0x00, 0x00, 0x00, 0x00, 0x00, 0x00, 0x00, 0x00, 0x00, 0x00, 0x00, 0x00, 0x00, 0x00, 0x00, 0x00, 0x00,
    0x00, 0x00, 0x00, 0x00, 0x00, 0x00, 0x00, 0x00, 0x00, 0x00, 0x00, 0x00, 0x00, 0x00, 0x00, 0x00, 0x00, 0x00, 0x00, 0x00, 0x00, 0x00, 0x00, 0x00,
    0x00, 0x00, 0x00, 0x00, 0x00, 0x00, 0x00, 0x00, 0x00, 0x00, 0x00, 0x00, 0x00, 0x00, 0x00, 0x00, 0x00, 0x00, 0x00, 0x00, 0x00, 0x00, 0x00, 0x00,
    0x00, 0x00, 0x00, 0x00, 0x00, 0x00, 0x00, 0x00, 0x00, 0x00, 0x00, 0x00, 0x00, 0x00, 0x00, 0x00, 0x00, 0x00, 0x00, 0x00, 0x00, 0x00, 0x00, 0x00,
    0x01, 0x02, 0x01, 0x00, 0x00, 0x00, 0x00, 0x00, 0x00, 0x00, 0x00, 0x00, 0x00, 0x00, 0x00, 0x00, 0x00, 0x00, 0x00, 0x00, 0x00, 0x00, 0x00, 0x00,
    0x00, 0x00, 0x00, 0x00, 0x00, 0x00, 0x00, 0x00, 0x00, 0x00, 0x00, 0x00, 0x00, 0x00, 0x00, 0x00, 0x00, 0x00, 0x00, 0x00, 0x00, 0x00, 0x00, 0x00,
    0x00, 0x00, 0x00, 0x00, 0x00, 0x00, 0x00, 0x00, 0x00, 0x00, 0x00, 0x00, 0x00, 0x00, 0x00, 0x00, 0x00, 0x00, 0x00, 0x00, 0x00, 0x00, 0x00, 0x00,
    0x00, 0x00, 0x00, 0x00, 0x00, 0x00, 0x02, 0x02, 0x00, 0x00, 0x00, 0x00, 0x00, 0x00, 0x00, 0x00, 0x00, 0x00, 0x00, 0x00, 0x00, 0x00, 0x00, 0x00,
    0x00, 0x00, 0x00, 0x00, 0x00, 0x00, 0x00, 0x00, 0x00, 0x00, 0x00, 0x00, 0x00, 0x00, 0x00, 0x00, 0x00, 0x00, 0x00, 0x00, 0x00, 0x00, 0x00, 0x00,
    0x00, 0x00, 0x00, 0x00, 0x00, 0x00, 0x00, 0x00, 0x00, 0x00, 0x00, 0x00, 0x00, 0x00, 0x00, 0x00, 0x00, 0x00, 0x00, 0x00, 0x00, 0x00, 0x00, 0x00,
    0x00, 0x00, 0x00, 0x00, 0x00, 0x00, 0x00, 0x00, 0x00, 0x00, 0x00, 0x00, 0x00, 0x00, 0x00, 0x00, 0x00, 0x00, 0x00, 0x00, 0x00, 0x00, 0x00, 0x00,
    0x00, 0x00, 0x00, 0x00, 0x00, 0x00, 0x00, 0x00, 0x00, 0x00, 0x00, 0x00, 0x00, 0x00, 0x00, 0x00, 0x00, 0x00, 0x00, 0x00, 0x00, 0x00, 0x00, 0x00,
    0x00, 0x00, 0x00, 0x00, 0x00, 0x00, 0x00, 0x00, 0x00, 0x00, 0x00, 0x00, 0x00, 0x00, 0x00, 0x00, 0x00, 0x00, 0x00, 0x00, 0x00, 0x00, 0x00, 0x00,
    0x00, 0x00, 0x00, 0x00, 0x00, 0x00, 0x00, 0x00, 0x00, 0x00, 0x00, 0x00, 0x00, 0x00, 0x00, 0x00, 0x00, 0x00, 0x00, 0x00, 0x00, 0x00, 0x00, 0x00,
    0x00, 0x00, 0x00, 0x00, 0x00, 0x00, 0x00, 0x00, 0x00, 0x00, 0x00, 0x00, 0x00, 0x00, 0x00, 0x00, 0x00, 0x00, 0x00, 0x00, 0x00, 0x00, 0x00, 0x00,
    0x00, 0x00, 0x00, 0x00, 0x00, 0x00, 0x00, 0x00, 0x00, 0x00, 0x00, 0x00, 0x00, 0x00, 0x00, 0x00, 0x00, 0x00, 0x00, 0x00, 0x00, 0x00, 0x00, 0x00,
    0x00, 0x00, 0x00, 0x00, 0x00, 0x00, 0x00, 0x00, 0x00, 0x00, 0x00, 0x00, 0x00, 0x00, 0x00, 0x00, 0x00, 0x00, 0x00, 0x00, 0x00, 0x00, 0x00, 0x00,
    0x00, 0x00, 0x00, 0x00, 0x00, 0x00, 0x00, 0x00, 0x00, 0x00, 0x00, 0x00, 0x00, 0x00, 0x00, 0x00, 0x00, 0x00, 0x00, 0x00, 0x00, 0x00, 0x00, 0x00,
    0x00, 0x00, 0x00, 0x00, 0x00, 0x00, 0x00, 0x00, 0x00, 0x00, 0x00, 0x00, 0x00, 0x00, 0x00, 0x00, 0x00, 0x00, 0x00, 0x00, 0x00, 0x00, 0x00, 0x00,
    0x00, 0x00, 0x00, 0x00, 0x00, 0x00, 0x00, 0x00, 0x00, 0x00, 0x00, 0x00, 0x00, 0x00, 0x00, 0x00, 0x00, 0x00, 0x00, 0x00, 0x00, 0x00, 0x00, 0x00,
    0x00, 0x00, 0x00, 0x00, 0x00, 0x00, 0x00, 0x00, 0x00, 0x00, 0x00, 0x00, 0x00, 0x00, 0x00, 0x00, 0x00, 0x00, 0x00, 0x00, 0x00, 0x00, 0x00, 0x00,
    0x00, 0x00, 0x00, 0x00, 0x00, 0x00, 0x00, 0x00, 0x00, 0x00, 0x00, 0x00, 0x00, 0x00, 0x00, 0x00, 0x00, 0x00, 0x00, 0x00, 0x00, 0x00, 0x00, 0x00,
    0x00, 0x00, 0x00, 0x00, 0x00, 0x00, 0x00, 0x00, 0x00, 0x00, 0x00, 0x00, 0x00, 0x00, 0x00, 0x00, 0x00, 0x00, 0x00, 0x00, 0x00, 0x00, 0x00, 0x00,
    0x00, 0x00, 0x00, 0x00, 0x00, 0x00, 0x00, 0x00, 0x00, 0x00, 0x00, 0x00, 0x00, 0x00, 0x00, 0x00, 0x00, 0x00, 0x00, 0x00, 0x00, 0x00, 0x00, 0x00,
    0x00, 0x00, 0x00, 0x00, 0x00, 0x00, 0x00, 0x00, 0x00, 0x00, 0x00, 0x00, 0x00, 0x00, 0x00, 0x00, 0x00, 0x00, 0x00, 0x00, 0x00, 0x00, 0x00, 0x00,
    0x00, 0x00, 0x00, 0x00, 0x00, 0x00, 0x00, 0x00, 0x00, 0x00, 0x00, 0x00, 0x00, 0x00, 0x00, 0x00, 0x00, 0x00, 0x00, 0x00, 0x00, 0x00, 0x00, 0x00,
    0x00, 0x00, 0x00, 0x00, 0x00, 0x00, 0x00, 0x00, 0x00, 0x00, 0x00, 0x00, 0x00, 0x00, 0x00, 0x00, 0x00, 0x00, 0x00, 0x00, 0x00, 0x00, 0x00, 0x00,
    0x00, 0x00, 0x00, 0x00, 0x00, 0x00, 0x00, 0x02, 0x00, 0x00, 0x00, 0x0A, 0x09, 0x09, 0x09, 0x09, 0x09, 0x09, 0x09, 0x09, 0x09, 0x09, 0x09, 0x09,
    0x09, 0x09, 0x09, 0x09, 0x09, 0x09, 0x09, 0x09, 0x09, 0x09, 0x09, 0x09, 0x09, 0x09, 0x09, 0x09, 0x09, 0x09, 0x09, 0x09, 0x09, 0x09, 0x09, 0x09,
    0x09, 0x09, 0x09, 0x09, 0x09, 0x09, 0x09, 0x09, 0x09, 0x09, 0x09, 0x09, 0x09, 0x09, 0x09, 0x09, 0x09, 0x09, 0x09, 0x09, 0x09, 0x09, 0x09, 0x09,
    0x09, 0x09, 0x09, 0x09, 0x09, 0x09, 0x09, 0x09, 0x09, 0x09, 0x09, 0x09, 0x0A, 0x03, 0x00, 0x00, 0x01, 0x01, 0x00, 0x00, 0x00, 0x00, 0x00, 0x00,
    0x00, 0x00, 0x00, 0x00, 0x00, 0x00, 0x00, 0x00, 0x00, 0x00, 0x00, 0x00, 0x00, 0x00, 0x00, 0x00, 0x00, 0x00, 0x00, 0x00, 0x00, 0x00, 0x00, 0x00,
    0x00, 0x00, 0x00, 0x00, 0x00, 0x00, 0x00, 0x00, 0x00, 0x00, 0x00, 0x00, 0x00, 0x00, 0x00, 0x00, 0x00, 0x00, 0x00, 0x00, 0x00, 0x00, 0x00, 0x00,
    0x00, 0x00, 0x00, 0x00, 0x00, 0x00, 0x00, 0x00, 0x00, 0x00, 0x00, 0x00, 0x00, 0x00, 0x00, 0x00, 0x00, 0x00, 0x00, 0x00, 0x00, 0x00, 0x00, 0x00,
    0x00, 0x00, 0x00, 0x00, 0x00, 0x00, 0x00, 0x00, 0x00, 0x00, 0x00, 0x00, 0x00, 0x00, 0x00, 0x00, 0x00, 0x00, 0x00, 0x00, 0x00, 0x00, 0x00, 0x00,
    0x00, 0x00, 0x00, 0x00, 0x00, 0x00, 0x00, 0x00, 0x00, 0x00, 0x00, 0x00, 0x00, 0x00, 0x00, 0x00, 0x00, 0x00, 0x00, 0x00, 0x00, 0x00, 0x00, 0x00,
    0x00, 0x00, 0x00, 0x00, 0x00, 0x00, 0x00, 0x00, 0x00, 0x00, 0x00, 0x00, 0x00, 0x00, 0x00, 0x00, 0x00, 0x00, 0x00, 0x00, 0x00, 0x00, 0x00, 0x00,
    0x00, 0x00, 0x00, 0x00, 0x00, 0x00, 0x00, 0x00, 0x00, 0x00, 0x00, 0x00, 0x00, 0x00, 0x00, 0x00, 0x00, 0x00, 0x00, 0x00, 0x00, 0x00, 0x00, 0x00,
    0x00, 0x00, 0x00, 0x00, 0x00, 0x00, 0x00, 0x00, 0x00, 0x00, 0x00, 0x00, 0x00, 0x00, 0x00, 0x00, 0x00, 0x00, 0x00, 0x00, 0x00, 0x00, 0x00, 0x00,
    0x00, 0x00, 0x00, 0x00, 0x00, 0x00, 0x00, 0x00, 0x00, 0x00, 0x00, 0x00, 0x00, 0x00, 0x00, 0x00, 0x00, 0x00, 0x00, 0x00, 0x00, 0x00, 0x00, 0x00,
    0x00, 0x00, 0x00, 0x00, 0x00, 0x00, 0x00, 0x00, 0x00, 0x00, 0x00, 0x00, 0x00, 0x00, 0x00, 0x00, 0x00, 0x00, 0x00, 0x00, 0x00, 0x00, 0x00, 0x00,
    0x00, 0x00, 0x00, 0x00, 0x00, 0x00, 0x00, 0x00, 0x00, 0x00, 0x00, 0x00, 0x00, 0x00, 0x00, 0x00, 0x00, 0x00, 0x00, 0x00, 0x00, 0x00, 0x00, 0x00,
    0x00, 0x00, 0x00, 0x00, 0x00, 0x00, 0x00, 0x00, 0x00, 0x00, 0x00, 0x00, 0x00, 0x00, 0x00, 0x00, 0x00, 0x00, 0x00, 0x00, 0x00, 0x00, 0x00, 0x00,
    0x00, 0x00, 0x00, 0x00, 0x00, 0x00, 0x00, 0x00, 0x00, 0x00, 0x00, 0x00, 0x00, 0x00, 0x00, 0x00, 0x00, 0x00, 0x00, 0x00, 0x00, 0x00, 0x00, 0x00,
    0x00, 0x00, 0x00, 0x00, 0x00, 0x00, 0x00, 0x00, 0x00, 0x00, 0x00, 0x00, 0x00, 0x00, 0x00, 0x00, 0x00, 0x00, 0x00, 0x00, 0x00, 0x00, 0x00, 0x00,
    0x00, 0x00, 0x00, 0x00, 0x00, 0x00, 0x00, 0x00, 0x00, 0x00, 0x00, 0x00, 0x00, 0x00, 0x00, 0x00, 0x00, 0x00, 0x00, 0x00, 0x00, 0x00, 0x00, 0x00,
    0x00, 0x00, 0x00, 0x00, 0x00, 0x00, 0x00, 0x00, 0x00, 0x00, 0x00, 0x00, 0x00, 0x00, 0x00, 0x00, 0x00, 0x00, 0x00, 0x00, 0x00, 0x00, 0x00, 0x00,
    0x00, 0x00, 0x00, 0x00, 0x00, 0x00, 0x00, 0x00, 0x00, 0x00, 0x00, 0x00, 0x00, 0x00, 0x00, 0x00, 0x00, 0x00, 0x00, 0x00, 0x00, 0x00, 0x00, 0x00,
    0x00, 0x00, 0x00, 0x00, 0x00, 0x00, 0x00, 0x00, 0x00, 0x00, 0x00, 0x00, 0x00, 0x00, 0x00, 0x00, 0x00, 0x00, 0x00, 0x00, 0x00, 0x00, 0x00, 0x00,
    0x00, 0x00, 0x00, 0x00, 0x00, 0x00, 0x00, 0x00, 0x00, 0x00, 0x00, 0x00, 0x00, 0x00, 0x00, 0x00, 0x00, 0x00, 0x00, 0x00, 0x00, 0x00, 0x00, 0x00,
    0x00, 0x00, 0x00, 0x00, 0x00, 0x00, 0x00, 0x00, 0x00, 0x00, 0x00, 0x00, 0x00, 0x00, 0x01, 0x00, 0x16, 0x57, 0x75, 0x8F, 0x8D, 0x8D, 0x8D, 0x8D,
    0x8D, 0x8D, 0x8D, 0x8D, 0x8D, 0x8D, 0x8D, 0x8D, 0x8D, 0x8D, 0x8D, 0x8D, 0x8D, 0x8D, 0x8D, 0x8D, 0x8D, 0x8D, 0x8D, 0x8D, 0x8D, 0x8D, 0x8D, 0x8D,
    0x8D, 0x8D, 0x8D, 0x8D, 0x8D, 0x8D, 0x8D, 0x8D, 0x8D, 0x8D, 0x8D, 0x8D, 0x8D, 0x8D, 0x8D, 0x8D, 0x8D, 0x8D, 0x8D, 0x8D, 0x8D, 0x8D, 0x8D, 0x8D,
    0x8D, 0x8D, 0x8D, 0x8D, 0x8D, 0x8D, 0x8D, 0x8D, 0x8D, 0x8D, 0x8D, 0x8D, 0x8D, 0x8D, 0x8D, 0x8D, 0x8D, 0x8D, 0x8D, 0x8D, 0x90, 0x80, 0x64, 0x2A,
    0x00, 0x00, 0x01, 0x00, 0x00, 0x00, 0x00, 0x00, 0x00, 0x00, 0x00, 0x00, 0x00, 0x00, 0x00, 0x00, 0x00, 0x00, 0x00, 0x00, 0x00, 0x00, 0x00, 0x00,
    0x00, 0x00, 0x00, 0x00, 0x00, 0x00, 0x00, 0x00, 0x00, 0x00, 0x00, 0x00, 0x00, 0x00, 0x00, 0x00, 0x00, 0x00, 0x00, 0x00, 0x00, 0x00, 0x00, 0x00,
    0x00, 0x00, 0x00, 0x00, 0x00, 0x00, 0x00, 0x00, 0x00, 0x00, 0x00, 0x00, 0x00, 0x00, 0x00, 0x00, 0x00, 0x00, 0x00, 0x00, 0x00, 0x00, 0x00, 0x00,
    0x00, 0x00, 0x00, 0x00, 0x00, 0x00, 0x00, 0x00, 0x00, 0x00, 0x00, 0x00, 0x00, 0x00, 0x00, 0x00, 0x00, 0x00, 0x00, 0x00, 0x00, 0x00, 0x00, 0x00,
    0x00, 0x00, 0x00, 0x00, 0x00, 0x00, 0x00, 0x00, 0x00, 0x00, 0x00, 0x00, 0x00, 0x00, 0x00, 0x00, 0x00, 0x00, 0x00, 0x00, 0x00, 0x00, 0x00, 0x00,
    0x00, 0x00, 0x00, 0x00, 0x00, 0x00, 0x00, 0x00, 0x00, 0x00, 0x00, 0x00, 0x00, 0x00, 0x00, 0x00, 0x00, 0x00, 0x00, 0x00, 0x00, 0x00, 0x00, 0x00,
    0x00, 0x00, 0x00, 0x00, 0x00, 0x00, 0x00, 0x00, 0x00, 0x00, 0x00, 0x00, 0x00, 0x00, 0x00, 0x00, 0x00, 0x00, 0x00, 0x00, 0x00, 0x00, 0x00, 0x00,
    0x00, 0x00, 0x00, 0x00, 0x00, 0x00, 0x00, 0x00, 0x00, 0x00, 0x00, 0x00, 0x00, 0x00, 0x00, 0x00, 0x00, 0x00, 0x00, 0x00, 0x00, 0x00, 0x00, 0x00,
    0x00, 0x00, 0x00, 0x00, 0x00, 0x00, 0x00, 0x00, 0x00, 0x00, 0x00, 0x00, 0x00, 0x00, 0x00, 0x00, 0x00, 0x00, 0x00, 0x00, 0x00, 0x00, 0x00, 0x00,
    0x00, 0x00, 0x00, 0x00, 0x00, 0x00, 0x00, 0x00, 0x00, 0x00, 0x00, 0x00, 0x00, 0x00, 0x00, 0x00, 0x00, 0x00, 0x00, 0x00, 0x00, 0x00, 0x00, 0x00,
    0x00, 0x00, 0x00, 0x00, 0x00, 0x00, 0x00, 0x00, 0x00, 0x00, 0x00, 0x00, 0x00, 0x00, 0x00, 0x00, 0x00, 0x00, 0x00, 0x00, 0x00, 0x00, 0x00, 0x00,
    0x00, 0x00, 0x00, 0x00, 0x00, 0x00, 0x00, 0x00, 0x00, 0x00, 0x00, 0x00, 0x00, 0x00, 0x00, 0x00, 0x00, 0x00, 0x00, 0x00, 0x00, 0x00, 0x00, 0x00,
    0x00, 0x00, 0x00, 0x00, 0x00, 0x00, 0x00, 0x00, 0x00, 0x00, 0x00, 0x00, 0x00, 0x00, 0x00, 0x00, 0x00, 0x00, 0x00, 0x00, 0x00, 0x00, 0x00, 0x00,
    0x00, 0x00, 0x00, 0x00, 0x00, 0x00, 0x00, 0x00, 0x00, 0x00, 0x00, 0x00, 0x00, 0x00, 0x00, 0x00, 0x00, 0x00, 0x00, 0x00, 0x00, 0x00, 0x00, 0x00,
    0x00, 0x00, 0x00, 0x00, 0x00, 0x00, 0x00, 0x00, 0x00, 0x00, 0x00, 0x00, 0x00, 0x00, 0x00, 0x00, 0x00, 0x00, 0x00, 0x00, 0x00, 0x00, 0x00, 0x00,
    0x00, 0x00, 0x00, 0x00, 0x00, 0x00, 0x00, 0x00, 0x00, 0x00, 0x00, 0x00, 0x00, 0x00, 0x00, 0x00, 0x00, 0x00, 0x00, 0x00, 0x00, 0x00, 0x00, 0x00,
    0x00, 0x00, 0x00, 0x00, 0x00, 0x00, 0x00, 0x00, 0x00, 0x00, 0x00, 0x00, 0x00, 0x00, 0x00, 0x00, 0x00, 0x00, 0x00, 0x00, 0x00, 0x00, 0x00, 0x00,
    0x00, 0x00, 0x00, 0x00, 0x00, 0x00, 0x00, 0x00, 0x00, 0x00, 0x00, 0x00, 0x00, 0x00, 0x00, 0x00, 0x00, 0x00, 0x00, 0x00, 0x00, 0x00, 0x00, 0x00,
    0x00, 0x00, 0x00, 0x00, 0x00, 0x00, 0x00, 0x00, 0x00, 0x00, 0x00, 0x00, 0x00, 0x00, 0x00, 0x00, 0x00, 0x00, 0x00, 0x00, 0x00, 0x00, 0x00, 0x00,
    0x00, 0x00, 0x00, 0x00, 0x00, 0x00, 0x00, 0x00, 0x00, 0x00, 0x00, 0x00, 0x00, 0x00, 0x00, 0x00, 0x00, 0x00, 0x00, 0x00, 0x01, 0x01, 0x00, 0x44,
    0x94, 0xA1, 0x9D, 0x98, 0x99, 0x98, 0x98, 0x98, 0x98, 0x98, 0x98, 0x98, 0x98, 0x98, 0x98, 0x98, 0x98, 0x98, 0x98, 0x98, 0x98, 0x98, 0x98, 0x98,
    0x98, 0x98, 0x98, 0x98, 0x98, 0x98, 0x98, 0x98, 0x98, 0x98, 0x98, 0x98, 0x98, 0x98, 0x98, 0x98, 0x98, 0x98, 0x98, 0x98, 0x98, 0x98, 0x98, 0x98,
    0x98, 0x98, 0x98, 0x98, 0x98, 0x98, 0x98, 0x98, 0x98, 0x98, 0x98, 0x98, 0x98, 0x98, 0x98, 0x98, 0x98, 0x98, 0x98, 0x98, 0x98, 0x98, 0x98, 0x98,
    0x98, 0x98, 0x98, 0x99, 0x98, 0x9B, 0xA0, 0x9F, 0x65, 0x10, 0x00, 0x01, 0x00, 0x00, 0x00, 0x00, 0x00, 0x00, 0x00, 0x00, 0x00, 0x00, 0x00, 0x00,
    0x00, 0x00, 0x00, 0x00, 0x00, 0x00, 0x00, 0x00, 0x00, 0x00, 0x00, 0x00, 0x00, 0x00, 0x00, 0x00, 0x00, 0x00, 0x00, 0x00, 0x00, 0x00, 0x00, 0x00,
    0x00, 0x00, 0x00, 0x00, 0x00, 0x00, 0x00, 0x00, 0x00, 0x00, 0x00, 0x00, 0x00, 0x00, 0x00, 0x00, 0x00, 0x00, 0x00, 0x00, 0x00, 0x00, 0x00, 0x00,
    0x00, 0x00, 0x00, 0x00, 0x00, 0x00, 0x00, 0x00, 0x00, 0x00, 0x00, 0x00, 0x00, 0x00, 0x00, 0x00, 0x00, 0x00, 0x00, 0x00, 0x00, 0x00, 0x00, 0x00,
    0x00, 0x00, 0x00, 0x00, 0x00, 0x00, 0x00, 0x00, 0x00, 0x00, 0x00, 0x00, 0x00, 0x00, 0x00, 0x00, 0x00, 0x00, 0x00, 0x00, 0x00, 0x00, 0x00, 0x00,
    0x00, 0x00, 0x00, 0x00, 0x00, 0x00, 0x00, 0x00, 0x00, 0x00, 0x00, 0x00, 0x00, 0x00, 0x00, 0x00, 0x00, 0x00, 0x00, 0x00, 0x00, 0x00, 0x00, 0x00,
    0x00, 0x00, 0x00, 0x00, 0x00, 0x00, 0x00, 0x00, 0x00, 0x00, 0x00, 0x00, 0x00, 0x00, 0x00, 0x00, 0x00, 0x00, 0x00, 0x00, 0x00, 0x00, 0x00, 0x00,
    0x00, 0x00, 0x00, 0x00, 0x00, 0x00, 0x00, 0x00, 0x00, 0x00, 0x00, 0x00, 0x00, 0x00, 0x00, 0x00, 0x00, 0x00, 0x00, 0x00, 0x00, 0x00, 0x00, 0x00,
    0x00, 0x00, 0x00, 0x00, 0x00, 0x00, 0x00, 0x00, 0x00, 0x00, 0x00, 0x00, 0x00, 0x00, 0x00, 0x00, 0x00, 0x00, 0x00, 0x00, 0x00, 0x00, 0x00, 0x00,
    0x00, 0x00, 0x00, 0x00, 0x00, 0x00, 0x00, 0x00, 0x00, 0x00, 0x00, 0x00, 0x00, 0x00, 0x00, 0x00, 0x00, 0x00, 0x00, 0x00, 0x00, 0x00, 0x00, 0x00,
    0x00, 0x00, 0x00, 0x00, 0x00, 0x00, 0x00, 0x00, 0x00, 0x00, 0x00, 0x00, 0x00, 0x00, 0x00, 0x00, 0x00, 0x00, 0x00, 0x00, 0x00, 0x00, 0x00, 0x00,
    0x00, 0x00, 0x00, 0x00, 0x00, 0x00, 0x00, 0x00, 0x00, 0x00, 0x00, 0x00, 0x00, 0x00, 0x00, 0x00, 0x00, 0x00, 0x00, 0x00, 0x00, 0x00, 0x00, 0x00,
    0x00, 0x00, 0x00, 0x00, 0x00, 0x00, 0x00, 0x00, 0x00, 0x00, 0x00, 0x00, 0x00, 0x00, 0x00, 0x00, 0x00, 0x00, 0x00, 0x00, 0x00, 0x00, 0x00, 0x00,
    0x00, 0x00, 0x00, 0x00, 0x00, 0x00, 0x00, 0x00, 0x00, 0x00, 0x00, 0x00, 0x00, 0x00, 0x00, 0x00, 0x00, 0x00, 0x00, 0x00, 0x00, 0x00, 0x00, 0x00,
    0x00, 0x00, 0x00, 0x00, 0x00, 0x00, 0x00, 0x00, 0x00, 0x00, 0x00, 0x00, 0x00, 0x00, 0x00, 0x00, 0x00, 0x00, 0x00, 0x00, 0x00, 0x00, 0x00, 0x00,
    0x00, 0x00, 0x00, 0x00, 0x00, 0x00, 0x00, 0x00, 0x00, 0x00, 0x00, 0x00, 0x00, 0x00, 0x00, 0x00, 0x00, 0x00, 0x00, 0x00, 0x00, 0x00, 0x00, 0x00,
    0x00, 0x00, 0x00, 0x00, 0x00, 0x00, 0x00, 0x00, 0x00, 0x00, 0x00, 0x00, 0x00, 0x00, 0x00, 0x00, 0x00, 0x00, 0x00, 0x00, 0x00, 0x00, 0x00, 0x00,
    0x00, 0x00, 0x00, 0x00, 0x00, 0x00, 0x00, 0x00, 0x00, 0x00, 0x00, 0x00, 0x00, 0x00, 0x00, 0x00, 0x00, 0x00, 0x00, 0x00, 0x00, 0x00, 0x00, 0x00,
    0x00, 0x00, 0x00, 0x00, 0x00, 0x00, 0x00, 0x00, 0x00, 0x00, 0x00, 0x00, 0x00, 0x00, 0x00, 0x00, 0x00, 0x00, 0x00, 0x00, 0x00, 0x00, 0x00, 0x00,
    0x00, 0x00, 0x00, 0x00, 0x00, 0x00, 0x00, 0x00, 0x00, 0x00, 0x00, 0x00, 0x00, 0x00, 0x00, 0x00, 0x00, 0x00, 0x00, 0x00, 0x00, 0x00, 0x00, 0x00,
    0x00, 0x00, 0x00, 0x00, 0x02, 0x02, 0x60, 0xA5, 0x96, 0x93, 0x94, 0x95, 0x95, 0x95, 0x95, 0x95, 0x95, 0x95, 0x95, 0x95, 0x95, 0x95, 0x95, 0x95,
    0x95, 0x95, 0x95, 0x95, 0x95, 0x95, 0x95, 0x95, 0x95, 0x95, 0x95, 0x95, 0x95, 0x95, 0x95, 0x95, 0x95, 0x95, 0x95, 0x95, 0x95, 0x95, 0x95, 0x95,
    0x95, 0x95, 0x95, 0x95, 0x95, 0x95, 0x95, 0x95, 0x95, 0x95, 0x95, 0x95, 0x95, 0x95, 0x95, 0x95, 0x95, 0x95, 0x95, 0x95, 0x95, 0x95, 0x95, 0x95,
    0x95, 0x95, 0x95, 0x95, 0x95, 0x95, 0x95, 0x95, 0x95, 0x95, 0x95, 0x95, 0x95, 0x95, 0x94, 0x94, 0xA1, 0x86, 0x14, 0x00, 0x01, 0x00, 0x00, 0x00,
    0x00, 0x00, 0x00, 0x00, 0x00, 0x00, 0x00, 0x00, 0x00, 0x00, 0x00, 0x00, 0x00, 0x00, 0x00, 0x00, 0x00, 0x00, 0x00, 0x00, 0x00, 0x00, 0x00, 0x00,
    0x00, 0x00, 0x00, 0x00, 0x00, 0x00, 0x00, 0x00, 0x00, 0x00, 0x00, 0x00, 0x00, 0x00, 0x00, 0x00, 0x00, 0x00, 0x00, 0x00, 0x00, 0x00, 0x00, 0x00,
    0x00, 0x00, 0x00, 0x00, 0x00, 0x00, 0x00, 0x00, 0x00, 0x00, 0x00, 0x00, 0x00, 0x00, 0x00, 0x00, 0x00, 0x00, 0x00, 0x00, 0x00, 0x00, 0x00, 0x00,
    0x00, 0x00, 0x00, 0x00, 0x00, 0x00, 0x00, 0x00, 0x00, 0x00, 0x00, 0x00, 0x00, 0x00, 0x00, 0x00, 0x00, 0x00, 0x00, 0x00, 0x00, 0x00, 0x00, 0x00,
    0x00, 0x00, 0x00, 0x00, 0x00, 0x00, 0x00, 0x00, 0x00, 0x00, 0x00, 0x00, 0x00, 0x00, 0x00, 0x00, 0x00, 0x00, 0x00, 0x00, 0x00, 0x00, 0x00, 0x00,
    0x00, 0x00, 0x00, 0x00, 0x00, 0x00, 0x00, 0x00, 0x00, 0x00, 0x00, 0x00, 0x00, 0x00, 0x00, 0x00, 0x00, 0x00, 0x00, 0x00, 0x00, 0x00, 0x00, 0x00,
    0x00, 0x00, 0x00, 0x00, 0x00, 0x00, 0x00, 0x00, 0x00, 0x00, 0x00, 0x00, 0x00, 0x00, 0x00, 0x00, 0x00, 0x00, 0x00, 0x00, 0x00, 0x00, 0x00, 0x00,
    0x00, 0x00, 0x00, 0x00, 0x00, 0x00, 0x00, 0x00, 0x00, 0x00, 0x00, 0x00, 0x00, 0x00, 0x00, 0x00, 0x00, 0x00, 0x00, 0x00, 0x00, 0x00, 0x00, 0x00,
    0x00, 0x00, 0x00, 0x00, 0x00, 0x00, 0x00, 0x00, 0x00, 0x00, 0x00, 0x00, 0x00, 0x00, 0x00, 0x00, 0x00, 0x00, 0x00, 0x00, 0x00, 0x00, 0x00, 0x00,
    0x00, 0x00, 0x00, 0x00, 0x00, 0x00, 0x00, 0x00, 0x00, 0x00, 0x00, 0x00, 0x00, 0x00, 0x00, 0x00, 0x00, 0x00, 0x00, 0x00, 0x00, 0x00, 0x00, 0x00,
    0x00, 0x00, 0x00, 0x00, 0x00, 0x00, 0x00, 0x00, 0x00, 0x00, 0x00, 0x00, 0x00, 0x00, 0x00, 0x00, 0x00, 0x00, 0x00, 0x00, 0x00, 0x00, 0x00, 0x00,
    0x00, 0x00, 0x00, 0x00, 0x00, 0x00, 0x00, 0x00, 0x00, 0x00, 0x00, 0x00, 0x00, 0x00, 0x00, 0x00, 0x00, 0x00, 0x00, 0x00, 0x00, 0x00, 0x00, 0x00,
    0x00, 0x00, 0x00, 0x00, 0x00, 0x00, 0x00, 0x00, 0x00, 0x00, 0x00, 0x00, 0x00, 0x00, 0x00, 0x00, 0x00, 0x00, 0x00, 0x00, 0x00, 0x00, 0x00, 0x00,
    0x00, 0x00, 0x00, 0x00, 0x00, 0x00, 0x00, 0x00, 0x00, 0x00, 0x00, 0x00, 0x00, 0x00, 0x00, 0x00, 0x00, 0x00, 0x00, 0x00, 0x00, 0x00, 0x00, 0x00,
    0x00, 0x00, 0x00, 0x00, 0x00, 0x00, 0x00, 0x00, 0x00, 0x00, 0x00, 0x00, 0x00, 0x00, 0x00, 0x00, 0x00, 0x00, 0x00, 0x00, 0x00, 0x00, 0x00, 0x00,
    0x00, 0x00, 0x00, 0x00, 0x00, 0x00, 0x00, 0x00, 0x00, 0x00, 0x00, 0x00, 0x00, 0x00, 0x00, 0x00, 0x00, 0x00, 0x00, 0x00, 0x00, 0x00, 0x00, 0x00,
    0x00, 0x00, 0x00, 0x00, 0x00, 0x00, 0x00, 0x00, 0x00, 0x00, 0x00, 0x00, 0x00, 0x00, 0x00, 0x00, 0x00, 0x00, 0x00, 0x00, 0x00, 0x00, 0x00, 0x00,
    0x00, 0x00, 0x00, 0x00, 0x00, 0x00, 0x00, 0x00, 0x00, 0x00, 0x00, 0x00, 0x00, 0x00, 0x00, 0x00, 0x00, 0x00, 0x00, 0x00, 0x00, 0x00, 0x00, 0x00,
    0x00, 0x00, 0x00, 0x00, 0x00, 0x00, 0x00, 0x00, 0x00, 0x00, 0x00, 0x00, 0x00, 0x00, 0x00, 0x00, 0x00, 0x00, 0x00, 0x00, 0x00, 0x00, 0x00, 0x00,
    0x00, 0x00, 0x00, 0x00, 0x00, 0x00, 0x00, 0x00, 0x00, 0x00, 0x00, 0x02, 0x00, 0x42, 0xA5, 0x92, 0x95, 0x96, 0x96, 0x96, 0x95, 0x95, 0x95, 0x95,
    0x95, 0x95, 0x95, 0x95, 0x95, 0x95, 0x95, 0x95, 0x95, 0x95, 0x95, 0x95, 0x95, 0x95, 0x95, 0x95, 0x95, 0x95, 0x95, 0x95, 0x95, 0x95, 0x95, 0x95,
    0x95, 0x95, 0x95, 0x95, 0x95, 0x95, 0x95, 0x95, 0x95, 0x95, 0x95, 0x95, 0x95, 0x95, 0x95, 0x95, 0x95, 0x95, 0x95, 0x95, 0x95, 0x95, 0x95, 0x95,
    0x95, 0x95, 0x95, 0x95, 0x95, 0x95, 0x95, 0x95, 0x95, 0x95, 0x95, 0x95, 0x95, 0x95, 0x95, 0x95, 0x95, 0x95, 0x95, 0x95, 0x95, 0x96, 0x96, 0x96,
    0x92, 0xA1, 0x73, 0x03, 0x02, 0x00, 0x00, 0x00, 0x00, 0x00, 0x00, 0x00, 0x00, 0x00, 0x00, 0x00, 0x00, 0x00, 0x00, 0x00, 0x00, 0x00, 0x00, 0x00,
    0x00, 0x00, 0x00, 0x00, 0x00, 0x00, 0x00, 0x00, 0x00, 0x00, 0x00, 0x00, 0x00, 0x00, 0x00, 0x00, 0x00, 0x00, 0x00, 0x00, 0x00, 0x00, 0x00, 0x00,
    0x00, 0x00, 0x00, 0x00, 0x00, 0x00, 0x00, 0x00, 0x00, 0x00, 0x00, 0x00, 0x00, 0x00, 0x00, 0x00, 0x00, 0x00, 0x00, 0x00, 0x00, 0x00, 0x00, 0x00,
    0x00, 0x00, 0x00, 0x00, 0x00, 0x00, 0x00, 0x00, 0x00, 0x00, 0x00, 0x00, 0x00, 0x00, 0x00, 0x00, 0x00, 0x00, 0x00, 0x00, 0x00, 0x00, 0x00, 0x00,
    0x00, 0x00, 0x00, 0x00, 0x00, 0x00, 0x00, 0x00, 0x00, 0x00, 0x00, 0x00, 0x00, 0x00, 0x00, 0x00, 0x00, 0x00, 0x00, 0x00, 0x00, 0x00, 0x00, 0x00,
    0x00, 0x00, 0x00, 0x00, 0x00, 0x00, 0x00, 0x00, 0x00, 0x00, 0x00, 0x00, 0x00, 0x00, 0x00, 0x00, 0x00, 0x00, 0x00, 0x00, 0x00, 0x00, 0x00, 0x00,
    0x00, 0x00, 0x00, 0x00, 0x00, 0x00, 0x00, 0x00, 0x00, 0x00, 0x00, 0x00, 0x00, 0x00, 0x00, 0x00, 0x00, 0x00, 0x00, 0x00, 0x00, 0x00, 0x00, 0x00,
    0x00, 0x00, 0x00, 0x00, 0x00, 0x00, 0x00, 0x00, 0x00, 0x00, 0x00, 0x00, 0x00, 0x00, 0x00, 0x00, 0x00, 0x00, 0x00, 0x00, 0x00, 0x00, 0x00, 0x00,
    0x00, 0x00, 0x00, 0x00, 0x00, 0x00, 0x00, 0x00, 0x00, 0x00, 0x00, 0x00, 0x00, 0x00, 0x00, 0x00, 0x00, 0x00, 0x00, 0x00, 0x00, 0x00, 0x00, 0x00,
    0x00, 0x00, 0x00, 0x00, 0x00, 0x00, 0x00, 0x00, 0x00, 0x00, 0x00, 0x00, 0x00, 0x00, 0x00, 0x00, 0x00, 0x00, 0x00, 0x00, 0x00, 0x00, 0x00, 0x00,
    0x00, 0x00, 0x00, 0x00, 0x00, 0x00, 0x00, 0x00, 0x00, 0x00, 0x00, 0x00, 0x00, 0x00, 0x00, 0x00, 0x00, 0x00, 0x00, 0x00, 0x00, 0x00, 0x00, 0x00,
    0x00, 0x00, 0x00, 0x00, 0x00, 0x00, 0x00, 0x00, 0x00, 0x00, 0x00, 0x00, 0x00, 0x00, 0x00, 0x00, 0x00, 0x00, 0x00, 0x00, 0x00, 0x00, 0x00, 0x00,
    0x00, 0x00, 0x00, 0x00, 0x00, 0x00, 0x00, 0x00, 0x00, 0x00, 0x00, 0x00, 0x00, 0x00, 0x00, 0x00, 0x00, 0x00, 0x00, 0x00, 0x00, 0x00, 0x00, 0x00,
    0x00, 0x00, 0x00, 0x00, 0x00, 0x00, 0x00, 0x00, 0x00, 0x00, 0x00, 0x00, 0x00, 0x00, 0x00, 0x00, 0x00, 0x00, 0x00, 0x00, 0x00, 0x00, 0x00, 0x00,
    0x00, 0x00, 0x00, 0x00, 0x00, 0x00, 0x00, 0x00, 0x00, 0x00, 0x00, 0x00, 0x00, 0x00, 0x00, 0x00, 0x00, 0x00, 0x00, 0x00, 0x00, 0x00, 0x00, 0x00,
    0x00, 0x00, 0x00, 0x00, 0x00, 0x00, 0x00, 0x00, 0x00, 0x00, 0x00, 0x00, 0x00, 0x00, 0x00, 0x00, 0x00, 0x00, 0x00, 0x00, 0x00, 0x00, 0x00, 0x00,
    0x00, 0x00, 0x00, 0x00, 0x00, 0x00, 0x00, 0x00, 0x00, 0x00, 0x00, 0x00, 0x00, 0x00, 0x00, 0x00, 0x00, 0x00, 0x00, 0x00, 0x00, 0x00, 0x00, 0x00,
    0x00, 0x00, 0x00, 0x00, 0x00, 0x00, 0x00, 0x00, 0x00, 0x00, 0x00, 0x00, 0x00, 0x00, 0x00, 0x00, 0x00, 0x00, 0x00, 0x00, 0x00, 0x00, 0x00, 0x00,
    0x00, 0x00, 0x00, 0x00, 0x00, 0x00, 0x00, 0x00, 0x00, 0x00, 0x00, 0x00, 0x00, 0x00, 0x00, 0x00, 0x00, 0x00, 0x00, 0x00, 0x00, 0x00, 0x00, 0x00,
    0x00, 0x00, 0x00, 0x00, 0x00, 0x00, 0x00, 0x00, 0x00, 0x00, 0x00, 0x00, 0x00, 0x00, 0x00, 0x00, 0x00, 0x00, 0x01, 0x00, 0x13, 0x94, 0x96, 0x95,
    0x96, 0x96, 0x94, 0x97, 0x99, 0x98, 0x98, 0x98, 0x98, 0x98, 0x98, 0x98, 0x98, 0x98, 0x98, 0x98, 0x98, 0x98, 0x98, 0x98, 0x98, 0x98, 0x98, 0x98,
    0x98, 0x98, 0x98, 0x98, 0x98, 0x98, 0x98, 0x98, 0x98, 0x98, 0x98, 0x98, 0x98, 0x98, 0x98, 0x98, 0x98, 0x98, 0x98, 0x98, 0x98, 0x98, 0x98, 0x98,
    0x98, 0x98, 0x98, 0x98, 0x98, 0x98, 0x98, 0x98, 0x98, 0x98, 0x98, 0x98, 0x98, 0x98, 0x98, 0x98, 0x98, 0x98, 0x98, 0x98, 0x98, 0x98, 0x98, 0x98,
    0x98, 0x98, 0x98, 0x99, 0x98, 0x94, 0x96, 0x96, 0x96, 0x93, 0xA2, 0x3E, 0x00, 0x02, 0x00, 0x00, 0x00, 0x00, 0x00, 0x00, 0x00, 0x00, 0x00, 0x00,
    0x00, 0x00, 0x00, 0x00, 0x00, 0x00, 0x00, 0x00, 0x00, 0x00, 0x00, 0x00, 0x00, 0x00, 0x00, 0x00, 0x00, 0x00, 0x00, 0x00, 0x00, 0x00, 0x00, 0x00,
    0x00, 0x00, 0x00, 0x00, 0x00, 0x00, 0x00, 0x00, 0x00, 0x00, 0x00, 0x00, 0x00, 0x00, 0x00, 0x00, 0x00, 0x00, 0x00, 0x00, 0x00, 0x00, 0x00, 0x00,
    0x00, 0x00, 0x00, 0x00, 0x00, 0x00, 0x00, 0x00, 0x00, 0x00, 0x00, 0x00, 0x00, 0x00, 0x00, 0x00, 0x00, 0x00, 0x00, 0x00, 0x00, 0x00, 0x00, 0x00,
    0x00, 0x00, 0x00, 0x00, 0x00, 0x00, 0x00, 0x00, 0x00, 0x00, 0x00, 0x00, 0x00, 0x00, 0x00, 0x00, 0x00, 0x00, 0x00, 0x00, 0x00, 0x00, 0x00, 0x00,
    0x00, 0x00, 0x00, 0x00, 0x00, 0x00, 0x00, 0x00, 0x00, 0x00, 0x00, 0x00, 0x00, 0x00, 0x00, 0x00, 0x00, 0x00, 0x00, 0x00, 0x00, 0x00, 0x00, 0x00,
    0x00, 0x00, 0x00, 0x00, 0x00, 0x00, 0x00, 0x00, 0x00, 0x00, 0x00, 0x00, 0x00, 0x00, 0x00, 0x00, 0x00, 0x00, 0x00, 0x00, 0x00, 0x00, 0x00, 0x00,
    0x00, 0x00, 0x00, 0x00, 0x00, 0x00, 0x00, 0x00, 0x00, 0x00, 0x00, 0x00, 0x00, 0x00, 0x00, 0x00, 0x00, 0x00, 0x00, 0x00, 0x00, 0x00, 0x00, 0x00,
    0x00, 0x00, 0x00, 0x00, 0x00, 0x00, 0x00, 0x00, 0x00, 0x00, 0x00, 0x00, 0x00, 0x00, 0x00, 0x00, 0x00, 0x00, 0x00, 0x00, 0x00, 0x00, 0x00, 0x00,
    0x00, 0x00, 0x00, 0x00, 0x00, 0x00, 0x00, 0x00, 0x00, 0x00, 0x00, 0x00, 0x00, 0x00, 0x00, 0x00, 0x00, 0x00, 0x00, 0x00, 0x00, 0x00, 0x00, 0x00,
    0x00, 0x00, 0x00, 0x00, 0x00, 0x00, 0x00, 0x00, 0x00, 0x00, 0x00, 0x00, 0x00, 0x00, 0x00, 0x00, 0x00, 0x00, 0x00, 0x00, 0x00, 0x00, 0x00, 0x00,
    0x00, 0x00, 0x00, 0x00, 0x00, 0x00, 0x00, 0x00, 0x00, 0x00, 0x00, 0x00, 0x00, 0x00, 0x00, 0x00, 0x00, 0x00, 0x00, 0x00, 0x00, 0x00, 0x00, 0x00,
    0x00, 0x00, 0x00, 0x00, 0x00, 0x00, 0x00, 0x00, 0x00, 0x00, 0x00, 0x00, 0x00, 0x00, 0x00, 0x00, 0x00, 0x00, 0x00, 0x00, 0x00, 0x00, 0x00, 0x00,
    0x00, 0x00, 0x00, 0x00, 0x00, 0x00, 0x00, 0x00, 0x00, 0x00, 0x00, 0x00, 0x00, 0x00, 0x00, 0x00, 0x00, 0x00, 0x00, 0x00, 0x00, 0x00, 0x00, 0x00,
    0x00, 0x00, 0x00, 0x00, 0x00, 0x00, 0x00, 0x00, 0x00, 0x00, 0x00, 0x00, 0x00, 0x00, 0x00, 0x00, 0x00, 0x00, 0x00, 0x00, 0x00, 0x00, 0x00, 0x00,
    0x00, 0x00, 0x00, 0x00, 0x00, 0x00, 0x00, 0x00, 0x00, 0x00, 0x00, 0x00, 0x00, 0x00, 0x00, 0x00, 0x00, 0x00, 0x00, 0x00, 0x00, 0x00, 0x00, 0x00,
    0x00, 0x00, 0x00, 0x00, 0x00, 0x00, 0x00, 0x00, 0x00, 0x00, 0x00, 0x00, 0x00, 0x00, 0x00, 0x00, 0x00, 0x00, 0x00, 0x00, 0x00, 0x00, 0x00, 0x00,
    0x00, 0x00, 0x00, 0x00, 0x00, 0x00, 0x00, 0x00, 0x00, 0x00, 0x00, 0x00, 0x00, 0x00, 0x00, 0x00, 0x00, 0x00, 0x00, 0x00, 0x00, 0x00, 0x00, 0x00,
    0x00, 0x00, 0x00, 0x00, 0x00, 0x00, 0x00, 0x00, 0x00, 0x00, 0x00, 0x00, 0x00, 0x00, 0x00, 0x00, 0x00, 0x00, 0x00, 0x00, 0x00, 0x00, 0x00, 0x00,
    0x00, 0x00, 0x00, 0x00, 0x00, 0x00, 0x00, 0x00, 0x00, 0x00, 0x00, 0x00, 0x00, 0x00, 0x00, 0x00, 0x00, 0x00, 0x00, 0x00, 0x00, 0x00, 0x00, 0x00,
    0x00, 0x00, 0x02, 0x00, 0x54, 0xA2, 0x93, 0x96, 0x96, 0x95, 0x9D, 0x93, 0x8D, 0x8D, 0x8D, 0x8D, 0x8D, 0x8D, 0x8D, 0x8D, 0x8D, 0x8D, 0x8D, 0x8D,
    0x8D, 0x8D, 0x8D, 0x8D, 0x8D, 0x8D, 0x8D, 0x8D, 0x8D, 0x8D, 0x8D, 0x8D, 0x8D, 0x8D, 0x8D, 0x8D, 0x8D, 0x8D, 0x8D, 0x8D, 0x8D, 0x8D, 0x8D, 0x8D,
    0x8D, 0x8D, 0x8D, 0x8D, 0x8D, 0x8D, 0x8D, 0x8D, 0x8D, 0x8D, 0x8D, 0x8D, 0x8D, 0x8D, 0x8D, 0x8D, 0x8D, 0x8D, 0x8D, 0x8D, 0x8D, 0x8D, 0x8D, 0x8D,
    0x8D, 0x8D, 0x8D, 0x8D, 0x8D, 0x8D, 0x8D, 0x8D, 0x8D, 0x8D, 0x8D, 0x8D, 0x8E, 0x9E, 0x96, 0x96, 0x96, 0x95, 0x9A, 0x82, 0x03, 0x01, 0x01, 0x00,
    0x00, 0x00, 0x00, 0x00, 0x00, 0x00, 0x00, 0x00, 0x00, 0x00, 0x00, 0x00, 0x00, 0x00, 0x00, 0x00, 0x00, 0x00, 0x00, 0x00, 0x00, 0x00, 0x00, 0x00,
    0x00, 0x00, 0x00, 0x00, 0x00, 0x00, 0x00, 0x00, 0x00, 0x00, 0x00, 0x00, 0x00, 0x00, 0x00, 0x00, 0x00, 0x00, 0x00, 0x00, 0x00, 0x00, 0x00, 0x00,
    0x00, 0x00, 0x00, 0x00, 0x00, 0x00, 0x00, 0x00, 0x00, 0x00, 0x00, 0x00, 0x00, 0x00, 0x00, 0x00, 0x00, 0x00, 0x00, 0x00, 0x00, 0x00, 0x00, 0x00,
    0x00, 0x00, 0x00, 0x00, 0x00, 0x00, 0x00, 0x00, 0x00, 0x00, 0x00, 0x00, 0x00, 0x00, 0x00, 0x00, 0x00, 0x00, 0x00, 0x00, 0x00, 0x00, 0x00, 0x00,
    0x00, 0x00, 0x00, 0x00, 0x00, 0x00, 0x00, 0x00, 0x00, 0x00, 0x00, 0x00, 0x00, 0x00, 0x00, 0x00, 0x00, 0x00, 0x00, 0x00, 0x00, 0x00, 0x00, 0x00,
    0x00, 0x00, 0x00, 0x00, 0x00, 0x00, 0x00, 0x00, 0x00, 0x00, 0x00, 0x00, 0x00, 0x00, 0x00, 0x00, 0x00, 0x00, 0x00, 0x00, 0x00, 0x00, 0x00, 0x00,
    0x00, 0x00, 0x00, 0x00, 0x00, 0x00, 0x00, 0x00, 0x00, 0x00, 0x00, 0x00, 0x00, 0x00, 0x00, 0x00, 0x00, 0x00, 0x00, 0x00, 0x00, 0x00, 0x00, 0x00,
    0x00, 0x00, 0x00, 0x00, 0x00, 0x00, 0x00, 0x00, 0x00, 0x00, 0x00, 0x00, 0x00, 0x00, 0x00, 0x00, 0x00, 0x00, 0x00, 0x00, 0x00, 0x00, 0x00, 0x00,
    0x00, 0x00, 0x00, 0x00, 0x00, 0x00, 0x00, 0x00, 0x00, 0x00, 0x00, 0x00, 0x00, 0x00, 0x00, 0x00, 0x00, 0x00, 0x00, 0x00, 0x00, 0x00, 0x00, 0x00,
    0x00, 0x00, 0x00, 0x00, 0x00, 0x00, 0x00, 0x00, 0x00, 0x00, 0x00, 0x00, 0x00, 0x00, 0x00, 0x00, 0x00, 0x00, 0x00, 0x00, 0x00, 0x00, 0x00, 0x00,
    0x00, 0x00, 0x00, 0x00, 0x00, 0x00, 0x00, 0x00, 0x00, 0x00, 0x00, 0x00, 0x00, 0x00, 0x00, 0x00, 0x00, 0x00, 0x00, 0x00, 0x00, 0x00, 0x00, 0x00,
    0x00, 0x00, 0x00, 0x00, 0x00, 0x00, 0x00, 0x00, 0x00, 0x00, 0x00, 0x00, 0x00, 0x00, 0x00, 0x00, 0x00, 0x00, 0x00, 0x00, 0x00, 0x00, 0x00, 0x00,
    0x00, 0x00, 0x00, 0x00, 0x00, 0x00, 0x00, 0x00, 0x00, 0x00, 0x00, 0x00, 0x00, 0x00, 0x00, 0x00, 0x00, 0x00, 0x00, 0x00, 0x00, 0x00, 0x00, 0x00,
    0x00, 0x00, 0x00, 0x00, 0x00, 0x00, 0x00, 0x00, 0x00, 0x00, 0x00, 0x00, 0x00, 0x00, 0x00, 0x00, 0x00, 0x00, 0x00, 0x00, 0x00, 0x00, 0x00, 0x00,
    0x00, 0x00, 0x00, 0x00, 0x00, 0x00, 0x00, 0x00, 0x00, 0x00, 0x00, 0x00, 0x00, 0x00, 0x00, 0x00, 0x00, 0x00, 0x00, 0x00, 0x00, 0x00, 0x00, 0x00,
    0x00, 0x00, 0x00, 0x00, 0x00, 0x00, 0x00, 0x00, 0x00, 0x00, 0x00, 0x00, 0x00, 0x00, 0x00, 0x00, 0x00, 0x00, 0x00, 0x00, 0x00, 0x00, 0x00, 0x00,
    0x00, 0x00, 0x00, 0x00, 0x00, 0x00, 0x00, 0x00, 0x00, 0x00, 0x00, 0x00, 0x00, 0x00, 0x00, 0x00, 0x00, 0x00, 0x00, 0x00, 0x00, 0x00, 0x00, 0x00,
    0x00, 0x00, 0x00, 0x00, 0x00, 0x00, 0x00, 0x00, 0x00, 0x00, 0x00, 0x00, 0x00, 0x00, 0x00, 0x00, 0x00, 0x00, 0x00, 0x00, 0x00, 0x00, 0x00, 0x00,
    0x00, 0x00, 0x00, 0x00, 0x00, 0x00, 0x00, 0x00, 0x00, 0x00, 0x00, 0x00, 0x00, 0x00, 0x00, 0x00, 0x00, 0x00, 0x00, 0x00, 0x00, 0x00, 0x00, 0x00,
    0x00, 0x00, 0x00, 0x00, 0x00, 0x00, 0x00, 0x00, 0x00, 0x00, 0x01, 0x03, 0x74, 0x9D, 0x94, 0x96, 0x94, 0x9D, 0x69, 0x17, 0x0B, 0x0A, 0x09, 0x09,
    0x09, 0x09, 0x09, 0x09, 0x09, 0x09, 0x09, 0x09, 0x09, 0x09, 0x09, 0x09, 0x09, 0x09, 0x09, 0x09, 0x09, 0x09, 0x09, 0x09, 0x09, 0x09, 0x09, 0x09,
    0x09, 0x09, 0x09, 0x09, 0x09, 0x09, 0x09, 0x09, 0x09, 0x09, 0x09, 0x09, 0x09, 0x09, 0x09, 0x09, 0x09, 0x09, 0x09, 0x09, 0x09, 0x09, 0x09, 0x09,
    0x09, 0x09, 0x09, 0x09, 0x09, 0x09, 0x09, 0x09, 0x09, 0x09, 0x09, 0x09, 0x09, 0x09, 0x09, 0x09, 0x09, 0x09, 0x0A, 0x0A, 0x0C, 0x44, 0x9A, 0x95,
    0x96, 0x95, 0x96, 0x95, 0x17, 0x00, 0x01, 0x00, 0x00, 0x00, 0x00, 0x00, 0x00, 0x00, 0x00, 0x00, 0x00, 0x00, 0x00, 0x00, 0x00, 0x00, 0x00, 0x00,
    0x00, 0x00, 0x00, 0x00, 0x00, 0x00, 0x00, 0x00, 0x00, 0x00, 0x00, 0x00, 0x00, 0x00, 0x00, 0x00, 0x00, 0x00, 0x00, 0x00, 0x00, 0x00, 0x00, 0x00,
    0x00, 0x00, 0x00, 0x00, 0x00, 0x00, 0x00, 0x00, 0x00, 0x00, 0x00, 0x00, 0x00, 0x00, 0x00, 0x00, 0x00, 0x00, 0x00, 0x00, 0x00, 0x00, 0x00, 0x00,
    0x00, 0x00, 0x00, 0x00, 0x00, 0x00, 0x00, 0x00, 0x00, 0x00, 0x00, 0x00, 0x00, 0x00, 0x00, 0x00, 0x00, 0x00, 0x00, 0x00, 0x00, 0x00, 0x00, 0x00,
    0x00, 0x00, 0x00, 0x00, 0x00, 0x00, 0x00, 0x00, 0x00, 0x00, 0x00, 0x00, 0x00, 0x00, 0x00, 0x00, 0x00, 0x00, 0x00, 0x00, 0x00, 0x00, 0x00, 0x00,
    0x00, 0x00, 0x00, 0x00, 0x00, 0x00, 0x00, 0x00, 0x00, 0x00, 0x00, 0x00, 0x00, 0x00, 0x00, 0x00, 0x00, 0x00, 0x00, 0x00, 0x00, 0x00, 0x00, 0x00,
    0x00, 0x00, 0x00, 0x00, 0x00, 0x00, 0x00, 0x00, 0x00, 0x00, 0x00, 0x00, 0x00, 0x00, 0x00, 0x00, 0x00, 0x00, 0x00, 0x00, 0x00, 0x00, 0x00, 0x00,
    0x00, 0x00, 0x00, 0x00, 0x00, 0x00, 0x00, 0x00, 0x00, 0x00, 0x00, 0x00, 0x00, 0x00, 0x00, 0x00, 0x00, 0x00, 0x00, 0x00, 0x00, 0x00, 0x00, 0x00,
    0x00, 0x00, 0x00, 0x00, 0x00, 0x00, 0x00, 0x00, 0x00, 0x00, 0x00, 0x00, 0x00, 0x00, 0x00, 0x00, 0x00, 0x00, 0x00, 0x00, 0x00, 0x00, 0x00, 0x00,
    0x00, 0x00, 0x00, 0x00, 0x00, 0x00, 0x00, 0x00, 0x00, 0x00, 0x00, 0x00, 0x00, 0x00, 0x00, 0x00, 0x00, 0x00, 0x00, 0x00, 0x00, 0x00, 0x00, 0x00,
    0x00, 0x00, 0x00, 0x00, 0x00, 0x00, 0x00, 0x00, 0x00, 0x00, 0x00, 0x00, 0x00, 0x00, 0x00, 0x00, 0x00, 0x00, 0x00, 0x00, 0x00, 0x00, 0x00, 0x00,
    0x00, 0x00, 0x00, 0x00, 0x00, 0x00, 0x00, 0x00, 0x00, 0x00, 0x00, 0x00, 0x00, 0x00, 0x00, 0x00, 0x00, 0x00, 0x00, 0x00, 0x00, 0x00, 0x00, 0x00,
    0x00, 0x00, 0x00, 0x00, 0x00, 0x00, 0x00, 0x00, 0x00, 0x00, 0x00, 0x00, 0x00, 0x00, 0x00, 0x00, 0x00, 0x00, 0x00, 0x00, 0x00, 0x00, 0x00, 0x00,
    0x00, 0x00, 0x00, 0x00, 0x00, 0x00, 0x00, 0x00, 0x00, 0x00, 0x00, 0x00, 0x00, 0x00, 0x00, 0x00, 0x00, 0x00, 0x00, 0x00, 0x00, 0x00, 0x00, 0x00,
    0x00, 0x00, 0x00, 0x00, 0x00, 0x00, 0x00, 0x00, 0x00, 0x00, 0x00, 0x00, 0x00, 0x00, 0x00, 0x00, 0x00, 0x00, 0x00, 0x00, 0x00, 0x00, 0x00, 0x00,
    0x00, 0x00, 0x00, 0x00, 0x00, 0x00, 0x00, 0x00, 0x00, 0x00, 0x00, 0x00, 0x00, 0x00, 0x00, 0x00, 0x00, 0x00, 0x00, 0x00, 0x00, 0x00, 0x00, 0x00,
    0x00, 0x00, 0x00, 0x00, 0x00, 0x00, 0x00, 0x00, 0x00, 0x00, 0x00, 0x00, 0x00, 0x00, 0x00, 0x00, 0x00, 0x00, 0x00, 0x00, 0x00, 0x00, 0x00, 0x00,
    0x00, 0x00, 0x00, 0x00, 0x00, 0x00, 0x00, 0x00, 0x00, 0x00, 0x00, 0x00, 0x00, 0x00, 0x00, 0x00, 0x00, 0x00, 0x00, 0x00, 0x00, 0x00, 0x00, 0x00,
    0x00, 0x00, 0x00, 0x00, 0x00, 0x00, 0x00, 0x00, 0x00, 0x00, 0x00, 0x00, 0x00, 0x00, 0x00, 0x00, 0x00, 0x00, 0x00, 0x00, 0x00, 0x00, 0x00, 0x00,
    0x00, 0x00, 0x00, 0x00, 0x00, 0x00, 0x00, 0x00, 0x00, 0x00, 0x00, 0x00, 0x00, 0x00, 0x00, 0x00, 0x00, 0x01, 0x00, 0x0A, 0x8F, 0x97, 0x95, 0x95,
    0x97, 0x94, 0x10, 0x00, 0x00, 0x00, 0x00, 0x00, 0x00, 0x00, 0x00, 0x00, 0x00, 0x00, 0x00, 0x00, 0x00, 0x00, 0x00, 0x00, 0x00, 0x00, 0x00, 0x00,
    0x00, 0x00, 0x00, 0x00, 0x00, 0x00, 0x00, 0x00, 0x00, 0x00, 0x00, 0x00, 0x00, 0x00, 0x00, 0x00, 0x00, 0x00, 0x00, 0x00, 0x00, 0x00, 0x00, 0x00,
    0x00, 0x00, 0x00, 0x00, 0x00, 0x00, 0x00, 0x00, 0x00, 0x00, 0x00, 0x00, 0x00, 0x00, 0x00, 0x00, 0x00, 0x00, 0x00, 0x00, 0x00, 0x00, 0x00, 0x00,
    0x00, 0x00, 0x00, 0x00, 0x00, 0x00, 0x71, 0x9E, 0x94, 0x96, 0x94, 0xA1, 0x35, 0x00, 0x02, 0x00, 0x00, 0x00, 0x00, 0x00, 0x00, 0x00, 0x00, 0x00,
    0x00, 0x00, 0x00, 0x00, 0x00, 0x00, 0x00, 0x00, 0x00, 0x00, 0x00, 0x00, 0x00, 0x00, 0x00, 0x00, 0x00, 0x00, 0x00, 0x00, 0x00, 0x00, 0x00, 0x00,
    0x00, 0x00, 0x00, 0x00, 0x00, 0x00, 0x00, 0x00, 0x00, 0x00, 0x00, 0x00, 0x00, 0x00, 0x00, 0x00, 0x00, 0x00, 0x00, 0x00, 0x00, 0x00, 0x00, 0x00,
    0x00, 0x00, 0x00, 0x00, 0x00, 0x00, 0x00, 0x00, 0x00, 0x00, 0x00, 0x00, 0x00, 0x00, 0x00, 0x00, 0x00, 0x00, 0x00, 0x00, 0x00, 0x00, 0x00, 0x00,
    0x00, 0x00, 0x00, 0x00, 0x00, 0x00, 0x00, 0x00, 0x00, 0x00, 0x00, 0x00, 0x00, 0x00, 0x00, 0x00, 0x00, 0x00, 0x00, 0x00, 0x00, 0x00, 0x00, 0x00,
    0x00, 0x00, 0x00, 0x00, 0x00, 0x00, 0x00, 0x00, 0x00, 0x00, 0x00, 0x00, 0x00, 0x00, 0x00, 0x00, 0x00, 0x00, 0x00, 0x00, 0x00, 0x00, 0x00, 0x00,
    0x00, 0x00, 0x00, 0x00, 0x00, 0x00, 0x00, 0x00, 0x00, 0x00, 0x00, 0x00, 0x00, 0x00, 0x00, 0x00, 0x00, 0x00, 0x00, 0x00, 0x00, 0x00, 0x00, 0x00,
    0x00, 0x00, 0x00, 0x00, 0x00, 0x00, 0x00, 0x00, 0x00, 0x00, 0x00, 0x00, 0x00, 0x00, 0x00, 0x00, 0x00, 0x00, 0x00, 0x00, 0x00, 0x00, 0x00, 0x00,
    0x00, 0x00, 0x00, 0x00, 0x00, 0x00, 0x00, 0x00, 0x00, 0x00, 0x00, 0x00, 0x00, 0x00, 0x00, 0x00, 0x00, 0x00, 0x00, 0x00, 0x00, 0x00, 0x00, 0x00,
    0x00, 0x00, 0x00, 0x00, 0x00, 0x00, 0x00, 0x00, 0x00, 0x00, 0x00, 0x00, 0x00, 0x00, 0x00, 0x00, 0x00, 0x00, 0x00, 0x00, 0x00, 0x00, 0x00, 0x00,
    0x00, 0x00, 0x00, 0x00, 0x00, 0x00, 0x00, 0x00, 0x00, 0x00, 0x00, 0x00, 0x00, 0x00, 0x00, 0x00, 0x00, 0x00, 0x00, 0x00, 0x00, 0x00, 0x00, 0x00,
    0x00, 0x00, 0x00, 0x00, 0x00, 0x00, 0x00, 0x00, 0x00, 0x00, 0x00, 0x00, 0x00, 0x00, 0x00, 0x00, 0x00, 0x00, 0x00, 0x00, 0x00, 0x00, 0x00, 0x00,
    0x00, 0x00, 0x00, 0x00, 0x00, 0x00, 0x00, 0x00, 0x00, 0x00, 0x00, 0x00, 0x00, 0x00, 0x00, 0x00, 0x00, 0x00, 0x00, 0x00, 0x00, 0x00, 0x00, 0x00,
    0x00, 0x00, 0x00, 0x00, 0x00, 0x00, 0x00, 0x00, 0x00, 0x00, 0x00, 0x00, 0x00, 0x00, 0x00, 0x00, 0x00, 0x00, 0x00, 0x00, 0x00, 0x00, 0x00, 0x00,
    0x00, 0x00, 0x00, 0x00, 0x00, 0x00, 0x00, 0x00, 0x00, 0x00, 0x00, 0x00, 0x00, 0x00, 0x00, 0x00, 0x00, 0x00, 0x00, 0x00, 0x00, 0x00, 0x00, 0x00,
    0x00, 0x00, 0x00, 0x00, 0x00, 0x00, 0x00, 0x00, 0x00, 0x00, 0x00, 0x00, 0x00, 0x00, 0x00, 0x00, 0x00, 0x00, 0x00, 0x00, 0x00, 0x00, 0x00, 0x00,
    0x00, 0x00, 0x00, 0x00, 0x00, 0x00, 0x00, 0x00, 0x00, 0x00, 0x00, 0x00, 0x00, 0x00, 0x00, 0x00, 0x00, 0x00, 0x00, 0x00, 0x00, 0x00, 0x00, 0x00,
    0x00, 0x00, 0x00, 0x00, 0x00, 0x00, 0x00, 0x00, 0x00, 0x00, 0x00, 0x00, 0x00, 0x00, 0x00, 0x00, 0x00, 0x00, 0x00, 0x00, 0x00, 0x00, 0x00, 0x00,
    0x00, 0x00, 0x00, 0x00, 0x00, 0x00, 0x00, 0x00, 0x00, 0x00, 0x00, 0x00, 0x00, 0x00, 0x00, 0x00, 0x00, 0x00, 0x00, 0x00, 0x00, 0x00, 0x00, 0x00,
    0x00, 0x00, 0x00, 0x00, 0x00, 0x00, 0x00, 0x00, 0x00, 0x00, 0x00, 0x00, 0x00, 0x00, 0x00, 0x00, 0x00, 0x00, 0x00, 0x00, 0x00, 0x00, 0x00, 0x00,
    0x00, 0x01, 0x00, 0x09, 0x8C, 0x98, 0x95, 0x95, 0x98, 0x8C, 0x08, 0x01, 0x02, 0x01, 0x01, 0x01, 0x01, 0x01, 0x01, 0x01, 0x01, 0x01, 0x01, 0x01,
    0x01, 0x01, 0x01, 0x01, 0x01, 0x01, 0x01, 0x01, 0x01, 0x01, 0x01, 0x01, 0x01, 0x01, 0x01, 0x01, 0x01, 0x01, 0x01, 0x01, 0x01, 0x01, 0x01, 0x01,
    0x01, 0x01, 0x01, 0x01, 0x01, 0x01, 0x01, 0x01, 0x01, 0x01, 0x01, 0x01, 0x01, 0x01, 0x01, 0x01, 0x01, 0x01, 0x01, 0x01, 0x01, 0x01, 0x01, 0x01,
    0x01, 0x01, 0x01, 0x01, 0x01, 0x01, 0x01, 0x01, 0x01, 0x01, 0x01, 0x01, 0x03, 0x01, 0x61, 0xA0, 0x94, 0x96, 0x94, 0xA0, 0x31, 0x00, 0x02, 0x00,
    0x00, 0x00, 0x00, 0x00, 0x00, 0x00, 0x00, 0x00, 0x00, 0x00, 0x00, 0x00, 0x00, 0x00, 0x00, 0x00, 0x00, 0x00, 0x00, 0x00, 0x00, 0x00, 0x00, 0x00,
    0x00, 0x00, 0x00, 0x00, 0x00, 0x00, 0x00, 0x00, 0x00, 0x00, 0x00, 0x00, 0x00, 0x00, 0x00, 0x00, 0x00, 0x00, 0x00, 0x00, 0x00, 0x00, 0x00, 0x00,
    0x00, 0x00, 0x00, 0x00, 0x00, 0x00, 0x00, 0x00, 0x00, 0x00, 0x00, 0x00, 0x00, 0x00, 0x00, 0x00, 0x00, 0x00, 0x00, 0x00, 0x00, 0x00, 0x00, 0x00,
    0x00, 0x00, 0x00, 0x00, 0x00, 0x00, 0x00, 0x00, 0x00, 0x00, 0x00, 0x00, 0x00, 0x00, 0x00, 0x00, 0x00, 0x00, 0x00, 0x00, 0x00, 0x00, 0x00, 0x00,
    0x00, 0x00, 0x00, 0x00, 0x00, 0x00, 0x00, 0x00, 0x00, 0x00, 0x00, 0x00, 0x00, 0x00, 0x00, 0x00, 0x00, 0x00, 0x00, 0x00, 0x00, 0x00, 0x00, 0x00,
    0x00, 0x00, 0x00, 0x00, 0x00, 0x00, 0x00, 0x00, 0x00, 0x00, 0x00, 0x00, 0x00, 0x00, 0x00, 0x00, 0x00, 0x00, 0x00, 0x00, 0x00, 0x00, 0x00, 0x00,
    0x00, 0x00, 0x00, 0x00, 0x00, 0x00, 0x00, 0x00, 0x00, 0x00, 0x00, 0x00, 0x00, 0x00, 0x00, 0x00, 0x00, 0x00, 0x00, 0x00, 0x00, 0x00, 0x00, 0x00,
    0x00, 0x00, 0x00, 0x00, 0x00, 0x00, 0x00, 0x00, 0x00, 0x00, 0x00, 0x00, 0x00, 0x00, 0x00, 0x00, 0x00, 0x00, 0x00, 0x00, 0x00, 0x00, 0x00, 0x00,
    0x00, 0x00, 0x00, 0x00, 0x00, 0x00, 0x00, 0x00, 0x00, 0x00, 0x00, 0x00, 0x00, 0x00, 0x00, 0x00, 0x00, 0x00, 0x00, 0x00, 0x00, 0x00, 0x00, 0x00,
    0x00, 0x00, 0x00, 0x00, 0x00, 0x00, 0x00, 0x00, 0x00, 0x00, 0x00, 0x00, 0x00, 0x00, 0x00, 0x00, 0x00, 0x00, 0x00, 0x00, 0x00, 0x00, 0x00, 0x00,
    0x00, 0x00, 0x00, 0x00, 0x00, 0x00, 0x00, 0x00, 0x00, 0x00, 0x00, 0x00, 0x00, 0x00, 0x00, 0x00, 0x00, 0x00, 0x00, 0x00, 0x00, 0x00, 0x00, 0x00,
    0x00, 0x00, 0x00, 0x00, 0x00, 0x00, 0x00, 0x00, 0x00, 0x00, 0x00, 0x00, 0x00, 0x00, 0x00, 0x00, 0x00, 0x00, 0x00, 0x00, 0x00, 0x00, 0x00, 0x00,
    0x00, 0x00, 0x00, 0x00, 0x00, 0x00, 0x00, 0x00, 0x00, 0x00, 0x00, 0x00, 0x00, 0x00, 0x00, 0x00, 0x00, 0x00, 0x00, 0x00, 0x00, 0x00, 0x00, 0x00,
    0x00, 0x00, 0x00, 0x00, 0x00, 0x00, 0x00, 0x00, 0x00, 0x00, 0x00, 0x00, 0x00, 0x00, 0x00, 0x00, 0x00, 0x00, 0x00, 0x00, 0x00, 0x00, 0x00, 0x00,
    0x00, 0x00, 0x00, 0x00, 0x00, 0x00, 0x00, 0x00, 0x00, 0x00, 0x00, 0x00, 0x00, 0x00, 0x00, 0x00, 0x00, 0x00, 0x00, 0x00, 0x00, 0x00, 0x00, 0x00,
    0x00, 0x00, 0x00, 0x00, 0x00, 0x00, 0x00, 0x00, 0x00, 0x00, 0x00, 0x00, 0x00, 0x00, 0x00, 0x00, 0x00, 0x00, 0x00, 0x00, 0x00, 0x00, 0x00, 0x00,
    0x00, 0x00, 0x00, 0x00, 0x00, 0x00, 0x00, 0x00, 0x00, 0x00, 0x00, 0x00, 0x00, 0x00, 0x00, 0x00, 0x00, 0x00, 0x00, 0x00, 0x00, 0x00, 0x00, 0x00,
    0x00, 0x00, 0x00, 0x00, 0x00, 0x00, 0x00, 0x00, 0x00, 0x00, 0x00, 0x00, 0x00, 0x00, 0x00, 0x00, 0x00, 0x00, 0x00, 0x00, 0x00, 0x00, 0x00, 0x00,
    0x00, 0x00, 0x00, 0x00, 0x00, 0x00, 0x00, 0x00, 0x00, 0x00, 0x00, 0x00, 0x00, 0x00, 0x00, 0x00, 0x00, 0x00, 0x00, 0x00, 0x00, 0x00, 0x00, 0x00,
    0x00, 0x00, 0x00, 0x00, 0x00, 0x00, 0x00, 0x00, 0x00, 0x01, 0x00, 0x09, 0x8D, 0x98, 0x95, 0x95, 0x98, 0x8D, 0x0A, 0x00, 0x01, 0x00, 0x00, 0x00,
    0x00, 0x00, 0x00, 0x00, 0x00, 0x00, 0x00, 0x00, 0x00, 0x00, 0x00, 0x00, 0x00, 0x00, 0x00, 0x00, 0x00, 0x00, 0x00, 0x00, 0x00, 0x00, 0x00, 0x00,
    0x00, 0x00, 0x00, 0x00, 0x00, 0x00, 0x00, 0x00, 0x00, 0x00, 0x00, 0x00, 0x00, 0x00, 0x00, 0x00, 0x00, 0x00, 0x00, 0x00, 0x00, 0x00, 0x00, 0x00,
    0x00, 0x00, 0x00, 0x00, 0x00, 0x00, 0x00, 0x00, 0x00, 0x00, 0x00, 0x00, 0x00, 0x00, 0x00, 0x00, 0x00, 0x00, 0x00, 0x00, 0x02, 0x00, 0x65, 0xA0,
    0x94, 0x96, 0x94, 0xA0, 0x32, 0x00, 0x02, 0x00, 0x00, 0x00, 0x00, 0x00, 0x00, 0x00, 0x00, 0x00, 0x00, 0x00, 0x00, 0x00, 0x00, 0x00, 0x00, 0x00,
    0x00, 0x00, 0x00, 0x00, 0x00, 0x00, 0x00, 0x00, 0x00, 0x00, 0x00, 0x00, 0x00, 0x00, 0x00, 0x00, 0x00, 0x00, 0x00, 0x00, 0x00, 0x00, 0x00, 0x00,
    0x00, 0x00, 0x00, 0x00, 0x00, 0x00, 0x00, 0x00, 0x00, 0x00, 0x00, 0x00, 0x00, 0x00, 0x00, 0x00, 0x00, 0x00, 0x00, 0x00, 0x00, 0x00, 0x00, 0x00,
    0x00, 0x00, 0x00, 0x00, 0x00, 0x00, 0x00, 0x00, 0x00, 0x00, 0x00, 0x00, 0x00, 0x00, 0x00, 0x00, 0x00, 0x00, 0x00, 0x00, 0x00, 0x00, 0x00, 0x00,
    0x00, 0x00, 0x00, 0x00, 0x00, 0x00, 0x00, 0x00, 0x00, 0x00, 0x00, 0x00, 0x00, 0x00, 0x00, 0x00, 0x00, 0x00, 0x00, 0x00, 0x00, 0x00, 0x00, 0x00,
    0x00, 0x00, 0x00, 0x00, 0x00, 0x00, 0x00, 0x00, 0x00, 0x00, 0x00, 0x00, 0x00, 0x00, 0x00, 0x00, 0x00, 0x00, 0x00, 0x00, 0x00, 0x00, 0x00, 0x00,
    0x00, 0x00, 0x00, 0x00, 0x00, 0x00, 0x00, 0x00, 0x00, 0x00, 0x00, 0x00, 0x00, 0x00, 0x00, 0x00, 0x00, 0x00, 0x00, 0x00, 0x00, 0x00, 0x00, 0x00,
    0x00, 0x00, 0x00, 0x00, 0x00, 0x00, 0x00, 0x00, 0x00, 0x00, 0x00, 0x00, 0x00, 0x00, 0x00, 0x00, 0x00, 0x00, 0x00, 0x00, 0x00, 0x00, 0x00, 0x00,
    0x00, 0x00, 0x00, 0x00, 0x00, 0x00, 0x00, 0x00, 0x00, 0x00, 0x00, 0x00, 0x00, 0x00, 0x00, 0x00, 0x00, 0x00, 0x00, 0x00, 0x00, 0x00, 0x00, 0x00,
    0x00, 0x00, 0x00, 0x00, 0x00, 0x00, 0x00, 0x00, 0x00, 0x00, 0x00, 0x00, 0x00, 0x00, 0x00, 0x00, 0x00, 0x00, 0x00, 0x00, 0x00, 0x00, 0x00, 0x00,
    0x00, 0x00, 0x00, 0x00, 0x00, 0x00, 0x00, 0x00, 0x00, 0x00, 0x00, 0x00, 0x00, 0x00, 0x00, 0x00, 0x00, 0x00, 0x00, 0x00, 0x00, 0x00, 0x00, 0x00,
    0x00, 0x00, 0x00, 0x00, 0x00, 0x00, 0x00, 0x00, 0x00, 0x00, 0x00, 0x00, 0x00, 0x00, 0x00, 0x00, 0x00, 0x00, 0x00, 0x00, 0x00, 0x00, 0x00, 0x00,
    0x00, 0x00, 0x00, 0x00, 0x00, 0x00, 0x00, 0x00, 0x00, 0x00, 0x00, 0x00, 0x00, 0x00, 0x00, 0x00, 0x00, 0x00, 0x00, 0x00, 0x00, 0x00, 0x00, 0x00,
    0x00, 0x00, 0x00, 0x00, 0x00, 0x00, 0x00, 0x00, 0x00, 0x00, 0x00, 0x00, 0x00, 0x00, 0x00, 0x00, 0x00, 0x00, 0x00, 0x00, 0x00, 0x00, 0x00, 0x00,
    0x00, 0x00, 0x00, 0x00, 0x00, 0x00, 0x00, 0x00, 0x00, 0x00, 0x00, 0x00, 0x00, 0x00, 0x00, 0x00, 0x00, 0x00, 0x00, 0x00, 0x00, 0x00, 0x00, 0x00,
    0x00, 0x00, 0x00, 0x00, 0x00, 0x00, 0x00, 0x00, 0x00, 0x00, 0x00, 0x00, 0x00, 0x00, 0x00, 0x00, 0x00, 0x00, 0x00, 0x00, 0x00, 0x00, 0x00, 0x00,
    0x00, 0x00, 0x00, 0x00, 0x00, 0x00, 0x00, 0x00, 0x00, 0x00, 0x00, 0x00, 0x00, 0x00, 0x00, 0x00, 0x00, 0x00, 0x00, 0x00, 0x00, 0x00, 0x00, 0x00,
    0x00, 0x00, 0x00, 0x00, 0x00, 0x00, 0x00, 0x00, 0x00, 0x00, 0x00, 0x00, 0x00, 0x00, 0x00, 0x00, 0x00, 0x00, 0x00, 0x00, 0x00, 0x00, 0x00, 0x00,
    0x00, 0x00, 0x00, 0x00, 0x00, 0x00, 0x00, 0x00, 0x00, 0x00, 0x00, 0x00, 0x00, 0x00, 0x00, 0x00, 0x00, 0x00, 0x00, 0x00, 0x00, 0x00, 0x00, 0x00,
    0x00, 0x00, 0x00, 0x00, 0x00, 0x00, 0x00, 0x00, 0x00, 0x00, 0x00, 0x00, 0x00, 0x00, 0x00, 0x00, 0x00, 0x01, 0x00, 0x09, 0x8D, 0x98, 0x95, 0x95,
    0x98, 0x8D, 0x09, 0x00, 0x01, 0x00, 0x00, 0x00, 0x00, 0x00, 0x00, 0x00, 0x00, 0x00, 0x00, 0x00, 0x00, 0x00, 0x00, 0x00, 0x00, 0x00, 0x00, 0x00,
    0x00, 0x00, 0x00, 0x00, 0x00, 0x00, 0x00, 0x00, 0x00, 0x00, 0x00, 0x00, 0x00, 0x00, 0x00, 0x00, 0x00, 0x00, 0x00, 0x00, 0x00, 0x00, 0x00, 0x00,
    0x00, 0x00, 0x00, 0x00, 0x00, 0x00, 0x00, 0x00, 0x00, 0x00, 0x00, 0x00, 0x00, 0x00, 0x00, 0x00, 0x00, 0x00, 0x00, 0x00, 0x00, 0x00, 0x00, 0x00,
    0x00, 0x00, 0x00, 0x00, 0x02, 0x00, 0x64, 0xA0, 0x94, 0x96, 0x94, 0xA0, 0x32, 0x00, 0x02, 0x00, 0x00, 0x00, 0x00, 0x00, 0x00, 0x00, 0x00, 0x00,
    0x00, 0x00, 0x00, 0x00, 0x00, 0x00, 0x00, 0x00, 0x00, 0x00, 0x00, 0x00, 0x00, 0x00, 0x00, 0x00, 0x00, 0x00, 0x00, 0x00, 0x00, 0x00, 0x00, 0x00,
    0x00, 0x00, 0x00, 0x00, 0x00, 0x00, 0x00, 0x00, 0x00, 0x00, 0x00, 0x00, 0x00, 0x00, 0x00, 0x00, 0x00, 0x00, 0x00, 0x00, 0x00, 0x00, 0x00, 0x00,
    0x00, 0x00, 0x00, 0x00, 0x00, 0x00, 0x00, 0x00, 0x00, 0x00, 0x00, 0x00, 0x00, 0x00, 0x00, 0x00, 0x00, 0x00, 0x00, 0x00, 0x00, 0x00, 0x00, 0x00,
    0x00, 0x00, 0x00, 0x00, 0x00, 0x00, 0x00, 0x00, 0x00, 0x00, 0x00, 0x00, 0x00, 0x00, 0x00, 0x00, 0x00, 0x00, 0x00, 0x00, 0x00, 0x00, 0x00, 0x00,
    0x00, 0x00, 0x00, 0x00, 0x00, 0x00, 0x00, 0x00, 0x00, 0x00, 0x00, 0x00, 0x00, 0x00, 0x00, 0x00, 0x00, 0x00, 0x00, 0x00, 0x00, 0x00, 0x00, 0x00,
    0x00, 0x00, 0x00, 0x00, 0x00, 0x00, 0x00, 0x00, 0x00, 0x00, 0x00, 0x00, 0x00, 0x00, 0x00, 0x00, 0x00, 0x00, 0x00, 0x00, 0x00, 0x00, 0x00, 0x00,
    0x00, 0x00, 0x00, 0x00, 0x00, 0x00, 0x00, 0x00, 0x00, 0x00, 0x00, 0x00, 0x00, 0x00, 0x00, 0x00, 0x00, 0x00, 0x00, 0x00, 0x00, 0x00, 0x00, 0x00,
    0x00, 0x00, 0x00, 0x00, 0x00, 0x00, 0x00, 0x00, 0x00, 0x00, 0x00, 0x00, 0x00, 0x00, 0x00, 0x00, 0x00, 0x00, 0x00, 0x00, 0x00, 0x00, 0x00, 0x00,
    0x00, 0x00, 0x00, 0x00, 0x00, 0x00, 0x00, 0x00, 0x00, 0x00, 0x00, 0x00, 0x00, 0x00, 0x00, 0x00, 0x00, 0x00, 0x00, 0x00, 0x00, 0x00, 0x00, 0x00,
    0x00, 0x00, 0x00, 0x00, 0x00, 0x00, 0x00, 0x00, 0x00, 0x00, 0x00, 0x00, 0x00, 0x00, 0x00, 0x00, 0x00, 0x00, 0x00, 0x00, 0x00, 0x00, 0x00, 0x00,
    0x00, 0x00, 0x01, 0x01, 0x01, 0x01, 0x01, 0x01, 0x01, 0x01, 0x01, 0x01, 0x01, 0x01, 0x01, 0x01, 0x01, 0x01, 0x01, 0x01, 0x01, 0x01, 0x01, 0x01,
    0x01, 0x01, 0x01, 0x01, 0x01, 0x01, 0x01, 0x01, 0x01, 0x01, 0x01, 0x01, 0x01, 0x01, 0x01, 0x01, 0x01, 0x01, 0x01, 0x01, 0x01, 0x01, 0x01, 0x01,
    0x01, 0x01, 0x01, 0x01, 0x01, 0x01, 0x01, 0x01, 0x01, 0x01, 0x01, 0x01, 0x01, 0x01, 0x01, 0x01, 0x01, 0x01, 0x01, 0x01, 0x01, 0x01, 0x01, 0x01,
    0x01, 0x01, 0x01, 0x01, 0x01, 0x01, 0x01, 0x01, 0x01, 0x01, 0x01, 0x01, 0x01, 0x01, 0x01, 0x01, 0x01, 0x01, 0x01, 0x01, 0x01, 0x01, 0x01, 0x01,
    0x01, 0x01, 0x01, 0x01, 0x01, 0x01, 0x01, 0x01, 0x01, 0x01, 0x01, 0x01, 0x01, 0x01, 0x01, 0x01, 0x01, 0x01, 0x01, 0x01, 0x01, 0x01, 0x01, 0x01,
    0x01, 0x01, 0x01, 0x01, 0x01, 0x01, 0x01, 0x01, 0x01, 0x01, 0x01, 0x01, 0x01, 0x01, 0x01, 0x01, 0x01, 0x01, 0x01, 0x01, 0x01, 0x01, 0x01, 0x01,
    0x01, 0x01, 0x01, 0x01, 0x01, 0x01, 0x01, 0x01, 0x01, 0x01, 0x01, 0x01, 0x01, 0x01, 0x01, 0x01, 0x01, 0x01, 0x01, 0x01, 0x01, 0x01, 0x01, 0x01,
    0x01, 0x01, 0x01, 0x01, 0x01, 0x01, 0x01, 0x01, 0x01, 0x01, 0x01, 0x01, 0x01, 0x01, 0x01, 0x01, 0x01, 0x01, 0x01, 0x01, 0x01, 0x01, 0x01, 0x01,
    0x01, 0x01, 0x01, 0x01, 0x01, 0x01, 0x01, 0x01, 0x01, 0x01, 0x01, 0x01, 0x01, 0x01, 0x01, 0x01, 0x01, 0x01, 0x01, 0x01, 0x01, 0x01, 0x01, 0x01,
    0x01, 0x02, 0x01, 0x0A, 0x8D, 0x98, 0x95, 0x95, 0x98, 0x8D, 0x09, 0x01, 0x02, 0x01, 0x01, 0x01, 0x01, 0x01, 0x01, 0x01, 0x01, 0x01, 0x01, 0x01,
    0x01, 0x01, 0x01, 0x01, 0x01, 0x01, 0x01, 0x01, 0x01, 0x01, 0x01, 0x01, 0x01, 0x01, 0x01, 0x01, 0x01, 0x01, 0x01, 0x01, 0x01, 0x01, 0x01, 0x01,
    0x01, 0x01, 0x01, 0x01, 0x01, 0x01, 0x01, 0x01, 0x01, 0x01, 0x01, 0x01, 0x01, 0x01, 0x01, 0x01, 0x01, 0x01, 0x01, 0x01, 0x01, 0x01, 0x01, 0x01,
    0x01, 0x01, 0x01, 0x01, 0x01, 0x01, 0x01, 0x01, 0x01, 0x01, 0x01, 0x01, 0x03, 0x01, 0x64, 0xA0, 0x94, 0x96, 0x94, 0xA0, 0x32, 0x01, 0x03, 0x01,
    0x01, 0x01, 0x01, 0x01, 0x01, 0x01, 0x01, 0x01, 0x01, 0x01, 0x01, 0x01, 0x01, 0x01, 0x01, 0x01, 0x01, 0x01, 0x01, 0x01, 0x01, 0x01, 0x01, 0x01,
    0x01, 0x01, 0x01, 0x01, 0x01, 0x01, 0x01, 0x01, 0x01, 0x01, 0x01, 0x01, 0x01, 0x01, 0x01, 0x01, 0x01, 0x01, 0x01, 0x01, 0x01, 0x01, 0x01, 0x01,
    0x01, 0x01, 0x01, 0x01, 0x01, 0x01, 0x01, 0x01, 0x01, 0x01, 0x01, 0x01, 0x01, 0x01, 0x01, 0x01, 0x01, 0x01, 0x01, 0x01, 0x01, 0x01, 0x01, 0x01,
    0x01, 0x01, 0x01, 0x01, 0x01, 0x01, 0x01, 0x01, 0x01, 0x01, 0x01, 0x01, 0x01, 0x01, 0x01, 0x01, 0x01, 0x01, 0x01, 0x01, 0x01, 0x01, 0x01, 0x01,
    0x01, 0x01, 0x01, 0x01, 0x01, 0x01, 0x01, 0x01, 0x01, 0x01, 0x01, 0x01, 0x01, 0x01, 0x01, 0x01, 0x01, 0x01, 0x01, 0x01, 0x01, 0x01, 0x01, 0x01,
    0x01, 0x01, 0x01, 0x01, 0x01, 0x01, 0x01, 0x01, 0x01, 0x01, 0x01, 0x01, 0x01, 0x01, 0x01, 0x01, 0x01, 0x01, 0x01, 0x01, 0x01, 0x01, 0x01, 0x01,
    0x01, 0x01, 0x01, 0x01, 0x01, 0x01, 0x01, 0x01, 0x01, 0x01, 0x01, 0x01, 0x01, 0x01, 0x01, 0x01, 0x01, 0x01, 0x01, 0x01, 0x01, 0x01, 0x01, 0x01,
    0x01, 0x01, 0x01, 0x01, 0x01, 0x01, 0x01, 0x01, 0x01, 0x01, 0x01, 0x01, 0x01, 0x01, 0x01, 0x01, 0x01, 0x01, 0x01, 0x01, 0x01, 0x01, 0x01, 0x01,
    0x01, 0x01, 0x01, 0x01, 0x01, 0x01, 0x01, 0x01, 0x01, 0x01, 0x01, 0x01, 0x01, 0x01, 0x01, 0x01, 0x01, 0x01, 0x01, 0x01, 0x01, 0x01, 0x00, 0x00,
    0x00, 0x00, 0x00, 0x00, 0x00, 0x00, 0x00, 0x00, 0x00, 0x00, 0x00, 0x00, 0x00, 0x00, 0x00, 0x00, 0x00, 0x00, 0x00, 0x00, 0x00, 0x00, 0x00, 0x00,
    0x00, 0x00, 0x00, 0x00, 0x00, 0x00, 0x01, 0x02, 0x02, 0x02, 0x00, 0x00, 0x00, 0x00, 0x00, 0x00, 0x00, 0x00, 0x00, 0x00, 0x00, 0x00, 0x00, 0x00,
    0x00, 0x00, 0x00, 0x00, 0x00, 0x00, 0x00, 0x00, 0x00, 0x00, 0x00, 0x00, 0x00, 0x00, 0x00, 0x00, 0x00, 0x00, 0x00, 0x00, 0x00, 0x00, 0x00, 0x00,
    0x00, 0x00, 0x00, 0x00, 0x00, 0x00, 0x00, 0x00, 0x00, 0x00, 0x00, 0x00, 0x00, 0x00, 0x00, 0x00, 0x00, 0x00, 0x00, 0x00, 0x00, 0x00, 0x00, 0x00,
    0x00, 0x00, 0x00, 0x00, 0x00, 0x00, 0x00, 0x00, 0x00, 0x00, 0x00, 0x00, 0x00, 0x00, 0x00, 0x00, 0x00, 0x00, 0x00, 0x00, 0x00, 0x00, 0x00, 0x00,
    0x00, 0x00, 0x00, 0x00, 0x00, 0x00, 0x00, 0x00, 0x00, 0x00, 0x00, 0x00, 0x00, 0x00, 0x00, 0x00, 0x00, 0x00, 0x00, 0x00, 0x00, 0x00, 0x00, 0x00,
    0x00, 0x00, 0x00, 0x00, 0x00, 0x00, 0x00, 0x00, 0x00, 0x00, 0x00, 0x00, 0x00, 0x00, 0x00, 0x00, 0x00, 0x00, 0x00, 0x00, 0x00, 0x00, 0x00, 0x00,
    0x00, 0x00, 0x00, 0x00, 0x00, 0x00, 0x00, 0x00, 0x00, 0x00, 0x00, 0x00, 0x00, 0x00, 0x00, 0x00, 0x00, 0x00, 0x00, 0x00, 0x00, 0x00, 0x00, 0x00,
    0x00, 0x00, 0x00, 0x00, 0x00, 0x00, 0x00, 0x00, 0x00, 0x00, 0x00, 0x00, 0x00, 0x00, 0x00, 0x00, 0x00, 0x00, 0x00, 0x00, 0x00, 0x00, 0x00, 0x00,
    0x00, 0x00, 0x00, 0x00, 0x00, 0x00, 0x00, 0x00, 0x00, 0x00, 0x00, 0x00, 0x00, 0x00, 0x00, 0x00, 0x00, 0x00, 0x00, 0x00, 0x00, 0x00, 0x00, 0x00,
    0x00, 0x00, 0x00, 0x00, 0x00, 0x00, 0x00, 0x00, 0x00, 0x00, 0x00, 0x07, 0x8F, 0x97, 0x95, 0x95, 0x98, 0x8E, 0x07, 0x00, 0x00, 0x00, 0x00, 0x00,
    0x00, 0x00, 0x00, 0x00, 0x00, 0x00, 0x00, 0x00, 0x00, 0x00, 0x00, 0x00, 0x00, 0x00, 0x00, 0x00, 0x00, 0x00, 0x00, 0x00, 0x00, 0x00, 0x00, 0x00,
    0x00, 0x00, 0x00, 0x00, 0x00, 0x00, 0x00, 0x00, 0x00, 0x00, 0x00, 0x00, 0x00, 0x00, 0x00, 0x00, 0x00, 0x00, 0x00, 0x00, 0x00, 0x00, 0x00, 0x00,
    0x00, 0x00, 0x00, 0x00, 0x00, 0x00, 0x00, 0x00, 0x00, 0x00, 0x00, 0x00, 0x00, 0x00, 0x00, 0x00, 0x00, 0x00, 0x00, 0x00, 0x00, 0x00, 0x65, 0xA0,
    0x94, 0x96, 0x94, 0xA1, 0x32, 0x00, 0x00, 0x00, 0x00, 0x00, 0x00, 0x00, 0x00, 0x00, 0x00, 0x00, 0x00, 0x00, 0x00, 0x00, 0x00, 0x00, 0x00, 0x00,
    0x00, 0x00, 0x00, 0x00, 0x00, 0x00, 0x00, 0x00, 0x00, 0x00, 0x00, 0x00, 0x00, 0x00, 0x00, 0x00, 0x00, 0x00, 0x00, 0x00, 0x00, 0x00, 0x00, 0x00,
    0x00, 0x00, 0x00, 0x00, 0x00, 0x00, 0x00, 0x00, 0x00, 0x00, 0x00, 0x00, 0x00, 0x00, 0x00, 0x00, 0x00, 0x00, 0x00, 0x00, 0x00, 0x00, 0x00, 0x00,
    0x00, 0x00, 0x00, 0x00, 0x00, 0x00, 0x00, 0x00, 0x00, 0x00, 0x00, 0x00, 0x00, 0x00, 0x00, 0x00, 0x00, 0x00, 0x00, 0x00, 0x00, 0x00, 0x00, 0x00,
    0x00, 0x00, 0x00, 0x00, 0x00, 0x00, 0x00, 0x00, 0x00, 0x00, 0x00, 0x00, 0x00, 0x00, 0x00, 0x00, 0x00, 0x00, 0x00, 0x00, 0x00, 0x00, 0x00, 0x00,
    0x00, 0x00, 0x00, 0x00, 0x00, 0x00, 0x00, 0x00, 0x00, 0x00, 0x00, 0x00, 0x00, 0x00, 0x00, 0x00, 0x00, 0x00, 0x00, 0x00, 0x00, 0x00, 0x00, 0x00,
    0x00, 0x00, 0x00, 0x00, 0x00, 0x00, 0x00, 0x00, 0x00, 0x00, 0x00, 0x00, 0x00, 0x00, 0x00, 0x00, 0x00, 0x00, 0x00, 0x00, 0x00, 0x00, 0x00, 0x00,
    0x00, 0x00, 0x00, 0x00, 0x00, 0x00, 0x00, 0x00, 0x00, 0x00, 0x00, 0x00, 0x00, 0x00, 0x00, 0x00, 0x00, 0x00, 0x00, 0x00, 0x00, 0x00, 0x00, 0x00,
    0x00, 0x00, 0x00, 0x00, 0x00, 0x00, 0x00, 0x00, 0x00, 0x00, 0x00, 0x00, 0x00, 0x00, 0x00, 0x00, 0x00, 0x00, 0x00, 0x00, 0x00, 0x00, 0x00, 0x00,
    0x00, 0x00, 0x00, 0x00, 0x00, 0x00, 0x01, 0x02, 0x02, 0x01, 0x00, 0x00, 0x00, 0x00, 0x00, 0x00, 0x00, 0x00, 0x00, 0x00, 0x00, 0x00, 0x00, 0x00,
    0x00, 0x00, 0x00, 0x00, 0x00, 0x00, 0x00, 0x00, 0x00, 0x00, 0x00, 0x00, 0x01, 0x02, 0x00, 0x00, 0x00, 0x00, 0x09, 0x0A, 0x0A, 0x0A, 0x0A, 0x0A,
    0x0A, 0x0A, 0x0A, 0x0A, 0x0A, 0x0A, 0x0A, 0x0A, 0x0A, 0x0A, 0x0A, 0x0A, 0x0A, 0x0A, 0x0A, 0x0A, 0x0A, 0x0A, 0x0A, 0x0A, 0x0A, 0x0A, 0x0A, 0x0A,
    0x0A, 0x0A, 0x0A, 0x0A, 0x0A, 0x0A, 0x0A, 0x0A, 0x0A, 0x0A, 0x0A, 0x0A, 0x0A, 0x0A, 0x0A, 0x0A, 0x0A, 0x0A, 0x0A, 0x0A, 0x0A, 0x0A, 0x0A, 0x0A,
    0x0A, 0x0A, 0x0A, 0x0A, 0x0A, 0x0A, 0x0A, 0x0A, 0x0A, 0x0A, 0x0A, 0x0A, 0x0A, 0x0A, 0x0A, 0x0A, 0x0A, 0x0A, 0x0A, 0x0A, 0x0A, 0x0A, 0x0A, 0x0A,
    0x0A, 0x0A, 0x0A, 0x0A, 0x0A, 0x0A, 0x0A, 0x0A, 0x0A, 0x0A, 0x0A, 0x0A, 0x0A, 0x0A, 0x0A, 0x0A, 0x0A, 0x0A, 0x0A, 0x0A, 0x0A, 0x0A, 0x0A, 0x0A,
    0x0A, 0x0A, 0x0A, 0x0A, 0x0A, 0x0A, 0x0A, 0x0A, 0x0A, 0x0A, 0x0A, 0x0A, 0x0A, 0x0A, 0x0A, 0x0A, 0x0A, 0x0A, 0x0A, 0x0A, 0x0A, 0x0A, 0x0A, 0x0A,
    0x0A, 0x0A, 0x0A, 0x0A, 0x0A, 0x0A, 0x0A, 0x0A, 0x0A, 0x0A, 0x0A, 0x0A, 0x0A, 0x0A, 0x0A, 0x0A, 0x0A, 0x0A, 0x0A, 0x0A, 0x0A, 0x0A, 0x0A, 0x0A,
    0x0A, 0x0A, 0x0A, 0x0A, 0x0A, 0x0A, 0x0A, 0x0A, 0x0A, 0x0A, 0x0A, 0x0A, 0x0A, 0x0A, 0x0A, 0x0A, 0x0A, 0x0A, 0x0A, 0x0A, 0x0A, 0x0A, 0x0A, 0x0A,
    0x0A, 0x0A, 0x0A, 0x0A, 0x0A, 0x0A, 0x0A, 0x0A, 0x0A, 0x0A, 0x0A, 0x0A, 0x0A, 0x0A, 0x0A, 0x0A, 0x0A, 0x0A, 0x0A, 0x0A, 0x0A, 0x0A, 0x0A, 0x0A,
    0x0A, 0x0A, 0x0A, 0x0A, 0x0A, 0x0A, 0x0A, 0x0A, 0x0A, 0x0A, 0x0A, 0x0A, 0x0A, 0x0A, 0x0A, 0x0A, 0x0A, 0x0B, 0x0A, 0x10, 0x83, 0x9B, 0x95, 0x97,
    0x95, 0x9F, 0x44, 0x0A, 0x0C, 0x0A, 0x0A, 0x0A, 0x0A, 0x0A, 0x0A, 0x0A, 0x0A, 0x0A, 0x0A, 0x0A, 0x0A, 0x0A, 0x0A, 0x0A, 0x0A, 0x0A, 0x0A, 0x0A,
    0x0A, 0x0A, 0x0A, 0x0A, 0x0A, 0x0A, 0x0A, 0x0A, 0x0A, 0x0A, 0x0A, 0x0A, 0x0A, 0x0A, 0x0A, 0x0A, 0x0A, 0x0A, 0x0A, 0x0A, 0x0A, 0x0A, 0x0A, 0x0A,
    0x0A, 0x0A, 0x0A, 0x0A, 0x0A, 0x0A, 0x0A, 0x0A, 0x0A, 0x0A, 0x0A, 0x0A, 0x0A, 0x0A, 0x0A, 0x0A, 0x0A, 0x0A, 0x0A, 0x0A, 0x0A, 0x0A, 0x0A, 0x0A,
    0x0A, 0x0A, 0x0A, 0x0B, 0x0A, 0x1D, 0x91, 0x98, 0x96, 0x96, 0x96, 0x9B, 0x2E, 0x0A, 0x0C, 0x0A, 0x0A, 0x0A, 0x0A, 0x0A, 0x0A, 0x0A, 0x0A, 0x0A,
    0x0A, 0x0A, 0x0A, 0x0A, 0x0A, 0x0A, 0x0A, 0x0A, 0x0A, 0x0A, 0x0A, 0x0A, 0x0A, 0x0A, 0x0A, 0x0A, 0x0A, 0x0A, 0x0A, 0x0A, 0x0A, 0x0A, 0x0A, 0x0A,
    0x0A, 0x0A, 0x0A, 0x0A, 0x0A, 0x0A, 0x0A, 0x0A, 0x0A, 0x0A, 0x0A, 0x0A, 0x0A, 0x0A, 0x0A, 0x0A, 0x0A, 0x0A, 0x0A, 0x0A, 0x0A, 0x0A, 0x0A, 0x0A,
    0x0A, 0x0A, 0x0A, 0x0A, 0x0A, 0x0A, 0x0A, 0x0A, 0x0A, 0x0A, 0x0A, 0x0A, 0x0A, 0x0A, 0x0A, 0x0A, 0x0A, 0x0A, 0x0A, 0x0A, 0x0A, 0x0A, 0x0A, 0x0A,
    0x0A, 0x0A, 0x0A, 0x0A, 0x0A, 0x0A, 0x0A, 0x0A, 0x0A, 0x0A, 0x0A, 0x0A, 0x0A, 0x0A, 0x0A, 0x0A, 0x0A, 0x0A, 0x0A, 0x0A, 0x0A, 0x0A, 0x0A, 0x0A,
    0x0A, 0x0A, 0x0A, 0x0A, 0x0A, 0x0A, 0x0A, 0x0A, 0x0A, 0x0A, 0x0A, 0x0A, 0x0A, 0x0A, 0x0A, 0x0A, 0x0A, 0x0A, 0x0A, 0x0A, 0x0A, 0x0A, 0x0A, 0x0A,
    0x0A, 0x0A, 0x0A, 0x0A, 0x0A, 0x0A, 0x0A, 0x0A, 0x0A, 0x0A, 0x0A, 0x0A, 0x0A, 0x0A, 0x0A, 0x0A, 0x0A, 0x0A, 0x0A, 0x0A, 0x0A, 0x0A, 0x0A, 0x0A,
    0x0A, 0x0A, 0x0A, 0x0A, 0x0A, 0x0A, 0x0A, 0x0A, 0x0A, 0x0A, 0x0A, 0x0A, 0x0A, 0x0A, 0x0A, 0x0A, 0x0A, 0x0A, 0x0A, 0x0A, 0x0A, 0x0A, 0x0A, 0x0A,
    0x0A, 0x0A, 0x0A, 0x0A, 0x0A, 0x0A, 0x0A, 0x0A, 0x0A, 0x0A, 0x0A, 0x0A, 0x0A, 0x0A, 0x0A, 0x0A, 0x0A, 0x0A, 0x0A, 0x0A, 0x0A, 0x0A, 0x0A, 0x0A,
    0x0A, 0x0A, 0x0A, 0x0A, 0x0A, 0x0A, 0x0A, 0x0A, 0x0A, 0x0A, 0x0A, 0x0A, 0x0A, 0x0B, 0x00, 0x00, 0x00, 0x00, 0x02, 0x02, 0x00, 0x00, 0x00, 0x00,
    0x00, 0x00, 0x00, 0x00, 0x00, 0x00, 0x00, 0x00, 0x00, 0x00, 0x00, 0x00, 0x00, 0x00, 0x00, 0x00, 0x00, 0x00, 0x00, 0x02, 0x00, 0x00, 0x07, 0x34,
    0x5A, 0x71, 0x93, 0x97, 0x96, 0x96, 0x96, 0x96, 0x96, 0x96, 0x96, 0x96, 0x96, 0x96, 0x96, 0x96, 0x96, 0x96, 0x96, 0x96, 0x96, 0x96, 0x96, 0x96,
    0x96, 0x96, 0x96, 0x96, 0x96, 0x96, 0x96, 0x96, 0x96, 0x96, 0x96, 0x96, 0x96, 0x96, 0x96, 0x96, 0x96, 0x96, 0x96, 0x96, 0x96, 0x96, 0x96, 0x96,
    0x96, 0x96, 0x96, 0x96, 0x96, 0x96, 0x96, 0x96, 0x96, 0x96, 0x96, 0x96, 0x96, 0x96, 0x96, 0x96, 0x96, 0x96, 0x96, 0x96, 0x96, 0x96, 0x96, 0x96,
    0x96, 0x96, 0x96, 0x96, 0x96, 0x96, 0x96, 0x96, 0x96, 0x96, 0x96, 0x96, 0x96, 0x96, 0x96, 0x96, 0x96, 0x96, 0x96, 0x96, 0x96, 0x96, 0x96, 0x96,
    0x96, 0x96, 0x96, 0x96, 0x96, 0x96, 0x96, 0x96, 0x96, 0x96, 0x96, 0x96, 0x96, 0x96, 0x96, 0x96, 0x96, 0x96, 0x96, 0x96, 0x96, 0x96, 0x96, 0x96,
    0x96, 0x96, 0x96, 0x96, 0x96, 0x96, 0x96, 0x96, 0x96, 0x96, 0x96, 0x96, 0x96, 0x96, 0x96, 0x96, 0x96, 0x96, 0x96, 0x96, 0x96, 0x96, 0x96, 0x96,
    0x96, 0x96, 0x96, 0x96, 0x96, 0x96, 0x96, 0x96, 0x96, 0x96, 0x96, 0x96, 0x96, 0x96, 0x96, 0x96, 0x96, 0x96, 0x96, 0x96, 0x96, 0x96, 0x96, 0x96,
    0x96, 0x96, 0x96, 0x96, 0x96, 0x96, 0x96, 0x96, 0x96, 0x96, 0x96, 0x96, 0x96, 0x96, 0x96, 0x96, 0x96, 0x96, 0x96, 0x96, 0x96, 0x96, 0x96, 0x96,
    0x96, 0x96, 0x96, 0x96, 0x96, 0x96, 0x96, 0x96, 0x96, 0x96, 0x96, 0x96, 0x96, 0x96, 0x96, 0x96, 0x96, 0x96, 0x96, 0x96, 0x96, 0x96, 0x96, 0x96,
    0x96, 0x96, 0x96, 0x96, 0x9A, 0xA1, 0x9F, 0x9F, 0x9F, 0xA0, 0xA0, 0x96, 0x96, 0x96, 0x96, 0x96, 0x96, 0x96, 0x96, 0x96, 0x96, 0x96, 0x96, 0x96,
    0x96, 0x96, 0x96, 0x96, 0x96, 0x96, 0x96, 0x96, 0x96, 0x96, 0x96, 0x96, 0x96, 0x96, 0x96, 0x96, 0x96, 0x96, 0x96, 0x96, 0x96, 0x96, 0x96, 0x96,
    0x96, 0x96, 0x96, 0x96, 0x96, 0x96, 0x96, 0x96, 0x96, 0x96, 0x96, 0x96, 0x96, 0x96, 0x96, 0x96, 0x96, 0x96, 0x96, 0x96, 0x96, 0x96, 0x96, 0x96,
    0x96, 0x96, 0x96, 0x96, 0x96, 0x96, 0x96, 0x96, 0x96, 0x96, 0x96, 0x96, 0x96, 0x9C, 0xA2, 0x9F, 0x9F, 0x9F, 0xA0, 0x9E, 0x94, 0x96, 0x96, 0x96,
    0x96, 0x96, 0x96, 0x96, 0x96, 0x96, 0x96, 0x96, 0x96, 0x96, 0x96, 0x96, 0x96, 0x96, 0x96, 0x96, 0x96, 0x96, 0x96, 0x96, 0x96, 0x96, 0x96, 0x96,
    0x96, 0x96, 0x96, 0x96, 0x96, 0x96, 0x96, 0x96, 0x96, 0x96, 0x96, 0x96, 0x96, 0x96, 0x96, 0x96, 0x96, 0x96, 0x96, 0x96, 0x96, 0x96, 0x96, 0x96,
    0x96, 0x96, 0x96, 0x96, 0x96, 0x96, 0x96, 0x96, 0x96, 0x96, 0x96, 0x96, 0x96, 0x96, 0x96, 0x96, 0x96, 0x96, 0x96, 0x96, 0x96, 0x96, 0x96, 0x96,
    0x96, 0x96, 0x96, 0x96, 0x96, 0x96, 0x96, 0x96, 0x96, 0x96, 0x96, 0x96, 0x96, 0x96, 0x96, 0x96, 0x96, 0x96, 0x96, 0x96, 0x96, 0x96, 0x96, 0x96,
    0x96, 0x96, 0x96, 0x96, 0x96, 0x96, 0x96, 0x96, 0x96, 0x96, 0x96, 0x96, 0x96, 0x96, 0x96, 0x96, 0x96, 0x96, 0x96, 0x96, 0x96, 0x96, 0x96, 0x96,
    0x96, 0x96, 0x96, 0x96, 0x96, 0x96, 0x96, 0x96, 0x96, 0x96, 0x96, 0x96, 0x96, 0x96, 0x96, 0x96, 0x96, 0x96, 0x96, 0x96, 0x96, 0x96, 0x96, 0x96,
    0x96, 0x96, 0x96, 0x96, 0x96, 0x96, 0x96, 0x96, 0x96, 0x96, 0x96, 0x96, 0x96, 0x96, 0x96, 0x96, 0x96, 0x96, 0x96, 0x96, 0x96, 0x96, 0x96, 0x96,
    0x96, 0x96, 0x96, 0x96, 0x96, 0x96, 0x96, 0x96, 0x96, 0x96, 0x96, 0x96, 0x96, 0x96, 0x96, 0x96, 0x96, 0x96, 0x96, 0x96, 0x96, 0x96, 0x96, 0x96,
    0x96, 0x96, 0x96, 0x96, 0x96, 0x96, 0x96, 0x96, 0x96, 0x96, 0x96, 0x96, 0x96, 0x96, 0x96, 0x96, 0x96, 0x96, 0x96, 0x96, 0x96, 0x98, 0x7A, 0x67,
    0x3C, 0x17, 0x00, 0x00, 0x01, 0x01, 0x00, 0x00, 0x00, 0x00, 0x00, 0x00, 0x00, 0x00, 0x00, 0x00, 0x00, 0x00, 0x00, 0x00, 0x00, 0x00, 0x00, 0x00,
    0x00, 0x01, 0x01, 0x00, 0x18, 0x5C, 0x8C, 0xAB, 0xAA, 0xAA, 0xA3, 0xA2, 0xA2, 0xA2, 0xA2, 0xA2, 0xA2, 0xA2, 0xA2, 0xA2, 0xA2, 0xA2, 0xA2, 0xA2,
    0xA2, 0xA2, 0xA2, 0xA2, 0xA2, 0xA2, 0xA2, 0xA2, 0xA2, 0xA2, 0xA2, 0xA2, 0xA2, 0xA2, 0xA2, 0xA2, 0xA2, 0xA2, 0xA2, 0xA2, 0xA2, 0xA2, 0xA2, 0xA2,
    0xA2, 0xA2, 0xA2, 0xA2, 0xA2, 0xA2, 0xA2, 0xA2, 0xA2, 0xA2, 0xA2, 0xA2, 0xA2, 0xA2, 0xA2, 0xA2, 0xA2, 0xA2, 0xA2, 0xA2, 0xA2, 0xA2, 0xA2, 0xA2,
    0xA2, 0xA2, 0xA2, 0xA2, 0xA2, 0xA2, 0xA2, 0xA2, 0xA2, 0xA2, 0xA2, 0xA2, 0xA2, 0xA2, 0xA2, 0xA2, 0xA2, 0xA2, 0xA2, 0xA2, 0xA2, 0xA2, 0xA2, 0xA2,
    0xA2, 0xA2, 0xA2, 0xA2, 0xA2, 0xA2, 0xA2, 0xA2, 0xA2, 0xA2, 0xA2, 0xA2, 0xA2, 0xA2, 0xA2, 0xA2, 0xA2, 0xA2, 0xA2, 0xA2, 0xA2, 0xA2, 0xA2, 0xA2,
    0xA2, 0xA2, 0xA2, 0xA2, 0xA2, 0xA2, 0xA2, 0xA2, 0xA2, 0xA2, 0xA2, 0xA2, 0xA2, 0xA2, 0xA2, 0xA2, 0xA2, 0xA2, 0xA2, 0xA2, 0xA2, 0xA2, 0xA2, 0xA2,
    0xA2, 0xA2, 0xA2, 0xA2, 0xA2, 0xA2, 0xA2, 0xA2, 0xA2, 0xA2, 0xA2, 0xA2, 0xA2, 0xA2, 0xA2, 0xA2, 0xA2, 0xA2, 0xA2, 0xA2, 0xA2, 0xA2, 0xA2, 0xA2,
    0xA2, 0xA2, 0xA2, 0xA2, 0xA2, 0xA2, 0xA2, 0xA2, 0xA2, 0xA2, 0xA2, 0xA2, 0xA2, 0xA2, 0xA2, 0xA2, 0xA2, 0xA2, 0xA2, 0xA2, 0xA2, 0xA2, 0xA2, 0xA2,
    0xA2, 0xA2, 0xA2, 0xA2, 0xA2, 0xA2, 0xA2, 0xA2, 0xA2, 0xA2, 0xA2, 0xA2, 0xA2, 0xA2, 0xA2, 0xA2, 0xA2, 0xA2, 0xA2, 0xA2, 0xA2, 0xA2, 0xA2, 0xA2,
    0xA2, 0xA2, 0xA2, 0xA2, 0xA2, 0xA2, 0xA2, 0xA2, 0xA2, 0xA2, 0xA2, 0xA2, 0xA1, 0x9F, 0xA0, 0xA0, 0xA0, 0x9F, 0xA0, 0xA2, 0xA2, 0xA2, 0xA2, 0xA2,
    0xA2, 0xA2, 0xA2, 0xA2, 0xA2, 0xA2, 0xA2, 0xA2, 0xA2, 0xA2, 0xA2, 0xA2, 0xA2, 0xA2, 0xA2, 0xA2, 0xA2, 0xA2, 0xA2, 0xA2, 0xA2, 0xA2, 0xA2, 0xA2,
    0xA2, 0xA2, 0xA2, 0xA2, 0xA2, 0xA2, 0xA2, 0xA2, 0xA2, 0xA2, 0xA2, 0xA2, 0xA2, 0xA2, 0xA2, 0xA2, 0xA2, 0xA2, 0xA2, 0xA2, 0xA2, 0xA2, 0xA2, 0xA2,
    0xA2, 0xA2, 0xA2, 0xA2, 0xA2, 0xA2, 0xA2, 0xA2, 0xA2, 0xA2, 0xA2, 0xA2, 0xA2, 0xA2, 0xA2, 0xA2, 0xA2, 0xA2, 0xA2, 0xA2, 0xA2, 0xA1, 0x9F, 0xA0,
    0xA0, 0xA0, 0xA0, 0xA0, 0xA3, 0xA2, 0xA2, 0xA2, 0xA2, 0xA2, 0xA2, 0xA2, 0xA2, 0xA2, 0xA2, 0xA2, 0xA2, 0xA2, 0xA2, 0xA2, 0xA2, 0xA2, 0xA2, 0xA2,
    0xA2, 0xA2, 0xA2, 0xA2, 0xA2, 0xA2, 0xA2, 0xA2, 0xA2, 0xA2, 0xA2, 0xA2, 0xA2, 0xA2, 0xA2, 0xA2, 0xA2, 0xA2, 0xA2, 0xA2, 0xA2, 0xA2, 0xA2, 0xA2,
    0xA2, 0xA2, 0xA2, 0xA2, 0xA2, 0xA2, 0xA2, 0xA2, 0xA2, 0xA2, 0xA2, 0xA2, 0xA2, 0xA2, 0xA2, 0xA2, 0xA2, 0xA2, 0xA2, 0xA2, 0xA2, 0xA2, 0xA2, 0xA2,
    0xA2, 0xA2, 0xA2, 0xA2, 0xA2, 0xA2, 0xA2, 0xA2, 0xA2, 0xA2, 0xA2, 0xA2, 0xA2, 0xA2, 0xA2, 0xA2, 0xA2, 0xA2, 0xA2, 0xA2, 0xA2, 0xA2, 0xA2, 0xA2,
    0xA2, 0xA2, 0xA2, 0xA2, 0xA2, 0xA2, 0xA2, 0xA2, 0xA2, 0xA2, 0xA2, 0xA2, 0xA2, 0xA2, 0xA2, 0xA2, 0xA2, 0xA2, 0xA2, 0xA2, 0xA2, 0xA2, 0xA2, 0xA2,
    0xA2, 0xA2, 0xA2, 0xA2, 0xA2, 0xA2, 0xA2, 0xA2, 0xA2, 0xA2, 0xA2, 0xA2, 0xA2, 0xA2, 0xA2, 0xA2, 0xA2, 0xA2, 0xA2, 0xA2, 0xA2, 0xA2, 0xA2, 0xA2,
    0xA2, 0xA2, 0xA2, 0xA2, 0xA2, 0xA2, 0xA2, 0xA2, 0xA2, 0xA2, 0xA2, 0xA2, 0xA2, 0xA2, 0xA2, 0xA2, 0xA2, 0xA2, 0xA2, 0xA2, 0xA2, 0xA2, 0xA2, 0xA2,
    0xA2, 0xA2, 0xA2, 0xA2, 0xA2, 0xA2, 0xA2, 0xA2, 0xA2, 0xA2, 0xA2, 0xA2, 0xA2, 0xA2, 0xA2, 0xA2, 0xA2, 0xA2, 0xA2, 0xA2, 0xA2, 0xA2, 0xA2, 0xA2,
    0xA2, 0xA2, 0xA2, 0xA2, 0xA2, 0xA2, 0xA2, 0xA2, 0xA2, 0xA2, 0xA2, 0xA2, 0xA2, 0xA2, 0xA2, 0xA2, 0xA2, 0xA2, 0xA2, 0xA2, 0xA2, 0xA2, 0xA2, 0xA2,
    0xA2, 0xA2, 0xA2, 0xA2, 0xA2, 0xA2, 0xA8, 0xAA, 0xAC, 0x9B, 0x6D, 0x2C, 0x00, 0x00, 0x02, 0x00, 0x00, 0x00, 0x00, 0x00, 0x00, 0x00, 0x00, 0x00,
    0x00, 0x00, 0x00, 0x00, 0x00, 0x00, 0x00, 0x00, 0x02, 0x00, 0x00, 0x48, 0x9E, 0xAC, 0xA4, 0x9D, 0x9C, 0x9C, 0xA1, 0xA1, 0xA1, 0xA1, 0xA1, 0xA1,
    0xA1, 0xA1, 0xA1, 0xA1, 0xA1, 0xA1, 0xA1, 0xA1, 0xA1, 0xA1, 0xA1, 0xA1, 0xA1, 0xA1, 0xA1, 0xA1, 0xA1, 0xA1, 0xA1, 0xA1, 0xA1, 0xA1, 0xA1, 0xA1,
    0xA1, 0xA1, 0xA1, 0xA1, 0xA1, 0xA1, 0xA1, 0xA1, 0xA1, 0xA1, 0xA1, 0xA1, 0xA1, 0xA1, 0xA1, 0xA1, 0xA1, 0xA1, 0xA1, 0xA1, 0xA1, 0xA1, 0xA1, 0xA1,
    0xA1, 0xA1, 0xA1, 0xA1, 0xA1, 0xA1, 0xA1, 0xA1, 0xA1, 0xA1, 0xA1, 0xA1, 0xA1, 0xA1, 0xA1, 0xA1, 0xA1, 0xA1, 0xA1, 0xA1, 0xA1, 0xA1, 0xA1, 0xA1,
    0xA1, 0xA1, 0xA1, 0xA1, 0xA1, 0xA1, 0xA1, 0xA1, 0xA1, 0xA1, 0xA1, 0xA1, 0xA1, 0xA1, 0xA1, 0xA1, 0xA1, 0xA1, 0xA1, 0xA1, 0xA1, 0xA1, 0xA1, 0xA1,
    0xA1, 0xA1, 0xA1, 0xA1, 0xA1, 0xA1, 0xA1, 0xA1, 0xA1, 0xA1, 0xA1, 0xA1, 0xA1, 0xA1, 0xA1, 0xA1, 0xA1, 0xA1, 0xA1, 0xA1, 0xA1, 0xA1, 0xA1, 0xA1,
    0xA1, 0xA1, 0xA1, 0xA1, 0xA1, 0xA1, 0xA1, 0xA1, 0xA1, 0xA1, 0xA1, 0xA1, 0xA1, 0xA1, 0xA1, 0xA1, 0xA1, 0xA1, 0xA1, 0xA1, 0xA1, 0xA1, 0xA1, 0xA1,
    0xA1, 0xA1, 0xA1, 0xA1, 0xA1, 0xA1, 0xA1, 0xA1, 0xA1, 0xA1, 0xA1, 0xA1, 0xA1, 0xA1, 0xA1, 0xA1, 0xA1, 0xA1, 0xA1, 0xA1, 0xA1, 0xA1, 0xA1, 0xA1,
    0xA1, 0xA1, 0xA1, 0xA1, 0xA1, 0xA1, 0xA1, 0xA1, 0xA1, 0xA1, 0xA1, 0xA1, 0xA1, 0xA1, 0xA1, 0xA1, 0xA1, 0xA1, 0xA1, 0xA1, 0xA1, 0xA1, 0xA1, 0xA1,
    0xA1, 0xA1, 0xA1, 0xA1, 0xA1, 0xA1, 0xA1, 0xA1, 0xA1, 0xA1, 0xA1, 0xA1, 0xA1, 0xA1, 0xA1, 0xA1, 0xA1, 0xA1, 0xA1, 0xA1, 0xA2, 0xA2, 0xA2, 0xA2,
    0xA2, 0xA2, 0xA2, 0xA1, 0xA1, 0xA1, 0xA1, 0xA1, 0xA1, 0xA1, 0xA1, 0xA1, 0xA1, 0xA1, 0xA1, 0xA1, 0xA1, 0xA1, 0xA1, 0xA1, 0xA1, 0xA1, 0xA1, 0xA1,
    0xA1, 0xA1, 0xA1, 0xA1, 0xA1, 0xA1, 0xA1, 0xA1, 0xA1, 0xA1, 0xA1, 0xA1, 0xA1, 0xA1, 0xA1, 0xA1, 0xA1, 0xA1, 0xA1, 0xA1, 0xA1, 0xA1, 0xA1, 0xA1,
    0xA1, 0xA1, 0xA1, 0xA1, 0xA1, 0xA1, 0xA1, 0xA1, 0xA1, 0xA1, 0xA1, 0xA1, 0xA1, 0xA1, 0xA1, 0xA1, 0xA1, 0xA1, 0xA1, 0xA1, 0xA1, 0xA1, 0xA1, 0xA1,
    0xA1, 0xA1, 0xA1, 0xA1, 0xA1, 0xA2, 0xA2, 0xA2, 0xA2, 0xA2, 0xA2, 0xA2, 0xA1, 0xA1, 0xA1, 0xA1, 0xA1, 0xA1, 0xA1, 0xA1, 0xA1, 0xA1, 0xA1, 0xA1,
    0xA1, 0xA1, 0xA1, 0xA1, 0xA1, 0xA1, 0xA1, 0xA1, 0xA1, 0xA1, 0xA1, 0xA1, 0xA1, 0xA1, 0xA1, 0xA1, 0xA1, 0xA1, 0xA1, 0xA1, 0xA1, 0xA1, 0xA1, 0xA1,
    0xA1, 0xA1, 0xA1, 0xA1, 0xA1, 0xA1, 0xA1, 0xA1, 0xA1, 0xA1, 0xA1, 0xA1, 0xA1, 0xA1, 0xA1, 0xA1, 0xA1, 0xA1, 0xA1, 0xA1, 0xA1, 0xA1, 0xA1, 0xA1,
    0xA1, 0xA1, 0xA1, 0xA1, 0xA1, 0xA1, 0xA1, 0xA1, 0xA1, 0xA1, 0xA1, 0xA1, 0xA1, 0xA1, 0xA1, 0xA1, 0xA1, 0xA1, 0xA1, 0xA1, 0xA1, 0xA1, 0xA1, 0xA1,
    0xA1, 0xA1, 0xA1, 0xA1, 0xA1, 0xA1, 0xA1, 0xA1, 0xA1, 0xA1, 0xA1, 0xA1, 0xA1, 0xA1, 0xA1, 0xA1, 0xA1, 0xA1, 0xA1, 0xA1, 0xA1, 0xA1, 0xA1, 0xA1,
    0xA1, 0xA1, 0xA1, 0xA1, 0xA1, 0xA1, 0xA1, 0xA1, 0xA1, 0xA1, 0xA1, 0xA1, 0xA1, 0xA1, 0xA1, 0xA1, 0xA1, 0xA1, 0xA1, 0xA1, 0xA1, 0xA1, 0xA1, 0xA1,
    0xA1, 0xA1, 0xA1, 0xA1, 0xA1, 0xA1, 0xA1, 0xA1, 0xA1, 0xA1, 0xA1, 0xA1, 0xA1, 0xA1, 0xA1, 0xA1, 0xA1, 0xA1, 0xA1, 0xA1, 0xA1, 0xA1, 0xA1, 0xA1,
    0xA1, 0xA1, 0xA1, 0xA1, 0xA1, 0xA1, 0xA1, 0xA1, 0xA1, 0xA1, 0xA1, 0xA1, 0xA1, 0xA1, 0xA1, 0xA1, 0xA1, 0xA1, 0xA1, 0xA1, 0xA1, 0xA1, 0xA1, 0xA1,
    0xA1, 0xA1, 0xA1, 0xA1, 0xA1, 0xA1, 0xA1, 0xA1, 0xA1, 0xA1, 0xA1, 0xA1, 0xA1, 0xA1, 0xA1, 0xA1, 0xA1, 0xA1, 0xA1, 0xA1, 0xA1, 0xA1, 0xA1, 0xA1,
    0xA1, 0xA1, 0xA1, 0xA1, 0xA1, 0xA1, 0xA1, 0xA1, 0xA1, 0xA1, 0xA1, 0xA1, 0xA1, 0xA2, 0x9E, 0x9C, 0x9C, 0xA1, 0xAA, 0xA9, 0x6B, 0x11, 0x00, 0x02,
    0x00, 0x00, 0x00, 0x00, 0x00, 0x00, 0x00, 0x00, 0x00, 0x00, 0x00, 0x00, 0x00, 0x00, 0x00, 0x02, 0x00, 0x11, 0x6D, 0xAE, 0xA1, 0x9C, 0x9D, 0xA4,
    0xA9, 0xA7, 0x99, 0x98, 0x99, 0x99, 0x99, 0x99, 0x99, 0x99, 0x99, 0x99, 0x99, 0x99, 0x99, 0x99, 0x99, 0x99, 0x99, 0x99, 0x99, 0x99, 0x99, 0x99,
    0x99, 0x99, 0x99, 0x99, 0x99, 0x99, 0x99, 0x99, 0x99, 0x99, 0x99, 0x99, 0x99, 0x99, 0x99, 0x99, 0x99, 0x99, 0x99, 0x99, 0x99, 0x99, 0x99, 0x99,
    0x99, 0x99, 0x99, 0x99, 0x99, 0x99, 0x99, 0x99, 0x99, 0x99, 0x99, 0x99, 0x99, 0x99, 0x99, 0x99, 0x99, 0x99, 0x99, 0x99, 0x99, 0x99, 0x99, 0x99,
    0x99, 0x99, 0x99, 0x99, 0x99, 0x99, 0x99, 0x99, 0x99, 0x99, 0x99, 0x99, 0x99, 0x99, 0x99, 0x99, 0x99, 0x99, 0x99, 0x99, 0x99, 0x99, 0x99, 0x99,
    0x99, 0x99, 0x99, 0x99, 0x99, 0x99, 0x99, 0x99, 0x99, 0x99, 0x99, 0x99, 0x99, 0x99, 0x99, 0x99, 0x99, 0x99, 0x99, 0x99, 0x99, 0x99, 0x99, 0x99,
    0x99, 0x99, 0x99, 0x99, 0x99, 0x99, 0x99, 0x99, 0x99, 0x99, 0x99, 0x99, 0x99, 0x99, 0x99, 0x99, 0x99, 0x99, 0x99, 0x99, 0x99, 0x99, 0x99, 0x99,
    0x99, 0x99, 0x99, 0x99, 0x99, 0x99, 0x99, 0x99, 0x99, 0x99, 0x99, 0x99, 0x99, 0x99, 0x99, 0x99, 0x99, 0x99, 0x99, 0x99, 0x99, 0x99, 0x99, 0x99,
    0x99, 0x99, 0x99, 0x99, 0x99, 0x99, 0x99, 0x99, 0x99, 0x99, 0x99, 0x99, 0x99, 0x99, 0x99, 0x99, 0x99, 0x99, 0x99, 0x99, 0x99, 0x99, 0x99, 0x99,
    0x99, 0x99, 0x99, 0x99, 0x99, 0x99, 0x99, 0x99, 0x99, 0x99, 0x99, 0x99, 0x99, 0x99, 0x99, 0x99, 0x99, 0x99, 0x99, 0x99, 0x99, 0x99, 0x99, 0x99,
    0x99, 0x99, 0x99, 0x99, 0x99, 0x99, 0x99, 0x99, 0x99, 0x99, 0x99, 0x99, 0x99, 0x99, 0x99, 0x99, 0x99, 0x99, 0x99, 0x99, 0x99, 0x99, 0x99, 0x99,
    0x99, 0x99, 0x99, 0x99, 0x99, 0x99, 0x99, 0x99, 0x99, 0x99, 0x99, 0x99, 0x99, 0x99, 0x99, 0x99, 0x99, 0x99, 0x99, 0x99, 0x99, 0x99, 0x99, 0x99,
    0x99, 0x99, 0x99, 0x99, 0x99, 0x99, 0x99, 0x99, 0x99, 0x99, 0x99, 0x99, 0x99, 0x99, 0x99, 0x99, 0x99, 0x99, 0x99, 0x99, 0x99, 0x99, 0x99, 0x99,
    0x99, 0x99, 0x99, 0x99, 0x99, 0x99, 0x99, 0x99, 0x99, 0x99, 0x99, 0x99, 0x99, 0x99, 0x99, 0x99, 0x99, 0x99, 0x99, 0x99, 0x99, 0x99, 0x99, 0x99,
    0x99, 0x99, 0x99, 0x99, 0x99, 0x99, 0x99, 0x99, 0x99, 0x99, 0x99, 0x99, 0x99, 0x99, 0x99, 0x99, 0x99, 0x99, 0x99, 0x99, 0x99, 0x99, 0x99, 0x99,
    0x99, 0x99, 0x99, 0x99, 0x99, 0x99, 0x99, 0x99, 0x99, 0x99, 0x99, 0x99, 0x99, 0x99, 0x99, 0x99, 0x99, 0x99, 0x99, 0x99, 0x99, 0x99, 0x99, 0x99,
    0x99, 0x99, 0x99, 0x99, 0x99, 0x99, 0x99, 0x99, 0x99, 0x99, 0x99, 0x99, 0x99, 0x99, 0x99, 0x99, 0x99, 0x99, 0x99, 0x99, 0x99, 0x99, 0x99, 0x99,
    0x99, 0x99, 0x99, 0x99, 0x99, 0x99, 0x99, 0x99, 0x99, 0x99, 0x99, 0x99, 0x99, 0x99, 0x99, 0x99, 0x99, 0x99, 0x99, 0x99, 0x99, 0x99, 0x99, 0x99,
    0x99, 0x99, 0x99, 0x99, 0x99, 0x99, 0x99, 0x99, 0x99, 0x99, 0x99, 0x99, 0x99, 0x99, 0x99, 0x99, 0x99, 0x99, 0x99, 0x99, 0x99, 0x99, 0x99, 0x99,
    0x99, 0x99, 0x99, 0x99, 0x99, 0x99, 0x99, 0x99, 0x99, 0x99, 0x99, 0x99, 0x99, 0x99, 0x99, 0x99, 0x99, 0x99, 0x99, 0x99, 0x99, 0x99, 0x99, 0x99,
    0x99, 0x99, 0x99, 0x99, 0x99, 0x99, 0x99, 0x99, 0x99, 0x99, 0x99, 0x99, 0x99, 0x99, 0x99, 0x99, 0x99, 0x99, 0x99, 0x99, 0x99, 0x99, 0x99, 0x99,
    0x99, 0x99, 0x99, 0x99, 0x99, 0x99, 0x99, 0x99, 0x99, 0x99, 0x99, 0x99, 0x99, 0x99, 0x99, 0x99, 0x99, 0x99, 0x99, 0x99, 0x99, 0x99, 0x99, 0x99,
    0x99, 0x99, 0x99, 0x99, 0x99, 0x99, 0x99, 0x99, 0x99, 0x99, 0x99, 0x99, 0x99, 0x99, 0x99, 0x99, 0x99, 0x99, 0x99, 0x99, 0x99, 0x98, 0xA3, 0xA9,
    0xA6, 0x9F, 0x9C, 0x9E, 0xAC, 0x8E, 0x28, 0x00, 0x02, 0x00, 0x00, 0x00, 0x00, 0x00, 0x00, 0x00, 0x00, 0x00, 0x00, 0x00, 0x00, 0x00, 0x01, 0x00,
    0x14, 0x8F, 0xAC, 0x9D, 0x9D, 0xA2, 0xA9, 0x91, 0x69, 0x4C, 0x32, 0x2F, 0x30, 0x2F, 0x2F, 0x2F, 0x2F, 0x2F, 0x2F, 0x2F, 0x2F, 0x2F, 0x2F, 0x2F,
    0x2F, 0x2F, 0x2F, 0x2F, 0x2F, 0x2F, 0x2F, 0x2F, 0x2F, 0x2F, 0x2F, 0x2F, 0x2F, 0x2F, 0x2F, 0x2F, 0x2F, 0x2F, 0x2F, 0x2F, 0x2F, 0x2F, 0x2F, 0x2F,
    0x2F, 0x2F, 0x2F, 0x2F, 0x2F, 0x2F, 0x2F, 0x2F, 0x2F, 0x2F, 0x2F, 0x2F, 0x2F, 0x2F, 0x2F, 0x2F, 0x2F, 0x2F, 0x2F, 0x2F, 0x2F, 0x2F, 0x2F, 0x2F,
    0x2F, 0x2F, 0x2F, 0x2F, 0x2F, 0x2F, 0x2F, 0x2F, 0x2F, 0x2F, 0x2F, 0x2F, 0x2F, 0x2F, 0x2F, 0x2F, 0x2F, 0x2F, 0x2F, 0x2F, 0x2F, 0x2F, 0x2F, 0x2F,
    0x2F, 0x2F, 0x2F, 0x2F, 0x2F, 0x2F, 0x2F, 0x2F, 0x2F, 0x2F, 0x2F, 0x2F, 0x2F, 0x2F, 0x2F, 0x2F, 0x2F, 0x2F, 0x2F, 0x2F, 0x2F, 0x2F, 0x2F, 0x2F,
    0x2F, 0x2F, 0x2F, 0x2F, 0x2F, 0x2F, 0x2F, 0x2F, 0x2F, 0x2F, 0x2F, 0x2F, 0x2F, 0x2F, 0x2F, 0x2F, 0x2F, 0x2F, 0x2F, 0x2F, 0x2F, 0x2F, 0x2F, 0x2F,
    0x2F, 0x2F, 0x2F, 0x2F, 0x2F, 0x2F, 0x2F, 0x2F, 0x2F, 0x2F, 0x2F, 0x2F, 0x2F, 0x2F, 0x2F, 0x2F, 0x2F, 0x2F, 0x2F, 0x2F, 0x2F, 0x2F, 0x2F, 0x2F,
    0x2F, 0x2F, 0x2F, 0x2F, 0x2F, 0x2F, 0x2F, 0x2F, 0x2F, 0x2F, 0x2F, 0x2F, 0x2F, 0x2F, 0x2F, 0x2F, 0x2F, 0x2F, 0x2F, 0x2F, 0x2F, 0x2F, 0x2F, 0x2F,
    0x2F, 0x2F, 0x2F, 0x2F, 0x2F, 0x2F, 0x2F, 0x2F, 0x2F, 0x2F, 0x2F, 0x2F, 0x2F, 0x2F, 0x2F, 0x2F, 0x2F, 0x2F, 0x2F, 0x2F, 0x2F, 0x2F, 0x2F, 0x2F,
    0x2F, 0x2F, 0x2F, 0x2F, 0x2F, 0x2F, 0x2F, 0x2F, 0x2F, 0x2F, 0x2F, 0x2F, 0x2F, 0x2F, 0x2F, 0x2F, 0x2F, 0x2F, 0x2F, 0x2F, 0x2F, 0x2F, 0x2F, 0x2F,
    0x2F, 0x2F, 0x2F, 0x2F, 0x2F, 0x2F, 0x2F, 0x2F, 0x2F, 0x2F, 0x2F, 0x2F, 0x2F, 0x2F, 0x2F, 0x2F, 0x2F, 0x2F, 0x2F, 0x2F, 0x2F, 0x2F, 0x2F, 0x2F,
    0x2F, 0x2F, 0x2F, 0x2F, 0x2F, 0x2F, 0x2F, 0x2F, 0x2F, 0x2F, 0x2F, 0x2F, 0x2F, 0x2F, 0x2F, 0x2F, 0x2F, 0x2F, 0x2F, 0x2F, 0x2F, 0x2F, 0x2F, 0x2F,
    0x2F, 0x2F, 0x2F, 0x2F, 0x2F, 0x2F, 0x2F, 0x2F, 0x2F, 0x2F, 0x2F, 0x2F, 0x2F, 0x2F, 0x2F, 0x2F, 0x2F, 0x2F, 0x2F, 0x2F, 0x2F, 0x2F, 0x2F, 0x2F,
    0x2F, 0x2F, 0x2F, 0x2F, 0x2F, 0x2F, 0x2F, 0x2F, 0x2F, 0x2F, 0x2F, 0x2F, 0x2F, 0x2F, 0x2F, 0x2F, 0x2F, 0x2F, 0x2F, 0x2F, 0x2F, 0x2F, 0x2F, 0x2F,
    0x2F, 0x2F, 0x2F, 0x2F, 0x2F, 0x2F, 0x2F, 0x2F, 0x2F, 0x2F, 0x2F, 0x2F, 0x2F, 0x2F, 0x2F, 0x2F, 0x2F, 0x2F, 0x2F, 0x2F, 0x2F, 0x2F, 0x2F, 0x2F,
    0x2F, 0x2F, 0x2F, 0x2F, 0x2F, 0x2F, 0x2F, 0x2F, 0x2F, 0x2F, 0x2F, 0x2F, 0x2F, 0x2F, 0x2F, 0x2F, 0x2F, 0x2F, 0x2F, 0x2F, 0x2F, 0x2F, 0x2F, 0x2F,
    0x2F, 0x2F, 0x2F, 0x2F, 0x2F, 0x2F, 0x2F, 0x2F, 0x2F, 0x2F, 0x2F, 0x2F, 0x2F, 0x2F, 0x2F, 0x2F, 0x2F, 0x2F, 0x2F, 0x2F, 0x2F, 0x2F, 0x2F, 0x2F,
    0x2F, 0x2F, 0x2F, 0x2F, 0x2F, 0x2F, 0x2F, 0x2F, 0x2F, 0x2F, 0x2F, 0x2F, 0x2F, 0x2F, 0x2F, 0x2F, 0x2F, 0x2F, 0x2F, 0x2F, 0x2F, 0x2F, 0x2F, 0x2F,
    0x2F, 0x2F, 0x2F, 0x2F, 0x2F, 0x2F, 0x2F, 0x2F, 0x2F, 0x2F, 0x2F, 0x2F, 0x2F, 0x2F, 0x2F, 0x2F, 0x2F, 0x2F, 0x2F, 0x2F, 0x2F, 0x2F, 0x2F, 0x2F,
    0x2F, 0x2F, 0x2F, 0x2F, 0x2F, 0x2F, 0x2F, 0x2F, 0x2F, 0x2F, 0x2F, 0x2F, 0x2F, 0x2F, 0x2F, 0x2F, 0x2F, 0x2F, 0x2F, 0x2F, 0x2F, 0x2F, 0x2F, 0x2F,
    0x2F, 0x2F, 0x2F, 0x2F, 0x2F, 0x2F, 0x2F, 0x2F, 0x2F, 0x2F, 0x2F, 0x2F, 0x2F, 0x2F, 0x2F, 0x2F, 0x2F, 0x2F, 0x2F, 0x2F, 0x2F, 0x2F, 0x2F, 0x2F,
    0x2F, 0x2F, 0x2F, 0x2F, 0x2F, 0x2F, 0x2F, 0x2F, 0x2F, 0x2F, 0x2F, 0x2F, 0x2F, 0x2F, 0x2F, 0x2F, 0x2F, 0x2F, 0x2F, 0x2F, 0x2F, 0x2F, 0x2F, 0x2F,
    0x2F, 0x2F, 0x2F, 0x2F, 0x30, 0x2E, 0x43, 0x5E, 0x84, 0xA5, 0xA6, 0x9E, 0x9D, 0xA4, 0xA8, 0x39, 0x00, 0x02, 0x00, 0x00, 0x00, 0x00, 0x00, 0x00,
    0x00, 0x00, 0x00, 0x00, 0x00, 0x01, 0x00, 0x0E, 0x8F, 0xA8, 0x9C, 0x9E, 0xA8, 0x96, 0x59, 0x2A, 0x1F, 0x21, 0x26, 0x26, 0x26, 0x26, 0x26, 0x26,
    0x26, 0x26, 0x26, 0x26, 0x26, 0x26, 0x26, 0x26, 0x26, 0x26, 0x26, 0x26, 0x26, 0x26, 0x26, 0x26, 0x26, 0x26, 0x26, 0x26, 0x26, 0x26, 0x26, 0x26,
    0x26, 0x26, 0x26, 0x26, 0x26, 0x26, 0x26, 0x26, 0x26, 0x26, 0x26, 0x26, 0x26, 0x26, 0x26, 0x26, 0x26, 0x26, 0x26, 0x26, 0x26, 0x26, 0x26, 0x26,
    0x26, 0x26, 0x26, 0x26, 0x26, 0x26, 0x26, 0x26, 0x26, 0x26, 0x26, 0x26, 0x26, 0x26, 0x26, 0x26, 0x26, 0x26, 0x26, 0x26, 0x26, 0x26, 0x26, 0x26,
    0x26, 0x26, 0x26, 0x26, 0x26, 0x26, 0x26, 0x26, 0x26, 0x26, 0x26, 0x26, 0x26, 0x26, 0x26, 0x26, 0x26, 0x26, 0x26, 0x26, 0x26, 0x26, 0x26, 0x26,
    0x26, 0x26, 0x26, 0x26, 0x26, 0x26, 0x26, 0x26, 0x26, 0x26, 0x26, 0x26, 0x26, 0x26, 0x26, 0x26, 0x26, 0x26, 0x26, 0x26, 0x26, 0x26, 0x26, 0x26,
    0x26, 0x26, 0x26, 0x26, 0x26, 0x26, 0x26, 0x26, 0x26, 0x26, 0x26, 0x26, 0x26, 0x26, 0x26, 0x26, 0x26, 0x26, 0x26, 0x26, 0x26, 0x26, 0x26, 0x26,
    0x26, 0x26, 0x26, 0x26, 0x26, 0x26, 0x26, 0x26, 0x26, 0x26, 0x26, 0x26, 0x26, 0x26, 0x26, 0x26, 0x26, 0x26, 0x26, 0x26, 0x26, 0x26, 0x26, 0x26,
    0x26, 0x26, 0x26, 0x26, 0x26, 0x26, 0x26, 0x26, 0x26, 0x26, 0x26, 0x26, 0x26, 0x26, 0x26, 0x26, 0x26, 0x26, 0x26, 0x26, 0x26, 0x26, 0x26, 0x26,
    0x26, 0x26, 0x26, 0x26, 0x26, 0x26, 0x26, 0x26, 0x26, 0x26, 0x26, 0x26, 0x26, 0x26, 0x26, 0x26, 0x26, 0x26, 0x26, 0x26, 0x26, 0x26, 0x26, 0x26,
    0x26, 0x26, 0x26, 0x26, 0x26, 0x26, 0x26, 0x26, 0x26, 0x26, 0x26, 0x26, 0x26, 0x26, 0x26, 0x26, 0x26, 0x26, 0x26, 0x26, 0x26, 0x26, 0x26, 0x26,
    0x26, 0x26, 0x26, 0x26, 0x26, 0x26, 0x26, 0x26, 0x26, 0x26, 0x26, 0x26, 0x26, 0x26, 0x26, 0x26, 0x26, 0x26, 0x26, 0x26, 0x26, 0x26, 0x26, 0x26,
    0x26, 0x26, 0x26, 0x26, 0x26, 0x26, 0x26, 0x26, 0x26, 0x26, 0x26, 0x26, 0x26, 0x26, 0x26, 0x26, 0x26, 0x26, 0x26, 0x26, 0x26, 0x26, 0x26, 0x26,
    0x26, 0x26, 0x26, 0x26, 0x26, 0x26, 0x26, 0x26, 0x26, 0x26, 0x26, 0x26, 0x26, 0x26, 0x26, 0x26, 0x26, 0x26, 0x26, 0x26, 0x26, 0x26, 0x26, 0x26,
    0x26, 0x26, 0x26, 0x26, 0x26, 0x26, 0x26, 0x26, 0x26, 0x26, 0x26, 0x26, 0x26, 0x26, 0x26, 0x26, 0x26, 0x26, 0x26, 0x26, 0x26, 0x26, 0x26, 0x26,
    0x26, 0x26, 0x26, 0x26, 0x26, 0x26, 0x26, 0x26, 0x26, 0x26, 0x26, 0x26, 0x26, 0x26, 0x26, 0x26, 0x26, 0x26, 0x26, 0x26, 0x26, 0x26, 0x26, 0x26,
    0x26, 0x26, 0x26, 0x26, 0x26, 0x26, 0x26, 0x26, 0x26, 0x26, 0x26, 0x26, 0x26, 0x26, 0x26, 0x26, 0x26, 0x26, 0x26, 0x26, 0x26, 0x26, 0x26, 0x26,
    0x26, 0x26, 0x26, 0x26, 0x26, 0x26, 0x26, 0x26, 0x26, 0x26, 0x26, 0x26, 0x26, 0x26, 0x26, 0x26, 0x26, 0x26, 0x26, 0x26, 0x26, 0x26, 0x26, 0x26,
    0x26, 0x26, 0x26, 0x26, 0x26, 0x26, 0x26, 0x26, 0x26, 0x26, 0x26, 0x26, 0x26, 0x26, 0x26, 0x26, 0x26, 0x26, 0x26, 0x26, 0x26, 0x26, 0x26, 0x26,
    0x26, 0x26, 0x26, 0x26, 0x26, 0x26, 0x26, 0x26, 0x26, 0x26, 0x26, 0x26, 0x26, 0x26, 0x26, 0x26, 0x26, 0x26, 0x26, 0x26, 0x26, 0x26, 0x26, 0x26,
    0x26, 0x26, 0x26, 0x26, 0x26, 0x26, 0x26, 0x26, 0x26, 0x26, 0x26, 0x26, 0x26, 0x26, 0x26, 0x26, 0x26, 0x26, 0x26, 0x26, 0x26, 0x26, 0x26, 0x26,
    0x26, 0x26, 0x26, 0x26, 0x26, 0x26, 0x26, 0x26, 0x26, 0x26, 0x26, 0x26, 0x26, 0x26, 0x26, 0x26, 0x26, 0x26, 0x26, 0x26, 0x26, 0x26, 0x26, 0x26,
    0x26, 0x26, 0x26, 0x26, 0x26, 0x26, 0x26, 0x26, 0x26, 0x26, 0x26, 0x26, 0x26, 0x26, 0x22, 0x20, 0x23, 0x46, 0x83, 0xA9, 0xA0, 0x9D, 0xA1, 0xA8,
    0x34, 0x00, 0x02, 0x00, 0x00, 0x00, 0x00, 0x00, 0x00, 0x00, 0x00, 0x00, 0x00, 0x02, 0x02, 0x6C, 0xAC, 0x9C, 0x9E, 0xA9, 0x7A, 0x30, 0x1E, 0x28,
    0x2A, 0x2A, 0x29, 0x28, 0x29, 0x29, 0x29, 0x29, 0x29, 0x29, 0x29, 0x29, 0x29, 0x29, 0x29, 0x29, 0x29, 0x29, 0x29, 0x29, 0x29, 0x29, 0x29, 0x29,
    0x29, 0x29, 0x29, 0x29, 0x29, 0x29, 0x29, 0x29, 0x29, 0x29, 0x29, 0x29, 0x29, 0x29, 0x29, 0x29, 0x29, 0x29, 0x29, 0x29, 0x29, 0x29, 0x29, 0x29,
    0x29, 0x29, 0x29, 0x29, 0x29, 0x29, 0x29, 0x29, 0x29, 0x29, 0x29, 0x29, 0x29, 0x29, 0x29, 0x29, 0x29, 0x29, 0x29, 0x29, 0x29, 0x29, 0x29, 0x29,
    0x29, 0x29, 0x29, 0x29, 0x29, 0x29, 0x29, 0x29, 0x29, 0x29, 0x29, 0x29, 0x29, 0x29, 0x29, 0x29, 0x29, 0x29, 0x29, 0x29, 0x29, 0x29, 0x29, 0x29,
    0x29, 0x29, 0x29, 0x29, 0x29, 0x29, 0x29, 0x29, 0x29, 0x29, 0x29, 0x29, 0x29, 0x29, 0x29, 0x29, 0x29, 0x29, 0x29, 0x29, 0x29, 0x29, 0x29, 0x29,
    0x29, 0x29, 0x29, 0x29, 0x29, 0x29, 0x29, 0x29, 0x29, 0x29, 0x29, 0x29, 0x29, 0x29, 0x29, 0x29, 0x29, 0x29, 0x29, 0x29, 0x29, 0x29, 0x29, 0x29,
    0x29, 0x29, 0x29, 0x29, 0x29, 0x29, 0x29, 0x29, 0x29, 0x29, 0x29, 0x29, 0x29, 0x29, 0x29, 0x29, 0x29, 0x29, 0x29, 0x29, 0x29, 0x29, 0x29, 0x29,
    0x29, 0x29, 0x29, 0x29, 0x29, 0x29, 0x29, 0x29, 0x29, 0x29, 0x29, 0x29, 0x29, 0x29, 0x29, 0x29, 0x29, 0x29, 0x29, 0x29, 0x29, 0x29, 0x29, 0x29,
    0x29, 0x29, 0x29, 0x29, 0x29, 0x29, 0x29, 0x29, 0x29, 0x29, 0x29, 0x29, 0x29, 0x29, 0x29, 0x29, 0x29, 0x29, 0x29, 0x29, 0x29, 0x29, 0x29, 0x29,
    0x29, 0x29, 0x29, 0x29, 0x29, 0x29, 0x29, 0x29, 0x29, 0x29, 0x29, 0x29, 0x29, 0x29, 0x29, 0x29, 0x29, 0x29, 0x29, 0x29, 0x29, 0x29, 0x29, 0x29,
    0x29, 0x29, 0x29, 0x29, 0x29, 0x29, 0x29, 0x29, 0x29, 0x29, 0x29, 0x29, 0x29, 0x29, 0x29, 0x29, 0x29, 0x29, 0x29, 0x29, 0x29, 0x29, 0x29, 0x29,
    0x29, 0x29, 0x29, 0x29, 0x29, 0x29, 0x29, 0x29, 0x29, 0x29, 0x29, 0x29, 0x29, 0x29, 0x29, 0x29, 0x29, 0x29, 0x29, 0x29, 0x29, 0x29, 0x29, 0x29,
    0x29, 0x29, 0x29, 0x29, 0x29, 0x29, 0x29, 0x29, 0x29, 0x29, 0x29, 0x29, 0x29, 0x29, 0x29, 0x29, 0x29, 0x29, 0x29, 0x29, 0x29, 0x29, 0x29, 0x29,
    0x29, 0x29, 0x29, 0x29, 0x29, 0x29, 0x29, 0x29, 0x29, 0x29, 0x29, 0x29, 0x29, 0x29, 0x29, 0x29, 0x29, 0x29, 0x29, 0x29, 0x29, 0x29, 0x29, 0x29,
    0x29, 0x29, 0x29, 0x29, 0x29, 0x29, 0x29, 0x29, 0x29, 0x29, 0x29, 0x29, 0x29, 0x29, 0x29, 0x29, 0x29, 0x29, 0x29, 0x29, 0x29, 0x29, 0x29, 0x29,
    0x29, 0x29, 0x29, 0x29, 0x29, 0x29, 0x29, 0x29, 0x29, 0x29, 0x29, 0x29, 0x29, 0x29, 0x29, 0x29, 0x29, 0x29, 0x29, 0x29, 0x29, 0x29, 0x29, 0x29,
    0x29, 0x29, 0x29, 0x29, 0x29, 0x29, 0x29, 0x29, 0x29, 0x29, 0x29, 0x29, 0x29, 0x29, 0x29, 0x29, 0x29, 0x29, 0x29, 0x29, 0x29, 0x29, 0x29, 0x29,
    0x29, 0x29, 0x29, 0x29, 0x29, 0x29, 0x29, 0x29, 0x29, 0x29, 0x29, 0x29, 0x29, 0x29, 0x29, 0x29, 0x29, 0x29, 0x29, 0x29, 0x29, 0x29, 0x29, 0x29,
    0x29, 0x29, 0x29, 0x29, 0x29, 0x29, 0x29, 0x29, 0x29, 0x29, 0x29, 0x29, 0x29, 0x29, 0x29, 0x29, 0x29, 0x29, 0x29, 0x29, 0x29, 0x29, 0x29, 0x29,
    0x29, 0x29, 0x29, 0x29, 0x29, 0x29, 0x29, 0x29, 0x29, 0x29, 0x29, 0x29, 0x29, 0x29, 0x29, 0x29, 0x29, 0x29, 0x29, 0x29, 0x29, 0x29, 0x29, 0x29,
    0x29, 0x29, 0x29, 0x29, 0x29, 0x29, 0x29, 0x29, 0x29, 0x29, 0x29, 0x29, 0x29, 0x29, 0x29, 0x29, 0x29, 0x29, 0x29, 0x29, 0x29, 0x29, 0x29, 0x29,
    0x29, 0x29, 0x29, 0x29, 0x29, 0x29, 0x29, 0x29, 0x29, 0x29, 0x29, 0x29, 0x29, 0x29, 0x29, 0x29, 0x29, 0x29, 0x29, 0x29, 0x29, 0x28, 0x29, 0x2A,
    0x29, 0x21, 0x24, 0x5D, 0xA4, 0xA1, 0x9D, 0xA4, 0x95, 0x15, 0x00, 0x01, 0x00, 0x00, 0x00, 0x00, 0x00, 0x00, 0x00, 0x00, 0x02, 0x00, 0x46, 0xAE,
    0x9D, 0x9E, 0xA9, 0x76, 0x21, 0x25, 0x2B, 0x28, 0x28, 0x28, 0x28, 0x28, 0x28, 0x28, 0x28, 0x28, 0x28, 0x28, 0x28, 0x28, 0x28, 0x28, 0x28, 0x28,
    0x28, 0x28, 0x28, 0x28, 0x28, 0x28, 0x28, 0x28, 0x28, 0x28, 0x28, 0x28, 0x28, 0x28, 0x28, 0x28, 0x28, 0x28, 0x28, 0x28, 0x28, 0x28, 0x28, 0x28,
    0x28, 0x28, 0x28, 0x28, 0x28, 0x28, 0x28, 0x28, 0x28, 0x28, 0x28, 0x28, 0x28, 0x28, 0x28, 0x28, 0x28, 0x28, 0x28, 0x28, 0x28, 0x28, 0x28, 0x28,
    0x28, 0x28, 0x28, 0x28, 0x28, 0x28, 0x28, 0x28, 0x28, 0x28, 0x28, 0x28, 0x28, 0x28, 0x28, 0x28, 0x28, 0x28, 0x28, 0x28, 0x28, 0x28, 0x28, 0x28,
    0x28, 0x28, 0x28, 0x28, 0x28, 0x28, 0x28, 0x28, 0x28, 0x28, 0x28, 0x28, 0x28, 0x28, 0x28, 0x28, 0x28, 0x28, 0x28, 0x28, 0x28, 0x28, 0x28, 0x28,
    0x28, 0x28, 0x28, 0x28, 0x28, 0x28, 0x28, 0x28, 0x28, 0x28, 0x28, 0x28, 0x28, 0x28, 0x28, 0x28, 0x28, 0x28, 0x28, 0x28, 0x28, 0x28, 0x28, 0x28,
    0x28, 0x28, 0x28, 0x28, 0x28, 0x28, 0x28, 0x28, 0x28, 0x28, 0x28, 0x28, 0x28, 0x28, 0x28, 0x28, 0x28, 0x28, 0x28, 0x28, 0x28, 0x28, 0x28, 0x28,
    0x28, 0x28, 0x28, 0x28, 0x28, 0x28, 0x28, 0x28, 0x28, 0x28, 0x28, 0x28, 0x28, 0x28, 0x28, 0x28, 0x28, 0x28, 0x28, 0x28, 0x28, 0x28, 0x28, 0x28,
    0x28, 0x28, 0x28, 0x28, 0x28, 0x28, 0x28, 0x28, 0x28, 0x28, 0x28, 0x28, 0x28, 0x28, 0x28, 0x28, 0x28, 0x28, 0x28, 0x28, 0x28, 0x28, 0x28, 0x28,
    0x28, 0x28, 0x28, 0x28, 0x28, 0x28, 0x28, 0x28, 0x28, 0x28, 0x28, 0x28, 0x28, 0x28, 0x28, 0x28, 0x28, 0x28, 0x28, 0x28, 0x28, 0x28, 0x28, 0x28,
    0x28, 0x28, 0x28, 0x28, 0x28, 0x28, 0x28, 0x28, 0x28, 0x28, 0x28, 0x28, 0x28, 0x28, 0x28, 0x28, 0x28, 0x28, 0x28, 0x28, 0x28, 0x28, 0x28, 0x28,
    0x28, 0x28, 0x28, 0x28, 0x28, 0x28, 0x28, 0x28, 0x28, 0x28, 0x28, 0x28, 0x28, 0x28, 0x28, 0x28, 0x28, 0x28, 0x28, 0x28, 0x28, 0x28, 0x28, 0x28,
    0x28, 0x28, 0x28, 0x28, 0x28, 0x28, 0x28, 0x28, 0x28, 0x28, 0x28, 0x28, 0x28, 0x28, 0x28, 0x28, 0x28, 0x28, 0x28, 0x28, 0x28, 0x28, 0x28, 0x28,
    0x28, 0x28, 0x28, 0x28, 0x28, 0x28, 0x28, 0x28, 0x28, 0x28, 0x28, 0x28, 0x28, 0x28, 0x28, 0x28, 0x28, 0x28, 0x28, 0x28, 0x28, 0x28, 0x28, 0x28,
    0x28, 0x28, 0x28, 0x28, 0x28, 0x28, 0x28, 0x28, 0x28, 0x28, 0x28, 0x28, 0x28, 0x28, 0x28, 0x28, 0x28, 0x28, 0x28, 0x28, 0x28, 0x28, 0x28, 0x28,
    0x28, 0x28, 0x28, 0x28, 0x28, 0x28, 0x28, 0x28, 0x28, 0x28, 0x28, 0x28, 0x28, 0x28, 0x28, 0x28, 0x28, 0x28, 0x28, 0x28, 0x28, 0x28, 0x28, 0x28,
    0x28, 0x28, 0x28, 0x28, 0x28, 0x28, 0x28, 0x28, 0x28, 0x28, 0x28, 0x28, 0x28, 0x28, 0x28, 0x28, 0x28, 0x28, 0x28, 0x28, 0x28, 0x28, 0x28, 0x28,
    0x28, 0x28, 0x28, 0x28, 0x28, 0x28, 0x28, 0x28, 0x28, 0x28, 0x28, 0x28, 0x28, 0x28, 0x28, 0x28, 0x28, 0x28, 0x28, 0x28, 0x28, 0x28, 0x28, 0x28,
    0x28, 0x28, 0x28, 0x28, 0x28, 0x28, 0x28, 0x28, 0x28, 0x28, 0x28, 0x28, 0x28, 0x28, 0x28, 0x28, 0x28, 0x28, 0x28, 0x28, 0x28, 0x28, 0x28, 0x28,
    0x28, 0x28, 0x28, 0x28, 0x28, 0x28, 0x28, 0x28, 0x28, 0x28, 0x28, 0x28, 0x28, 0x28, 0x28, 0x28, 0x28, 0x28, 0x28, 0x28, 0x28, 0x28, 0x28, 0x28,
    0x28, 0x28, 0x28, 0x28, 0x28, 0x28, 0x28, 0x28, 0x28, 0x28, 0x28, 0x28, 0x28, 0x28, 0x28, 0x28, 0x28, 0x28, 0x28, 0x28, 0x28, 0x28, 0x28, 0x28,
    0x28, 0x28, 0x28, 0x28, 0x28, 0x28, 0x28, 0x28, 0x28, 0x28, 0x28, 0x28, 0x28, 0x28, 0x28, 0x28, 0x28, 0x28, 0x28, 0x28, 0x28, 0x28, 0x28, 0x28,
    0x28, 0x28, 0x28, 0x28, 0x28, 0x28, 0x28, 0x28, 0x28, 0x2A, 0x29, 0x1C, 0x53, 0xA5, 0xA0, 0x9D, 0xAA, 0x7B, 0x03, 0x02, 0x00, 0x00, 0x00, 0x00,
    0x00, 0x00, 0x00, 0x01, 0x00, 0x15, 0x9E, 0xA1, 0x9E, 0xA8, 0x7A, 0x21, 0x28, 0x2A, 0x28, 0x28, 0x28, 0x28, 0x28, 0x28, 0x28, 0x28, 0x28, 0x28,
    0x28, 0x28, 0x28, 0x28, 0x28, 0x28, 0x28, 0x28, 0x28, 0x28, 0x28, 0x28, 0x28, 0x28, 0x28, 0x28, 0x28, 0x28, 0x28, 0x28, 0x28, 0x28, 0x28, 0x28,
    0x28, 0x28, 0x28, 0x28, 0x28, 0x28, 0x28, 0x28, 0x28, 0x28, 0x28, 0x28, 0x28, 0x28, 0x28, 0x28, 0x28, 0x28, 0x28, 0x28, 0x28, 0x28, 0x28, 0x28,
    0x28, 0x28, 0x28, 0x28, 0x28, 0x28, 0x28, 0x28, 0x28, 0x28, 0x28, 0x28, 0x28, 0x28, 0x28, 0x28, 0x28, 0x28, 0x28, 0x28, 0x28, 0x28, 0x28, 0x28,
    0x28, 0x28, 0x28, 0x28, 0x28, 0x28, 0x28, 0x28, 0x28, 0x28, 0x28, 0x28, 0x28, 0x28, 0x28, 0x28, 0x28, 0x28, 0x28, 0x28, 0x28, 0x28, 0x28, 0x28,
    0x28, 0x28, 0x28, 0x28, 0x28, 0x28, 0x28, 0x28, 0x28, 0x28, 0x28, 0x28, 0x28, 0x28, 0x28, 0x28, 0x28, 0x28, 0x28, 0x28, 0x28, 0x28, 0x28, 0x28,
    0x28, 0x28, 0x28, 0x28, 0x28, 0x28, 0x28, 0x28, 0x28, 0x28, 0x28, 0x28, 0x28, 0x28, 0x28, 0x28, 0x28, 0x28, 0x28, 0x28, 0x28, 0x28, 0x28, 0x28,
    0x28, 0x28, 0x28, 0x28, 0x28, 0x28, 0x28, 0x28, 0x28, 0x28, 0x28, 0x28, 0x28, 0x28, 0x28, 0x28, 0x28, 0x28, 0x28, 0x28, 0x28, 0x28, 0x28, 0x28,
    0x28, 0x28, 0x28, 0x28, 0x28, 0x28, 0x28, 0x28, 0x28, 0x28, 0x28, 0x28, 0x28, 0x28, 0x28, 0x28, 0x28, 0x28, 0x28, 0x28, 0x28, 0x28, 0x28, 0x28,
    0x28, 0x28, 0x28, 0x28, 0x28, 0x28, 0x28, 0x28, 0x28, 0x28, 0x28, 0x28, 0x28, 0x28, 0x28, 0x28, 0x28, 0x28, 0x28, 0x28, 0x28, 0x28, 0x28, 0x28,
    0x28, 0x28, 0x28, 0x28, 0x28, 0x28, 0x28, 0x28, 0x28, 0x28, 0x28, 0x28, 0x28, 0x28, 0x28, 0x28, 0x28, 0x28, 0x28, 0x28, 0x28, 0x28, 0x28, 0x28,
    0x28, 0x28, 0x28, 0x28, 0x28, 0x28, 0x28, 0x28, 0x28, 0x28, 0x28, 0x28, 0x28, 0x28, 0x28, 0x28, 0x28, 0x28, 0x28, 0x28, 0x28, 0x28, 0x28, 0x28,
    0x28, 0x28, 0x28, 0x28, 0x28, 0x28, 0x28, 0x28, 0x28, 0x28, 0x28, 0x28, 0x28, 0x28, 0x28, 0x28, 0x28, 0x28, 0x28, 0x28, 0x28, 0x28, 0x28, 0x28,
    0x28, 0x28, 0x28, 0x28, 0x28, 0x28, 0x28, 0x28, 0x28, 0x28, 0x28, 0x28, 0x28, 0x28, 0x28, 0x28, 0x28, 0x28, 0x28, 0x28, 0x28, 0x28, 0x28, 0x28,
    0x28, 0x28, 0x28, 0x28, 0x28, 0x28, 0x28, 0x28, 0x28, 0x28, 0x28, 0x28, 0x28, 0x28, 0x28, 0x28, 0x28, 0x28, 0x28, 0x28, 0x28, 0x28, 0x28, 0x28,
    0x28, 0x28, 0x28, 0x28, 0x28, 0x28, 0x28, 0x28, 0x28, 0x28, 0x28, 0x28, 0x28, 0x28, 0x28, 0x28, 0x28, 0x28, 0x28, 0x28, 0x28, 0x28, 0x28, 0x28,
    0x28, 0x28, 0x28, 0x28, 0x28, 0x28, 0x28, 0x28, 0x28, 0x28, 0x28, 0x28, 0x28, 0x28, 0x28, 0x28, 0x28, 0x28, 0x28, 0x28, 0x28, 0x28, 0x28, 0x28,
    0x28, 0x28, 0x28, 0x28, 0x28, 0x28, 0x28, 0x28, 0x28, 0x28, 0x28, 0x28, 0x28, 0x28, 0x28, 0x28, 0x28, 0x28, 0x28, 0x28, 0x28, 0x28, 0x28, 0x28,
    0x28, 0x28, 0x28, 0x28, 0x28, 0x28, 0x28, 0x28, 0x28, 0x28, 0x28, 0x28, 0x28, 0x28, 0x28, 0x28, 0x28, 0x28, 0x28, 0x28, 0x28, 0x28, 0x28, 0x28,
    0x28, 0x28, 0x28, 0x28, 0x28, 0x28, 0x28, 0x28, 0x28, 0x28, 0x28, 0x28, 0x28, 0x28, 0x28, 0x28, 0x28, 0x28, 0x28, 0x28, 0x28, 0x28, 0x28, 0x28,
    0x28, 0x28, 0x28, 0x28, 0x28, 0x28, 0x28, 0x28, 0x28, 0x28, 0x28, 0x28, 0x28, 0x28, 0x28, 0x28, 0x28, 0x28, 0x28, 0x28, 0x28, 0x28, 0x28, 0x28,
    0x28, 0x28, 0x28, 0x28, 0x28, 0x28, 0x28, 0x28, 0x28, 0x28, 0x28, 0x28, 0x28, 0x28, 0x28, 0x28, 0x28, 0x28, 0x28, 0x28, 0x28, 0x28, 0x28, 0x28,
    0x28, 0x28, 0x28, 0x28, 0x28, 0x28, 0x28, 0x28, 0x28, 0x28, 0x28, 0x28, 0x28, 0x28, 0x28, 0x28, 0x28, 0x28, 0x28, 0x2B, 0x1D, 0x55, 0xA7, 0x9F,
    0x9D, 0xAC, 0x42, 0x00, 0x02, 0x00, 0x00, 0x00, 0x00, 0x00, 0x00, 0x02, 0x00, 0x59, 0xAC, 0x9C, 0xA2, 0x96, 0x30, 0x25, 0x2A, 0x28, 0x28, 0x28,
    0x28, 0x28, 0x28, 0x28, 0x28, 0x28, 0x28, 0x28, 0x28, 0x28, 0x28, 0x28, 0x28, 0x28, 0x28, 0x28, 0x28, 0x28, 0x28, 0x28, 0x28, 0x28, 0x28, 0x28,
    0x28, 0x28, 0x28, 0x28, 0x28, 0x28, 0x28, 0x28, 0x28, 0x28, 0x28, 0x28, 0x28, 0x28, 0x28, 0x28, 0x28, 0x28, 0x28, 0x28, 0x28, 0x28, 0x28, 0x28,
    0x28, 0x28, 0x28, 0x28, 0x28, 0x28, 0x28, 0x28, 0x28, 0x28, 0x28, 0x28, 0x28, 0x28, 0x28, 0x28, 0x28, 0x28, 0x28, 0x28, 0x28, 0x28, 0x28, 0x28,
    0x28, 0x28, 0x28, 0x28, 0x28, 0x28, 0x28, 0x28, 0x28, 0x28, 0x28, 0x28, 0x28, 0x28, 0x28, 0x28, 0x28, 0x28, 0x28, 0x28, 0x28, 0x28, 0x28, 0x28,
    0x28, 0x28, 0x28, 0x28, 0x28, 0x28, 0x28, 0x28, 0x28, 0x28, 0x28, 0x28, 0x28, 0x28, 0x28, 0x28, 0x28, 0x28, 0x28, 0x28, 0x28, 0x28, 0x28, 0x28,
    0x28, 0x28, 0x28, 0x28, 0x28, 0x28, 0x28, 0x28, 0x28, 0x28, 0x28, 0x28, 0x28, 0x28, 0x28, 0x28, 0x28, 0x28, 0x28, 0x28, 0x28, 0x28, 0x28, 0x28,
    0x28, 0x28, 0x28, 0x28, 0x28, 0x28, 0x28, 0x28, 0x28, 0x28, 0x28, 0x28, 0x28, 0x28, 0x28, 0x28, 0x28, 0x28, 0x28, 0x28, 0x28, 0x28, 0x28, 0x28,
    0x28, 0x28, 0x28, 0x28, 0x28, 0x28, 0x28, 0x28, 0x28, 0x28, 0x28, 0x28, 0x28, 0x28, 0x28, 0x28, 0x28, 0x28, 0x28, 0x28, 0x28, 0x28, 0x28, 0x28,
    0x28, 0x28, 0x28, 0x28, 0x28, 0x28, 0x28, 0x28, 0x28, 0x28, 0x28, 0x28, 0x28, 0x28, 0x28, 0x28, 0x28, 0x28, 0x28, 0x28, 0x28, 0x28, 0x28, 0x28,
    0x28, 0x28, 0x28, 0x28, 0x28, 0x28, 0x28, 0x28, 0x28, 0x28, 0x28, 0x28, 0x28, 0x28, 0x28, 0x28, 0x28, 0x28, 0x28, 0x28, 0x28, 0x28, 0x28, 0x28,
    0x28, 0x28, 0x28, 0x28, 0x28, 0x28, 0x28, 0x28, 0x28, 0x28, 0x28, 0x28, 0x28, 0x28, 0x28, 0x28, 0x28, 0x28, 0x28, 0x28, 0x28, 0x28, 0x28, 0x28,
    0x28, 0x28, 0x28, 0x28, 0x28, 0x28, 0x28, 0x28, 0x28, 0x28, 0x28, 0x28, 0x28, 0x28, 0x28, 0x28, 0x28, 0x28, 0x28, 0x28, 0x28, 0x28, 0x28, 0x28,
    0x28, 0x28, 0x28, 0x28, 0x28, 0x28, 0x28, 0x28, 0x28, 0x28, 0x28, 0x28, 0x28, 0x28, 0x28, 0x28, 0x28, 0x28, 0x28, 0x28, 0x28, 0x28, 0x28, 0x28,
    0x28, 0x28, 0x28, 0x28, 0x28, 0x28, 0x28, 0x28, 0x28, 0x28, 0x28, 0x28, 0x28, 0x28, 0x28, 0x28, 0x28, 0x28, 0x28, 0x28, 0x28, 0x28, 0x28, 0x28,
    0x28, 0x28, 0x28, 0x28, 0x28, 0x28, 0x28, 0x28, 0x28, 0x28, 0x28, 0x28, 0x28, 0x28, 0x28, 0x28, 0x28, 0x28, 0x28, 0x28, 0x28, 0x28, 0x28, 0x28,
    0x28, 0x28, 0x28, 0x28, 0x28, 0x28, 0x28, 0x28, 0x28, 0x28, 0x28, 0x28, 0x28, 0x28, 0x28, 0x28, 0x28, 0x28, 0x28, 0x28, 0x28, 0x28, 0x28, 0x28,
    0x28, 0x28, 0x28, 0x28, 0x28, 0x28, 0x28, 0x28, 0x28, 0x28, 0x28, 0x28, 0x28, 0x28, 0x28, 0x28, 0x28, 0x28, 0x28, 0x28, 0x28, 0x28, 0x28, 0x28,
    0x28, 0x28, 0x28, 0x28, 0x28, 0x28, 0x28, 0x28, 0x28, 0x28, 0x28, 0x28, 0x28, 0x28, 0x28, 0x28, 0x28, 0x28, 0x28, 0x28, 0x28, 0x28, 0x28, 0x28,
    0x28, 0x28, 0x28, 0x28, 0x28, 0x28, 0x28, 0x28, 0x28, 0x28, 0x28, 0x28, 0x28, 0x28, 0x28, 0x28, 0x28, 0x28, 0x28, 0x28, 0x28, 0x28, 0x28, 0x28,
    0x28, 0x28, 0x28, 0x28, 0x28, 0x28, 0x28, 0x28, 0x28, 0x28, 0x28, 0x28, 0x28, 0x28, 0x28, 0x28, 0x28, 0x28, 0x28, 0x28, 0x28, 0x28, 0x28, 0x28,
    0x28, 0x28, 0x28, 0x28, 0x28, 0x28, 0x28, 0x28, 0x28, 0x28, 0x28, 0x28, 0x28, 0x28, 0x28, 0x28, 0x28, 0x28, 0x28, 0x28, 0x28, 0x28, 0x28, 0x28,
    0x28, 0x28, 0x28, 0x28, 0x28, 0x28, 0x28, 0x28, 0x28, 0x28, 0x28, 0x28, 0x28, 0x28, 0x28, 0x28, 0x28, 0x28, 0x28, 0x28, 0x28, 0x28, 0x28, 0x28,
    0x28, 0x28, 0x28, 0x28, 0x2A, 0x1F, 0x77, 0xA7, 0x9D, 0xA5, 0x8A, 0x03, 0x01, 0x01, 0x00, 0x00, 0x00, 0x00, 0x01, 0x01, 0x0A, 0x8C, 0xA5, 0x9D,
    0xA9, 0x59, 0x1E, 0x2B, 0x28, 0x28, 0x28, 0x28, 0x28, 0x28, 0x28, 0x28, 0x28, 0x29, 0x28, 0x27, 0x27, 0x27, 0x27, 0x27, 0x27, 0x27, 0x27, 0x27,
    0x27, 0x27, 0x27, 0x27, 0x27, 0x27, 0x27, 0x27, 0x27, 0x27, 0x27, 0x27, 0x27, 0x27, 0x27, 0x27, 0x27, 0x27, 0x27, 0x27, 0x27, 0x27, 0x27, 0x27,
    0x27, 0x27, 0x27, 0x27, 0x27, 0x27, 0x27, 0x27, 0x27, 0x27, 0x27, 0x27, 0x27, 0x27, 0x27, 0x27, 0x27, 0x27, 0x27, 0x27, 0x27, 0x27, 0x27, 0x27,
    0x27, 0x27, 0x27, 0x27, 0x27, 0x27, 0x27, 0x27, 0x27, 0x27, 0x27, 0x27, 0x27, 0x27, 0x27, 0x27, 0x27, 0x27, 0x27, 0x27, 0x27, 0x27, 0x27, 0x27,
    0x27, 0x27, 0x27, 0x27, 0x27, 0x27, 0x27, 0x27, 0x27, 0x27, 0x27, 0x27, 0x27, 0x27, 0x27, 0x27, 0x27, 0x27, 0x27, 0x27, 0x27, 0x27, 0x27, 0x27,
    0x27, 0x27, 0x27, 0x27, 0x27, 0x27, 0x27, 0x27, 0x27, 0x27, 0x27, 0x27, 0x27, 0x27, 0x27, 0x27, 0x27, 0x27, 0x27, 0x27, 0x27, 0x27, 0x27, 0x27,
    0x27, 0x27, 0x27, 0x27, 0x27, 0x27, 0x27, 0x27, 0x27, 0x27, 0x27, 0x27, 0x27, 0x27, 0x27, 0x27, 0x27, 0x27, 0x27, 0x27, 0x27, 0x27, 0x27, 0x27,
    0x27, 0x27, 0x27, 0x27, 0x27, 0x27, 0x27, 0x27, 0x27, 0x27, 0x27, 0x27, 0x27, 0x27, 0x27, 0x27, 0x27, 0x27, 0x27, 0x27, 0x27, 0x27, 0x27, 0x27,
    0x27, 0x27, 0x27, 0x27, 0x27, 0x27, 0x27, 0x27, 0x27, 0x27, 0x27, 0x27, 0x27, 0x27, 0x27, 0x27, 0x27, 0x27, 0x27, 0x27, 0x27, 0x27, 0x27, 0x27,
    0x27, 0x27, 0x27, 0x27, 0x27, 0x27, 0x27, 0x27, 0x27, 0x27, 0x27, 0x27, 0x27, 0x27, 0x27, 0x27, 0x27, 0x27, 0x27, 0x27, 0x27, 0x27, 0x27, 0x27,
    0x27, 0x27, 0x27, 0x27, 0x27, 0x27, 0x27, 0x27, 0x27, 0x27, 0x27, 0x27, 0x27, 0x27, 0x27, 0x27, 0x27, 0x27, 0x27, 0x27, 0x27, 0x27, 0x27, 0x27,
    0x27, 0x27, 0x27, 0x27, 0x27, 0x27, 0x27, 0x27, 0x27, 0x27, 0x27, 0x27, 0x27, 0x27, 0x27, 0x27, 0x27, 0x27, 0x27, 0x27, 0x27, 0x27, 0x27, 0x27,
    0x27, 0x27, 0x27, 0x27, 0x27, 0x27, 0x27, 0x27, 0x27, 0x27, 0x27, 0x27, 0x27, 0x27, 0x27, 0x27, 0x27, 0x27, 0x27, 0x27, 0x27, 0x27, 0x27, 0x27,
    0x27, 0x27, 0x27, 0x27, 0x27, 0x27, 0x27, 0x27, 0x27, 0x27, 0x27, 0x27, 0x27, 0x27, 0x27, 0x27, 0x27, 0x27, 0x27, 0x27, 0x27, 0x27, 0x27, 0x27,
    0x27, 0x27, 0x27, 0x27, 0x27, 0x27, 0x27, 0x27, 0x27, 0x27, 0x27, 0x27, 0x27, 0x27, 0x27, 0x27, 0x27, 0x27, 0x27, 0x27, 0x27, 0x27, 0x27, 0x27,
    0x27, 0x27, 0x27, 0x27, 0x27, 0x27, 0x27, 0x27, 0x27, 0x27, 0x27, 0x27, 0x27, 0x27, 0x27, 0x27, 0x27, 0x27, 0x27, 0x27, 0x27, 0x27, 0x27, 0x27,
    0x27, 0x27, 0x27, 0x27, 0x27, 0x27, 0x27, 0x27, 0x27, 0x27, 0x27, 0x27, 0x27, 0x27, 0x27, 0x27, 0x27, 0x27, 0x27, 0x27, 0x27, 0x27, 0x27, 0x27,
    0x27, 0x27, 0x27, 0x27, 0x27, 0x27, 0x27, 0x27, 0x27, 0x27, 0x27, 0x27, 0x27, 0x27, 0x27, 0x27, 0x27, 0x27, 0x27, 0x27, 0x27, 0x27, 0x27, 0x27,
    0x27, 0x27, 0x27, 0x27, 0x27, 0x27, 0x27, 0x27, 0x27, 0x27, 0x27, 0x27, 0x27, 0x27, 0x27, 0x27, 0x27, 0x27, 0x27, 0x27, 0x27, 0x27, 0x27, 0x27,
    0x27, 0x27, 0x27, 0x27, 0x27, 0x27, 0x27, 0x27, 0x27, 0x27, 0x27, 0x27, 0x27, 0x27, 0x27, 0x27, 0x27, 0x27, 0x27, 0x27, 0x27, 0x27, 0x27, 0x27,
    0x27, 0x27, 0x27, 0x27, 0x27, 0x27, 0x27, 0x27, 0x27, 0x27, 0x27, 0x27, 0x27, 0x27, 0x27, 0x27, 0x27, 0x27, 0x27, 0x27, 0x27, 0x27, 0x27, 0x27,
    0x27, 0x27, 0x27, 0x27, 0x27, 0x27, 0x27, 0x27, 0x27, 0x27, 0x27, 0x27, 0x27, 0x27, 0x27, 0x27, 0x27, 0x27, 0x27, 0x27, 0x27, 0x27, 0x27, 0x27,
    0x27, 0x28, 0x29, 0x28, 0x28, 0x28, 0x28, 0x28, 0x28, 0x28, 0x28, 0x28, 0x2A, 0x24, 0x35, 0x9E, 0xA1, 0x9E, 0xA5, 0x2B, 0x00, 0x02, 0x00, 0x00,
    0x00, 0x00, 0x02, 0x00, 0x30, 0xAB, 0x9D, 0xA4, 0x91, 0x2A, 0x28, 0x29, 0x28, 0x28, 0x28, 0x28, 0x28, 0x28, 0x28, 0x28, 0x28, 0x25, 0x27, 0x2B,
    0x2A, 0x2A, 0x2A, 0x2A, 0x2A, 0x2A, 0x2A, 0x2A, 0x2A, 0x2A, 0x2A, 0x2A, 0x2A, 0x2A, 0x2A, 0x2A, 0x2A, 0x2A, 0x2A, 0x2A, 0x2A, 0x2A, 0x2A, 0x2A,
    0x2A, 0x2A, 0x2A, 0x2A, 0x2A, 0x2A, 0x2A, 0x2A, 0x2A, 0x2A, 0x2A, 0x2A, 0x2A, 0x2A, 0x2A, 0x2A, 0x2A, 0x2A, 0x2A, 0x2A, 0x2A, 0x2A, 0x2A, 0x2A,
    0x2A, 0x2A, 0x2A, 0x2A, 0x2A, 0x2A, 0x2A, 0x2A, 0x2A, 0x2A, 0x2A, 0x2A, 0x2A, 0x2A, 0x2A, 0x2A, 0x2A, 0x2A, 0x2A, 0x2A, 0x2A, 0x2A, 0x2A, 0x2A,
    0x2A, 0x2A, 0x2A, 0x2A, 0x2A, 0x2A, 0x2A, 0x2A, 0x2A, 0x2A, 0x2A, 0x2A, 0x2A, 0x2A, 0x2A, 0x2A, 0x2A, 0x2A, 0x2A, 0x2A, 0x2A, 0x2A, 0x2A, 0x2A,
    0x2A, 0x2A, 0x2A, 0x2A, 0x2A, 0x2A, 0x2A, 0x2A, 0x2A, 0x2A, 0x2A, 0x2A, 0x2A, 0x2A, 0x2A, 0x2A, 0x2A, 0x2A, 0x2A, 0x2A, 0x2A, 0x2A, 0x2A, 0x2A,
    0x2A, 0x2A, 0x2A, 0x2A, 0x2A, 0x2A, 0x2A, 0x2A, 0x2A, 0x2A, 0x2A, 0x2A, 0x2A, 0x2A, 0x2A, 0x2A, 0x2A, 0x2A, 0x2A, 0x2A, 0x2A, 0x2A, 0x2A, 0x2A,
    0x2A, 0x2A, 0x2A, 0x2A, 0x2A, 0x2A, 0x2A, 0x2A, 0x2A, 0x2A, 0x2A, 0x2A, 0x2A, 0x2A, 0x2A, 0x2A, 0x2A, 0x2A, 0x2A, 0x2A, 0x2A, 0x2A, 0x2A, 0x2A,
    0x2A, 0x2A, 0x2A, 0x2A, 0x2A, 0x2A, 0x2A, 0x2A, 0x2A, 0x2A, 0x2A, 0x2A, 0x2A, 0x2A, 0x2A, 0x2A, 0x2A, 0x2A, 0x2A, 0x2A, 0x2A, 0x2A, 0x2A, 0x2A,
    0x2A, 0x2A, 0x2A, 0x2A, 0x2A, 0x2A, 0x2A, 0x2A, 0x2A, 0x2A, 0x2A, 0x2A, 0x2A, 0x2A, 0x2A, 0x2A, 0x2A, 0x2A, 0x2A, 0x2A, 0x2A, 0x2A, 0x2A, 0x2A,
    0x2A, 0x2A, 0x2A, 0x2A, 0x2A, 0x2A, 0x2A, 0x2A, 0x2A, 0x2A, 0x2A, 0x2A, 0x2A, 0x2A, 0x2A, 0x2A, 0x2A, 0x2A, 0x2A, 0x2A, 0x2A, 0x2A, 0x2A, 0x2A,
    0x2A, 0x2A, 0x2A, 0x2A, 0x2A, 0x2A, 0x2A, 0x2A, 0x2A, 0x2A, 0x2A, 0x2A, 0x2A, 0x2A, 0x2A, 0x2A, 0x2A, 0x2A, 0x2A, 0x2A, 0x2A, 0x2A, 0x2A, 0x2A,
    0x2A, 0x2A, 0x2A, 0x2A, 0x2A, 0x2A, 0x2A, 0x2A, 0x2A, 0x2A, 0x2A, 0x2A, 0x2A, 0x2A, 0x2A, 0x2A, 0x2A, 0x2A, 0x2A, 0x2A, 0x2A, 0x2A, 0x2A, 0x2A,
    0x2A, 0x2A, 0x2A, 0x2A, 0x2A, 0x2A, 0x2A, 0x2A, 0x2A, 0x2A, 0x2A, 0x2A, 0x2A, 0x2A, 0x2A, 0x2A, 0x2A, 0x2A, 0x2A, 0x2A, 0x2A, 0x2A, 0x2A, 0x2A,
    0x2A, 0x2A, 0x2A, 0x2A, 0x2A, 0x2A, 0x2A, 0x2A, 0x2A, 0x2A, 0x2A, 0x2A, 0x2A, 0x2A, 0x2A, 0x2A, 0x2A, 0x2A, 0x2A, 0x2A, 0x2A, 0x2A, 0x2A, 0x2A,
    0x2A, 0x2A, 0x2A, 0x2A, 0x2A, 0x2A, 0x2A, 0x2A, 0x2A, 0x2A, 0x2A, 0x2A, 0x2A, 0x2A, 0x2A, 0x2A, 0x2A, 0x2A, 0x2A, 0x2A, 0x2A, 0x2A, 0x2A, 0x2A,
    0x2A, 0x2A, 0x2A, 0x2A, 0x2A, 0x2A, 0x2A, 0x2A, 0x2A, 0x2A, 0x2A, 0x2A, 0x2A, 0x2A, 0x2A, 0x2A, 0x2A, 0x2A, 0x2A, 0x2A, 0x2A, 0x2A, 0x2A, 0x2A,
    0x2A, 0x2A, 0x2A, 0x2A, 0x2A, 0x2A, 0x2A, 0x2A, 0x2A, 0x2A, 0x2A, 0x2A, 0x2A, 0x2A, 0x2A, 0x2A, 0x2A, 0x2A, 0x2A, 0x2A, 0x2A, 0x2A, 0x2A, 0x2A,
    0x2A, 0x2A, 0x2A, 0x2A, 0x2A, 0x2A, 0x2A, 0x2A, 0x2A, 0x2A, 0x2A, 0x2A, 0x2A, 0x2A, 0x2A, 0x2A, 0x2A, 0x2A, 0x2A, 0x2A, 0x2A, 0x2A, 0x2A, 0x2A,
    0x2A, 0x2A, 0x2A, 0x2A, 0x2A, 0x2A, 0x2A, 0x2A, 0x2A, 0x2A, 0x2A, 0x2A, 0x2A, 0x2A, 0x2A, 0x2A, 0x2A, 0x2A, 0x2A, 0x2A, 0x2A, 0x2A, 0x2A, 0x2A,
    0x2A, 0x2A, 0x2A, 0x2A, 0x2A, 0x2A, 0x2A, 0x2A, 0x2A, 0x2A, 0x2A, 0x2A, 0x2A, 0x2A, 0x2A, 0x2A, 0x2A, 0x2A, 0x2A, 0x2A, 0x2A, 0x2A, 0x2A, 0x2A,
    0x2A, 0x2A, 0x2A, 0x2A, 0x2A, 0x2A, 0x2A, 0x2A, 0x2A, 0x2A, 0x2A, 0x2A, 0x2A, 0x2A, 0x2A, 0x2A, 0x2A, 0x2A, 0x2A, 0x2A, 0x2A, 0x2A, 0x2A, 0x2A,
    0x2A, 0x2A, 0x2A, 0x2A, 0x2A, 0x2A, 0x2A, 0x2A, 0x2B, 0x29, 0x25, 0x27, 0x28, 0x28, 0x28, 0x28, 0x28, 0x28, 0x28, 0x28, 0x28, 0x2A, 0x1F, 0x6E,
    0xA9, 0x9B, 0xAB, 0x68, 0x00, 0x02, 0x00, 0x00, 0x00, 0x00, 0x02, 0x00, 0x59, 0xAA, 0x9C, 0xA9, 0x69, 0x1F, 0x2A, 0x28, 0x28, 0x28, 0x28, 0x28,
    0x28, 0x28, 0x28, 0x28, 0x27, 0x39, 0x47, 0x4E, 0x4D, 0x4E, 0x4E, 0x4E, 0x4E, 0x4E, 0x4E, 0x4E, 0x4E, 0x4E, 0x4E, 0x4E, 0x4E, 0x4E, 0x4E, 0x4E,
    0x4E, 0x4E, 0x4E, 0x4E, 0x4E, 0x4E, 0x4E, 0x4E, 0x4E, 0x4E, 0x4E, 0x4E, 0x4E, 0x4E, 0x4E, 0x4E, 0x4E, 0x4E, 0x4E, 0x4E, 0x4E, 0x4E, 0x4E, 0x4E,
    0x4E, 0x4E, 0x4E, 0x4E, 0x4E, 0x4E, 0x4E, 0x4E, 0x4E, 0x4E, 0x4E, 0x4E, 0x4E, 0x4E, 0x4E, 0x4E, 0x4E, 0x4E, 0x4E, 0x4E, 0x4E, 0x4E, 0x4E, 0x4E,
    0x4E, 0x4E, 0x4E, 0x4E, 0x4E, 0x4E, 0x4E, 0x4E, 0x4E, 0x4E, 0x4E, 0x4E, 0x4E, 0x4E, 0x4E, 0x4E, 0x4E, 0x4E, 0x4E, 0x4E, 0x4E, 0x4E, 0x4E, 0x4E,
    0x4E, 0x4E, 0x4E, 0x4E, 0x4E, 0x4E, 0x4E, 0x4E, 0x4E, 0x4E, 0x4E, 0x4E, 0x4E, 0x4E, 0x4E, 0x4E, 0x4E, 0x4E, 0x4E, 0x4E, 0x4E, 0x4E, 0x4E, 0x4E,
    0x4E, 0x4E, 0x4E, 0x4E, 0x4E, 0x4E, 0x4E, 0x4E, 0x4E, 0x4E, 0x4E, 0x4E, 0x4E, 0x4E, 0x4E, 0x4E, 0x4E, 0x4E, 0x4E, 0x4E, 0x4E, 0x4E, 0x4E, 0x4E,
    0x4E, 0x4E, 0x4E, 0x4E, 0x4E, 0x4E, 0x4E, 0x4E, 0x4E, 0x4E, 0x4E, 0x4E, 0x4E, 0x4E, 0x4E, 0x4E, 0x4E, 0x4E, 0x4E, 0x4E, 0x4E, 0x4E, 0x4E, 0x4E,
    0x4E, 0x4E, 0x4E, 0x4E, 0x4E, 0x4E, 0x4E, 0x4E, 0x4E, 0x4E, 0x4E, 0x4E, 0x4E, 0x4E, 0x4E, 0x4E, 0x4E, 0x4E, 0x4E, 0x4E, 0x4E, 0x4E, 0x4E, 0x4E,
    0x4E, 0x4E, 0x4E, 0x4E, 0x4E, 0x4E, 0x4E, 0x4E, 0x4E, 0x4E, 0x4E, 0x4E, 0x4E, 0x4E, 0x4E, 0x4E, 0x4E, 0x4E, 0x4E, 0x4E, 0x4E, 0x4E, 0x4E, 0x4E,
    0x4E, 0x4E, 0x4E, 0x4E, 0x4E, 0x4E, 0x4E, 0x4E, 0x4E, 0x4E, 0x4E, 0x4E, 0x4E, 0x4E, 0x4E, 0x4E, 0x4E, 0x4E, 0x4E, 0x4E, 0x4E, 0x4E, 0x4E, 0x4E,
    0x4E, 0x4E, 0x4E, 0x4E, 0x4E, 0x4E, 0x4E, 0x4E, 0x4E, 0x4E, 0x4E, 0x4E, 0x4E, 0x4E, 0x4E, 0x4E, 0x4E, 0x4E, 0x4E, 0x4E, 0x4E, 0x4E, 0x4E, 0x4E,
    0x4E, 0x4E, 0x4E, 0x4E, 0x4E, 0x4E, 0x4E, 0x4E, 0x4E, 0x4E, 0x4E, 0x4E, 0x4E, 0x4E, 0x4E, 0x4E, 0x4E, 0x4E, 0x4E, 0x4E, 0x4E, 0x4E, 0x4E, 0x4E,
    0x4E, 0x4E, 0x4E, 0x4E, 0x4E, 0x4E, 0x4E, 0x4E, 0x4E, 0x4E, 0x4E, 0x4E, 0x4E, 0x4E, 0x4E, 0x4E, 0x4E, 0x4E, 0x4E, 0x4E, 0x4E, 0x4E, 0x4E, 0x4E,
    0x4E, 0x4E, 0x4E, 0x4E, 0x4E, 0x4E, 0x4E, 0x4E, 0x4E, 0x4E, 0x4E, 0x4E, 0x4E, 0x4E, 0x4E, 0x4E, 0x4E, 0x4E, 0x4E, 0x4E, 0x4E, 0x4E, 0x4E, 0x4E,
    0x4E, 0x4E, 0x4E, 0x4E, 0x4E, 0x4E, 0x4E, 0x4E, 0x4E, 0x4E, 0x4E, 0x4E, 0x4E, 0x4E, 0x4E, 0x4E, 0x4E, 0x4E, 0x4E, 0x4E, 0x4E, 0x4E, 0x4E, 0x4E,
    0x4E, 0x4E, 0x4E, 0x4E, 0x4E, 0x4E, 0x4E, 0x4E, 0x4E, 0x4E, 0x4E, 0x4E, 0x4E, 0x4E, 0x4E, 0x4E, 0x4E, 0x4E, 0x4E, 0x4E, 0x4E, 0x4E, 0x4E, 0x4E,
    0x4E, 0x4E, 0x4E, 0x4E, 0x4E, 0x4E, 0x4E, 0x4E, 0x4E, 0x4E, 0x4E, 0x4E, 0x4E, 0x4E, 0x4E, 0x4E, 0x4E, 0x4E, 0x4E, 0x4E, 0x4E, 0x4E, 0x4E, 0x4E,
    0x4E, 0x4E, 0x4E, 0x4E, 0x4E, 0x4E, 0x4E, 0x4E, 0x4E, 0x4E, 0x4E, 0x4E, 0x4E, 0x4E, 0x4E, 0x4E, 0x4E, 0x4E, 0x4E, 0x4E, 0x4E, 0x4E, 0x4E, 0x4E,
    0x4E, 0x4E, 0x4E, 0x4E, 0x4E, 0x4E, 0x4E, 0x4E, 0x4E, 0x4E, 0x4E, 0x4E, 0x4E, 0x4E, 0x4E, 0x4E, 0x4E, 0x4E, 0x4E, 0x4E, 0x4E, 0x4E, 0x4E, 0x4E,
    0x4E, 0x4E, 0x4E, 0x4E, 0x4E, 0x4E, 0x4E, 0x4E, 0x4E, 0x4E, 0x4E, 0x4E, 0x4E, 0x4E, 0x4E, 0x4E, 0x4E, 0x4E, 0x4E, 0x4E, 0x4E, 0x4E, 0x4E, 0x4E,
    0x4E, 0x4E, 0x4E, 0x4E, 0x4E, 0x4E, 0x4E, 0x4E, 0x4E, 0x4E, 0x4E, 0x4E, 0x4E, 0x4E, 0x4E, 0x4E, 0x4E, 0x4E, 0x4E, 0x4E, 0x4E, 0x4E, 0x4E, 0x4E,
    0x4E, 0x4E, 0x4E, 0x4E, 0x4E, 0x4E, 0x4E, 0x4E, 0x4E, 0x4E, 0x4E, 0x4E, 0x4E, 0x4E, 0x4E, 0x4D, 0x4E, 0x4B, 0x3F, 0x2B, 0x26, 0x29, 0x28, 0x28,
    0x28, 0x28, 0x28, 0x28, 0x28, 0x2A, 0x22, 0x42, 0xA4, 0x9E, 0xA5, 0x88, 0x06, 0x01, 0x01, 0x00, 0x00, 0x00, 0x02, 0x01, 0x71, 0xA9, 0x9C, 0xA7,
    0x4C, 0x21, 0x2A, 0x28, 0x28, 0x28, 0x28, 0x28, 0x28, 0x28, 0x28, 0x26, 0x42, 0x54, 0x52, 0x51, 0x51, 0x51, 0x51, 0x51, 0x51, 0x51, 0x51, 0x51,
    0x51, 0x51, 0x51, 0x51, 0x51, 0x51, 0x51, 0x51, 0x51, 0x51, 0x51, 0x51, 0x51, 0x51, 0x51, 0x51, 0x51, 0x51, 0x51, 0x51, 0x51, 0x51, 0x51, 0x51,
    0x51, 0x51, 0x51, 0x51, 0x51, 0x51, 0x51, 0x51, 0x51, 0x51, 0x51, 0x51, 0x51, 0x51, 0x51, 0x51, 0x51, 0x51, 0x51, 0x51, 0x51, 0x51, 0x51, 0x51,
    0x51, 0x51, 0x51, 0x51, 0x51, 0x51, 0x51, 0x51, 0x51, 0x51, 0x51, 0x51, 0x51, 0x51, 0x51, 0x51, 0x51, 0x51, 0x51, 0x51, 0x51, 0x51, 0x51, 0x51,
    0x51, 0x51, 0x51, 0x51, 0x51, 0x51, 0x51, 0x51, 0x51, 0x51, 0x51, 0x51, 0x51, 0x51, 0x51, 0x51, 0x51, 0x51, 0x51, 0x51, 0x51, 0x51, 0x51, 0x51,
    0x51, 0x51, 0x51, 0x51, 0x51, 0x51, 0x51, 0x51, 0x51, 0x51, 0x51, 0x51, 0x51, 0x51, 0x51, 0x51, 0x51, 0x51, 0x51, 0x51, 0x51, 0x51, 0x51, 0x51,
    0x51, 0x51, 0x51, 0x51, 0x51, 0x51, 0x51, 0x51, 0x51, 0x51, 0x51, 0x51, 0x51, 0x51, 0x51, 0x51, 0x51, 0x51, 0x51, 0x51, 0x51, 0x51, 0x51, 0x51,
    0x51, 0x51, 0x51, 0x51, 0x51, 0x51, 0x51, 0x51, 0x51, 0x51, 0x51, 0x51, 0x51, 0x51, 0x51, 0x51, 0x51, 0x51, 0x51, 0x51, 0x51, 0x51, 0x51, 0x51,
    0x51, 0x51, 0x51, 0x51, 0x51, 0x51, 0x51, 0x51, 0x51, 0x51, 0x51, 0x51, 0x51, 0x51, 0x51, 0x51, 0x51, 0x51, 0x51, 0x51, 0x51, 0x51, 0x51, 0x51,
    0x51, 0x51, 0x51, 0x51, 0x51, 0x51, 0x51, 0x51, 0x51, 0x51, 0x51, 0x51, 0x51, 0x51, 0x51, 0x51, 0x51, 0x51, 0x51, 0x51, 0x51, 0x51, 0x51, 0x51,
    0x51, 0x51, 0x51, 0x51, 0x51, 0x51, 0x51, 0x51, 0x51, 0x51, 0x51, 0x51, 0x51, 0x51, 0x51, 0x51, 0x51, 0x51, 0x51, 0x51, 0x51, 0x51, 0x51, 0x51,
    0x51, 0x51, 0x51, 0x51, 0x51, 0x51, 0x51, 0x51, 0x51, 0x51, 0x51, 0x51, 0x51, 0x51, 0x51, 0x51, 0x51, 0x51, 0x51, 0x51, 0x51, 0x51, 0x51, 0x51,
    0x51, 0x51, 0x51, 0x51, 0x51, 0x51, 0x51, 0x51, 0x51, 0x51, 0x51, 0x51, 0x51, 0x51, 0x51, 0x51, 0x51, 0x51, 0x51, 0x51, 0x51, 0x51, 0x51, 0x51,
    0x51, 0x51, 0x51, 0x51, 0x51, 0x51, 0x51, 0x51, 0x51, 0x51, 0x51, 0x51, 0x51, 0x51, 0x51, 0x51, 0x51, 0x51, 0x51, 0x51, 0x51, 0x51, 0x51, 0x51,
    0x51, 0x51, 0x51, 0x51, 0x51, 0x51, 0x51, 0x51, 0x51, 0x51, 0x51, 0x51, 0x51, 0x51, 0x51, 0x51, 0x51, 0x51, 0x51, 0x51, 0x51, 0x51, 0x51, 0x51,
    0x51, 0x51, 0x51, 0x51, 0x51, 0x51, 0x51, 0x51, 0x51, 0x51, 0x51, 0x51, 0x51, 0x51, 0x51, 0x51, 0x51, 0x51, 0x51, 0x51, 0x51, 0x51, 0x51, 0x51,
    0x51, 0x51, 0x51, 0x51, 0x51, 0x51, 0x51, 0x51, 0x51, 0x51, 0x51, 0x51, 0x51, 0x51, 0x51, 0x51, 0x51, 0x51, 0x51, 0x51, 0x51, 0x51, 0x51, 0x51,
    0x51, 0x51, 0x51, 0x51, 0x51, 0x51, 0x51, 0x51, 0x51, 0x51, 0x51, 0x51, 0x51, 0x51, 0x51, 0x51, 0x51, 0x51, 0x51, 0x51, 0x51, 0x51, 0x51, 0x51,
    0x51, 0x51, 0x51, 0x51, 0x51, 0x51, 0x51, 0x51, 0x51, 0x51, 0x51, 0x51, 0x51, 0x51, 0x51, 0x51, 0x51, 0x51, 0x51, 0x51, 0x51, 0x51, 0x51, 0x51,
    0x51, 0x51, 0x51, 0x51, 0x51, 0x51, 0x51, 0x51, 0x51, 0x51, 0x51, 0x51, 0x51, 0x51, 0x51, 0x51, 0x51, 0x51, 0x51, 0x51, 0x51, 0x51, 0x51, 0x51,
    0x51, 0x51, 0x51, 0x51, 0x51, 0x51, 0x51, 0x51, 0x51, 0x51, 0x51, 0x51, 0x51, 0x51, 0x51, 0x51, 0x51, 0x51, 0x51, 0x51, 0x51, 0x51, 0x51, 0x51,
    0x51, 0x51, 0x51, 0x51, 0x51, 0x51, 0x51, 0x51, 0x51, 0x51, 0x51, 0x51, 0x51, 0x51, 0x51, 0x51, 0x51, 0x51, 0x51, 0x51, 0x51, 0x51, 0x51, 0x51,
    0x51, 0x51, 0x54, 0x4C, 0x2C, 0x26, 0x29, 0x28, 0x28, 0x28, 0x28, 0x28, 0x28, 0x29, 0x27, 0x2D, 0x96, 0xA2, 0xA1, 0x9A, 0x0D, 0x00, 0x01, 0x00,
    0x00, 0x01, 0x00, 0x09, 0x93, 0xA2, 0xA1, 0x9A, 0x32, 0x26, 0x29, 0x28, 0x28, 0x28, 0x28, 0x28, 0x28, 0x28, 0x27, 0x42, 0x54, 0x4F, 0x50, 0x50,
    0x50, 0x50, 0x50, 0x50, 0x50, 0x50, 0x50, 0x50, 0x50, 0x50, 0x50, 0x50, 0x50, 0x50, 0x50, 0x50, 0x50, 0x50, 0x50, 0x50, 0x50, 0x50, 0x50, 0x50,
    0x50, 0x50, 0x50, 0x50, 0x50, 0x50, 0x50, 0x50, 0x50, 0x50, 0x50, 0x50, 0x50, 0x50, 0x50, 0x50, 0x50, 0x50, 0x50, 0x50, 0x50, 0x50, 0x50, 0x50,
    0x50, 0x50, 0x50, 0x50, 0x50, 0x50, 0x50, 0x50, 0x50, 0x50, 0x50, 0x50, 0x50, 0x50, 0x50, 0x50, 0x50, 0x50, 0x50, 0x50, 0x50, 0x50, 0x50, 0x50,
    0x50, 0x50, 0x50, 0x50, 0x50, 0x50, 0x50, 0x50, 0x50, 0x50, 0x50, 0x50, 0x50, 0x50, 0x50, 0x50, 0x50, 0x50, 0x50, 0x50, 0x50, 0x50, 0x50, 0x50,
    0x50, 0x50, 0x50, 0x50, 0x50, 0x50, 0x50, 0x50, 0x50, 0x50, 0x50, 0x50, 0x50, 0x50, 0x50, 0x50, 0x50, 0x50, 0x50, 0x50, 0x50, 0x50, 0x50, 0x50,
    0x50, 0x50, 0x50, 0x50, 0x50, 0x50, 0x50, 0x50, 0x50, 0x50, 0x50, 0x50, 0x50, 0x50, 0x50, 0x50, 0x50, 0x50, 0x50, 0x50, 0x50, 0x50, 0x50, 0x50,
    0x50, 0x50, 0x50, 0x50, 0x50, 0x50, 0x50, 0x50, 0x50, 0x50, 0x50, 0x50, 0x50, 0x50, 0x50, 0x50, 0x50, 0x50, 0x50, 0x50, 0x50, 0x50, 0x50, 0x50,
    0x50, 0x50, 0x50, 0x50, 0x50, 0x50, 0x50, 0x50, 0x50, 0x50, 0x50, 0x50, 0x50, 0x50, 0x50, 0x50, 0x50, 0x50, 0x50, 0x50, 0x50, 0x50, 0x50, 0x50,
    0x50, 0x50, 0x50, 0x50, 0x50, 0x50, 0x50, 0x50, 0x50, 0x50, 0x50, 0x50, 0x50, 0x50, 0x50, 0x50, 0x50, 0x50, 0x50, 0x50, 0x50, 0x50, 0x50, 0x50,
    0x50, 0x50, 0x50, 0x50, 0x50, 0x50, 0x50, 0x50, 0x50, 0x50, 0x50, 0x50, 0x50, 0x50, 0x50, 0x50, 0x50, 0x50, 0x50, 0x50, 0x50, 0x50, 0x50, 0x50,
    0x50, 0x50, 0x50, 0x50, 0x50, 0x50, 0x50, 0x50, 0x50, 0x50, 0x50, 0x50, 0x50, 0x50, 0x50, 0x50, 0x50, 0x50, 0x50, 0x50, 0x50, 0x50, 0x50, 0x50,
    0x50, 0x50, 0x50, 0x50, 0x50, 0x50, 0x50, 0x50, 0x50, 0x50, 0x50, 0x50, 0x50, 0x50, 0x50, 0x50, 0x50, 0x50, 0x50, 0x50, 0x50, 0x50, 0x50, 0x50,
    0x50, 0x50, 0x50, 0x50, 0x50, 0x50, 0x50, 0x50, 0x50, 0x50, 0x50, 0x50, 0x50, 0x50, 0x50, 0x50, 0x50, 0x50, 0x50, 0x50, 0x50, 0x50, 0x50, 0x50,
    0x50, 0x50, 0x50, 0x50, 0x50, 0x50, 0x50, 0x50, 0x50, 0x50, 0x50, 0x50, 0x50, 0x50, 0x50, 0x50, 0x50, 0x50, 0x50, 0x50, 0x50, 0x50, 0x50, 0x50,
    0x50, 0x50, 0x50, 0x50, 0x50, 0x50, 0x50, 0x50, 0x50, 0x50, 0x50, 0x50, 0x50, 0x50, 0x50, 0x50, 0x50, 0x50, 0x50, 0x50, 0x50, 0x50, 0x50, 0x50,
    0x50, 0x50, 0x50, 0x50, 0x50, 0x50, 0x50, 0x50, 0x50, 0x50, 0x50, 0x50, 0x50, 0x50, 0x50, 0x50, 0x50, 0x50, 0x50, 0x50, 0x50, 0x50, 0x50, 0x50,
    0x50, 0x50, 0x50, 0x50, 0x50, 0x50, 0x50, 0x50, 0x50, 0x50, 0x50, 0x50, 0x50, 0x50, 0x50, 0x50, 0x50, 0x50, 0x50, 0x50, 0x50, 0x50, 0x50, 0x50,
    0x50, 0x50, 0x50, 0x50, 0x50, 0x50, 0x50, 0x50, 0x50, 0x50, 0x50, 0x50, 0x50, 0x50, 0x50, 0x50, 0x50, 0x50, 0x50, 0x50, 0x50, 0x50, 0x50, 0x50,
    0x50, 0x50, 0x50, 0x50, 0x50, 0x50, 0x50, 0x50, 0x50, 0x50, 0x50, 0x50, 0x50, 0x50, 0x50, 0x50, 0x50, 0x50, 0x50, 0x50, 0x50, 0x50, 0x50, 0x50,
    0x50, 0x50, 0x50, 0x50, 0x50, 0x50, 0x50, 0x50, 0x50, 0x50, 0x50, 0x50, 0x50, 0x50, 0x50, 0x50, 0x50, 0x50, 0x50, 0x50, 0x50, 0x50, 0x50, 0x50,
    0x50, 0x50, 0x50, 0x50, 0x50, 0x50, 0x50, 0x50, 0x50, 0x50, 0x50, 0x50, 0x50, 0x50, 0x50, 0x50, 0x50, 0x50, 0x50, 0x50, 0x50, 0x50, 0x50, 0x50,
    0x50, 0x50, 0x50, 0x50, 0x50, 0x50, 0x50, 0x50, 0x50, 0x50, 0x4F, 0x52, 0x4C, 0x2C, 0x27, 0x28, 0x28, 0x28, 0x28, 0x28, 0x28, 0x28, 0x2A, 0x21,
    0x7A, 0xA7, 0x9C, 0xA8, 0x32, 0x00, 0x02, 0x00, 0x00, 0x01, 0x00, 0x0A, 0x97, 0xA2, 0xA1, 0x99, 0x2E, 0x26, 0x29, 0x28, 0x28, 0x28, 0x28, 0x28,
    0x29, 0x25, 0x39, 0x55, 0x4F, 0x50, 0x50, 0x50, 0x50, 0x50, 0x50, 0x50, 0x50, 0x50, 0x50, 0x50, 0x50, 0x50, 0x50, 0x50, 0x50, 0x50, 0x50, 0x50,
    0x50, 0x50, 0x50, 0x50, 0x50, 0x50, 0x50, 0x50, 0x50, 0x50, 0x50, 0x50, 0x50, 0x50, 0x50, 0x50, 0x50, 0x50, 0x50, 0x50, 0x50, 0x50, 0x50, 0x50,
    0x50, 0x50, 0x50, 0x50, 0x50, 0x50, 0x50, 0x50, 0x50, 0x50, 0x50, 0x50, 0x50, 0x50, 0x50, 0x50, 0x50, 0x50, 0x50, 0x50, 0x50, 0x50, 0x50, 0x50,
    0x50, 0x50, 0x50, 0x50, 0x50, 0x50, 0x50, 0x50, 0x50, 0x50, 0x50, 0x50, 0x50, 0x50, 0x50, 0x50, 0x50, 0x50, 0x50, 0x50, 0x51, 0x52, 0x4F, 0x4E,
    0x4E, 0x4E, 0x52, 0x52, 0x51, 0x50, 0x50, 0x50, 0x50, 0x50, 0x50, 0x50, 0x50, 0x50, 0x50, 0x50, 0x50, 0x50, 0x50, 0x50, 0x50, 0x50, 0x50, 0x50,
    0x50, 0x50, 0x50, 0x50, 0x50, 0x50, 0x50, 0x50, 0x50, 0x50, 0x50, 0x50, 0x50, 0x50, 0x50, 0x50, 0x50, 0x50, 0x50, 0x50, 0x50, 0x50, 0x50, 0x50,
    0x50, 0x50, 0x50, 0x50, 0x51, 0x52, 0x4F, 0x4E, 0x4E, 0x4E, 0x52, 0x52, 0x51, 0x50, 0x50, 0x50, 0x50, 0x50, 0x50, 0x50, 0x50, 0x50, 0x50, 0x50,
    0x50, 0x50, 0x50, 0x50, 0x50, 0x50, 0x50, 0x50, 0x50, 0x50, 0x50, 0x50, 0x50, 0x50, 0x50, 0x50, 0x50, 0x50, 0x50, 0x50, 0x50, 0x50, 0x50, 0x50,
    0x50, 0x50, 0x50, 0x50, 0x50, 0x50, 0x50, 0x50, 0x50, 0x50, 0x50, 0x50, 0x51, 0x52, 0x4F, 0x4E, 0x4E, 0x4E, 0x52, 0x52, 0x51, 0x50, 0x50, 0x50,
    0x50, 0x50, 0x50, 0x50, 0x50, 0x50, 0x50, 0x50, 0x50, 0x50, 0x50, 0x50, 0x50, 0x50, 0x50, 0x50, 0x50, 0x50, 0x50, 0x50, 0x50, 0x50, 0x50, 0x50,
    0x50, 0x50, 0x50, 0x50, 0x50, 0x50, 0x50, 0x50, 0x50, 0x50, 0x50, 0x50, 0x50, 0x50, 0x50, 0x50, 0x50, 0x50, 0x50, 0x50, 0x51, 0x52, 0x4F, 0x4E,
    0x4E, 0x4E, 0x52, 0x52, 0x51, 0x50, 0x50, 0x50, 0x50, 0x50, 0x50, 0x50, 0x50, 0x50, 0x50, 0x50, 0x50, 0x50, 0x50, 0x50, 0x50, 0x50, 0x50, 0x50,
    0x50, 0x50, 0x50, 0x50, 0x50, 0x50, 0x50, 0x50, 0x50, 0x50, 0x50, 0x50, 0x50, 0x50, 0x50, 0x50, 0x50, 0x50, 0x50, 0x50, 0x50, 0x50, 0x50, 0x50,
    0x50, 0x50, 0x50, 0x50, 0x51, 0x52, 0x4F, 0x4E, 0x4E, 0x4E, 0x52, 0x52, 0x51, 0x50, 0x50, 0x50, 0x50, 0x50, 0x50, 0x50, 0x50, 0x50, 0x50, 0x50,
    0x50, 0x50, 0x50, 0x50, 0x50, 0x50, 0x50, 0x50, 0x50, 0x50, 0x50, 0x50, 0x50, 0x50, 0x50, 0x50, 0x50, 0x50, 0x50, 0x50, 0x50, 0x50, 0x50, 0x50,
    0x50, 0x50, 0x50, 0x50, 0x50, 0x50, 0x50, 0x50, 0x50, 0x50, 0x50, 0x50, 0x51, 0x52, 0x4F, 0x4E, 0x4E, 0x4E, 0x52, 0x52, 0x51, 0x50, 0x50, 0x50,
    0x50, 0x50, 0x50, 0x50, 0x50, 0x50, 0x50, 0x50, 0x50, 0x50, 0x50, 0x50, 0x50, 0x50, 0x50, 0x50, 0x50, 0x50, 0x50, 0x50, 0x50, 0x50, 0x50, 0x50,
    0x50, 0x50, 0x50, 0x50, 0x50, 0x50, 0x50, 0x50, 0x50, 0x50, 0x50, 0x50, 0x50, 0x50, 0x50, 0x50, 0x50, 0x50, 0x50, 0x50, 0x51, 0x52, 0x4F, 0x4E,
    0x4E, 0x4E, 0x52, 0x52, 0x51, 0x50, 0x50, 0x50, 0x50, 0x50, 0x50, 0x50, 0x50, 0x50, 0x50, 0x50, 0x50, 0x50, 0x50, 0x50, 0x50, 0x50, 0x50, 0x50,
    0x50, 0x50, 0x50, 0x50, 0x50, 0x50, 0x50, 0x50, 0x50, 0x50, 0x50, 0x50, 0x50, 0x50, 0x50, 0x50, 0x50, 0x50, 0x50, 0x50, 0x50, 0x50, 0x50, 0x50,
    0x50, 0x50, 0x50, 0x50, 0x50, 0x50, 0x50, 0x50, 0x50, 0x50, 0x50, 0x50, 0x50, 0x50, 0x50, 0x50, 0x50, 0x50, 0x50, 0x50, 0x50, 0x50, 0x50, 0x50,
    0x50, 0x50, 0x50, 0x50, 0x50, 0x50, 0x50, 0x50, 0x50, 0x50, 0x50, 0x50, 0x50, 0x50, 0x50, 0x50, 0x50, 0x50, 0x50, 0x4F, 0x54, 0x47, 0x26, 0x29,
    0x28, 0x28, 0x28, 0x28, 0x28, 0x28, 0x2A, 0x20, 0x77, 0xA8, 0x9C, 0xAA, 0x36, 0x00, 0x02, 0x00, 0x00, 0x01, 0x00, 0x0A, 0x96, 0xA2, 0xA1, 0x99,
    0x2F, 0x26, 0x29, 0x28, 0x28, 0x28, 0x28, 0x28, 0x28, 0x27, 0x48, 0x52, 0x4F, 0x50, 0x50, 0x50, 0x50, 0x50, 0x50, 0x50, 0x50, 0x50, 0x50, 0x50,
    0x50, 0x50, 0x50, 0x50, 0x50, 0x50, 0x50, 0x50, 0x50, 0x50, 0x50, 0x50, 0x50, 0x50, 0x50, 0x50, 0x50, 0x50, 0x50, 0x50, 0x50, 0x50, 0x50, 0x50,
    0x50, 0x50, 0x50, 0x50, 0x50, 0x50, 0x50, 0x50, 0x50, 0x50, 0x50, 0x50, 0x50, 0x50, 0x50, 0x50, 0x50, 0x50, 0x50, 0x50, 0x50, 0x50, 0x50, 0x50,
    0x50, 0x50, 0x50, 0x50, 0x50, 0x50, 0x50, 0x50, 0x50, 0x50, 0x50, 0x50, 0x50, 0x50, 0x50, 0x50, 0x50, 0x50, 0x50, 0x50, 0x50, 0x50, 0x50, 0x50,
    0x50, 0x50, 0x52, 0x50, 0x4A, 0x46, 0x53, 0x59, 0x58, 0x57, 0x48, 0x48, 0x4E, 0x52, 0x50, 0x50, 0x50, 0x50, 0x50, 0x50, 0x50, 0x50, 0x50, 0x50,
    0x50, 0x50, 0x50, 0x50, 0x50, 0x50, 0x50, 0x50, 0x50, 0x50, 0x50, 0x50, 0x50, 0x50, 0x50, 0x50, 0x50, 0x50, 0x50, 0x50, 0x50, 0x50, 0x50, 0x50,
    0x50, 0x50, 0x50, 0x50, 0x50, 0x50, 0x50, 0x50, 0x50, 0x50, 0x52, 0x50, 0x4A, 0x46, 0x53, 0x59, 0x58, 0x57, 0x48, 0x48, 0x4E, 0x52, 0x50, 0x50,
    0x50, 0x50, 0x50, 0x50, 0x50, 0x50, 0x50, 0x50, 0x50, 0x50, 0x50, 0x50, 0x50, 0x50, 0x50, 0x50, 0x50, 0x50, 0x50, 0x50, 0x50, 0x50, 0x50, 0x50,
    0x50, 0x50, 0x50, 0x50, 0x50, 0x50, 0x50, 0x50, 0x50, 0x50, 0x50, 0x50, 0x50, 0x50, 0x50, 0x50, 0x50, 0x50, 0x52, 0x50, 0x4A, 0x46, 0x53, 0x59,
    0x58, 0x57, 0x48, 0x48, 0x4E, 0x52, 0x50, 0x50, 0x50, 0x50, 0x50, 0x50, 0x50, 0x50, 0x50, 0x50, 0x50, 0x50, 0x50, 0x50, 0x50, 0x50, 0x50, 0x50,
    0x50, 0x50, 0x50, 0x50, 0x50, 0x50, 0x50, 0x50, 0x50, 0x50, 0x50, 0x50, 0x50, 0x50, 0x50, 0x50, 0x50, 0x50, 0x50, 0x50, 0x50, 0x50, 0x50, 0x50,
    0x50, 0x50, 0x52, 0x50, 0x4A, 0x46, 0x53, 0x59, 0x58, 0x57, 0x48, 0x48, 0x4E, 0x52, 0x50, 0x50, 0x50, 0x50, 0x50, 0x50, 0x50, 0x50, 0x50, 0x50,
    0x50, 0x50, 0x50, 0x50, 0x50, 0x50, 0x50, 0x50, 0x50, 0x50, 0x50, 0x50, 0x50, 0x50, 0x50, 0x50, 0x50, 0x50, 0x50, 0x50, 0x50, 0x50, 0x50, 0x50,
    0x50, 0x50, 0x50, 0x50, 0x50, 0x50, 0x50, 0x50, 0x50, 0x50, 0x52, 0x50, 0x4A, 0x46, 0x53, 0x59, 0x58, 0x57, 0x48, 0x48, 0x4E, 0x52, 0x50, 0x50,
    0x50, 0x50, 0x50, 0x50, 0x50, 0x50, 0x50, 0x50, 0x50, 0x50, 0x50, 0x50, 0x50, 0x50, 0x50, 0x50, 0x50, 0x50, 0x50, 0x50, 0x50, 0x50, 0x50, 0x50,
    0x50, 0x50, 0x50, 0x50, 0x50, 0x50, 0x50, 0x50, 0x50, 0x50, 0x50, 0x50, 0x50, 0x50, 0x50, 0x50, 0x50, 0x50, 0x52, 0x50, 0x4A, 0x46, 0x53, 0x59,
    0x58, 0x57, 0x48, 0x48, 0x4E, 0x52, 0x50, 0x50, 0x50, 0x50, 0x50, 0x50, 0x50, 0x50, 0x50, 0x50, 0x50, 0x50, 0x50, 0x50, 0x50, 0x50, 0x50, 0x50,
    0x50, 0x50, 0x50, 0x50, 0x50, 0x50, 0x50, 0x50, 0x50, 0x50, 0x50, 0x50, 0x50, 0x50, 0x50, 0x50, 0x50, 0x50, 0x50, 0x50, 0x50, 0x50, 0x50, 0x50,
    0x50, 0x50, 0x52, 0x50, 0x4A, 0x46, 0x53, 0x59, 0x58, 0x57, 0x48, 0x48, 0x4E, 0x52, 0x50, 0x50, 0x50, 0x50, 0x50, 0x50, 0x50, 0x50, 0x50, 0x50,
    0x50, 0x50, 0x50, 0x50, 0x50, 0x50, 0x50, 0x50, 0x50, 0x50, 0x50, 0x50, 0x50, 0x50, 0x50, 0x50, 0x50, 0x50, 0x50, 0x50, 0x50, 0x50, 0x50, 0x50,
    0x50, 0x50, 0x50, 0x50, 0x50, 0x50, 0x50, 0x50, 0x50, 0x50, 0x50, 0x50, 0x50, 0x50, 0x50, 0x50, 0x50, 0x50, 0x50, 0x50, 0x50, 0x50, 0x50, 0x50,
    0x50, 0x50, 0x50, 0x50, 0x50, 0x50, 0x50, 0x50, 0x50, 0x50, 0x50, 0x50, 0x50, 0x50, 0x50, 0x50, 0x50, 0x50, 0x50, 0x50, 0x50, 0x50, 0x50, 0x50,
    0x50, 0x50, 0x50, 0x50, 0x50, 0x50, 0x2E, 0x26, 0x28, 0x28, 0x28, 0x28, 0x28, 0x28, 0x2A, 0x20, 0x78, 0xA8, 0x9C, 0xAA, 0x35, 0x00, 0x02, 0x00,
    0x00, 0x01, 0x00, 0x0A, 0x96, 0xA2, 0xA1, 0x99, 0x2F, 0x26, 0x29, 0x28, 0x28, 0x28, 0x28, 0x28, 0x27, 0x2A, 0x4E, 0x51, 0x50, 0x50, 0x50, 0x50,
    0x50, 0x50, 0x50, 0x50, 0x50, 0x50, 0x50, 0x50, 0x50, 0x50, 0x50, 0x50, 0x50, 0x50, 0x50, 0x50, 0x50, 0x50, 0x50, 0x50, 0x50, 0x50, 0x50, 0x50,
    0x50, 0x50, 0x50, 0x50, 0x50, 0x50, 0x50, 0x50, 0x50, 0x50, 0x50, 0x50, 0x50, 0x50, 0x50, 0x50, 0x50, 0x50, 0x50, 0x50, 0x50, 0x50, 0x50, 0x50,
    0x50, 0x50, 0x50, 0x50, 0x50, 0x50, 0x50, 0x50, 0x50, 0x50, 0x50, 0x50, 0x50, 0x50, 0x50, 0x50, 0x50, 0x50, 0x50, 0x50, 0x50, 0x50, 0x50, 0x50,
    0x50, 0x50, 0x50, 0x50, 0x50, 0x50, 0x50, 0x50, 0x50, 0x52, 0x4A, 0x4F, 0x74, 0xA4, 0xBE, 0xCC, 0xCA, 0xC7, 0xAC, 0x87, 0x56, 0x49, 0x50, 0x51,
    0x50, 0x50, 0x50, 0x50, 0x50, 0x50, 0x50, 0x50, 0x50, 0x50, 0x50, 0x50, 0x50, 0x50, 0x50, 0x50, 0x50, 0x50, 0x50, 0x50, 0x50, 0x50, 0x50, 0x50,
    0x50, 0x50, 0x50, 0x50, 0x50, 0x50, 0x50, 0x50, 0x50, 0x50, 0x50, 0x50, 0x50, 0x50, 0x50, 0x50, 0x50, 0x52, 0x4A, 0x4F, 0x74, 0xA4, 0xBE, 0xCC,
    0xCA, 0xC7, 0xAC, 0x87, 0x56, 0x49, 0x50, 0x51, 0x50, 0x50, 0x50, 0x50, 0x50, 0x50, 0x50, 0x50, 0x50, 0x50, 0x50, 0x50, 0x50, 0x50, 0x50, 0x50,
    0x50, 0x50, 0x50, 0x50, 0x50, 0x50, 0x50, 0x50, 0x50, 0x50, 0x50, 0x50, 0x50, 0x50, 0x50, 0x50, 0x50, 0x50, 0x50, 0x50, 0x50, 0x50, 0x50, 0x50,
    0x50, 0x52, 0x4A, 0x4F, 0x74, 0xA4, 0xBE, 0xCC, 0xCA, 0xC7, 0xAC, 0x87, 0x56, 0x49, 0x50, 0x51, 0x50, 0x50, 0x50, 0x50, 0x50, 0x50, 0x50, 0x50,
    0x50, 0x50, 0x50, 0x50, 0x50, 0x50, 0x50, 0x50, 0x50, 0x50, 0x50, 0x50, 0x50, 0x50, 0x50, 0x50, 0x50, 0x50, 0x50, 0x50, 0x50, 0x50, 0x50, 0x50,
    0x50, 0x50, 0x50, 0x50, 0x50, 0x50, 0x50, 0x50, 0x50, 0x52, 0x4A, 0x4F, 0x74, 0xA4, 0xBE, 0xCC, 0xCA, 0xC7, 0xAC, 0x87, 0x56, 0x49, 0x50, 0x51,
    0x50, 0x50, 0x50, 0x50, 0x50, 0x50, 0x50, 0x50, 0x50, 0x50, 0x50, 0x50, 0x50, 0x50, 0x50, 0x50, 0x50, 0x50, 0x50, 0x50, 0x50, 0x50, 0x50, 0x50,
    0x50, 0x50, 0x50, 0x50, 0x50, 0x50, 0x50, 0x50, 0x50, 0x50, 0x50, 0x50, 0x50, 0x50, 0x50, 0x50, 0x50, 0x52, 0x4A, 0x4F, 0x74, 0xA4, 0xBE, 0xCC,
    0xCA, 0xC7, 0xAC, 0x87, 0x56, 0x49, 0x50, 0x51, 0x50, 0x50, 0x50, 0x50, 0x50, 0x50, 0x50, 0x50, 0x50, 0x50, 0x50, 0x50, 0x50, 0x50, 0x50, 0x50,
    0x50, 0x50, 0x50, 0x50, 0x50, 0x50, 0x50, 0x50, 0x50, 0x50, 0x50, 0x50, 0x50, 0x50, 0x50, 0x50, 0x50, 0x50, 0x50, 0x50, 0x50, 0x50, 0x50, 0x50,
    0x50, 0x52, 0x4A, 0x4F, 0x74, 0xA4, 0xBE, 0xCC, 0xCA, 0xC7, 0xAC, 0x87, 0x56, 0x49, 0x50, 0x51, 0x50, 0x50, 0x50, 0x50, 0x50, 0x50, 0x50, 0x50,
    0x50, 0x50, 0x50, 0x50, 0x50, 0x50, 0x50, 0x50, 0x50, 0x50, 0x50, 0x50, 0x50, 0x50, 0x50, 0x50, 0x50, 0x50, 0x50, 0x50, 0x50, 0x50, 0x50, 0x50,
    0x50, 0x50, 0x50, 0x50, 0x50, 0x50, 0x50, 0x50, 0x50, 0x52, 0x4A, 0x4F, 0x74, 0xA4, 0xBE, 0xCC, 0xCA, 0xC7, 0xAC, 0x87, 0x56, 0x49, 0x50, 0x51,
    0x50, 0x50, 0x50, 0x50, 0x50, 0x50, 0x50, 0x50, 0x50, 0x50, 0x50, 0x50, 0x50, 0x50, 0x50, 0x50, 0x50, 0x50, 0x50, 0x50, 0x50, 0x50, 0x50, 0x50,
    0x50, 0x50, 0x50, 0x50, 0x50, 0x50, 0x50, 0x50, 0x50, 0x50, 0x50, 0x50, 0x50, 0x50, 0x50, 0x50, 0x50, 0x50, 0x50, 0x51, 0x51, 0x50, 0x50, 0x50,
    0x50, 0x50, 0x50, 0x50, 0x50, 0x50, 0x50, 0x50, 0x50, 0x50, 0x50, 0x50, 0x50, 0x50, 0x50, 0x50, 0x50, 0x50, 0x50, 0x50, 0x50, 0x50, 0x50, 0x50,
    0x50, 0x50, 0x50, 0x50, 0x50, 0x50, 0x50, 0x50, 0x50, 0x50, 0x50, 0x50, 0x4F, 0x53, 0x36, 0x25, 0x29, 0x28, 0x28, 0x28, 0x28, 0x28, 0x2A, 0x20,
    0x78, 0xA8, 0x9C, 0xAA, 0x35, 0x00, 0x02, 0x00, 0x00, 0x01, 0x00, 0x0A, 0x96, 0xA2, 0xA1, 0x99, 0x2F, 0x26, 0x29, 0x28, 0x28, 0x28, 0x28, 0x28,
    0x27, 0x2A, 0x4E, 0x51, 0x50, 0x50, 0x50, 0x50, 0x50, 0x50, 0x50, 0x50, 0x50, 0x50, 0x50, 0x50, 0x50, 0x50, 0x50, 0x51, 0x51, 0x50, 0x50, 0x50,
    0x50, 0x50, 0x50, 0x50, 0x50, 0x50, 0x50, 0x50, 0x50, 0x50, 0x50, 0x50, 0x50, 0x50, 0x50, 0x50, 0x50, 0x50, 0x50, 0x50, 0x50, 0x51, 0x51, 0x50,
    0x50, 0x50, 0x50, 0x50, 0x50, 0x50, 0x50, 0x50, 0x50, 0x50, 0x50, 0x50, 0x50, 0x50, 0x50, 0x50, 0x50, 0x50, 0x50, 0x50, 0x50, 0x50, 0x50, 0x50,
    0x50, 0x50, 0x50, 0x50, 0x50, 0x50, 0x50, 0x50, 0x50, 0x50, 0x50, 0x50, 0x50, 0x50, 0x50, 0x50, 0x52, 0x49, 0x6F, 0xBD, 0xD7, 0xDB, 0xD6, 0xD4,
    0xD4, 0xD4, 0xDA, 0xD9, 0xD0, 0x89, 0x4C, 0x50, 0x51, 0x50, 0x50, 0x50, 0x50, 0x50, 0x50, 0x50, 0x50, 0x50, 0x50, 0x50, 0x50, 0x50, 0x50, 0x50,
    0x50, 0x50, 0x50, 0x50, 0x50, 0x50, 0x50, 0x50, 0x50, 0x50, 0x50, 0x50, 0x50, 0x50, 0x50, 0x50, 0x50, 0x50, 0x50, 0x50, 0x50, 0x50, 0x50, 0x50,
    0x52, 0x49, 0x6F, 0xBD, 0xD7, 0xDB, 0xD6, 0xD4, 0xD4, 0xD4, 0xDA, 0xD9, 0xD0, 0x89, 0x4C, 0x50, 0x51, 0x50, 0x50, 0x50, 0x50, 0x50, 0x50, 0x50,
    0x50, 0x50, 0x50, 0x50, 0x50, 0x50, 0x50, 0x50, 0x50, 0x50, 0x50, 0x50, 0x50, 0x50, 0x50, 0x50, 0x50, 0x50, 0x50, 0x50, 0x50, 0x50, 0x50, 0x50,
    0x50, 0x50, 0x50, 0x50, 0x50, 0x50, 0x50, 0x50, 0x52, 0x49, 0x6F, 0xBD, 0xD7, 0xDB, 0xD6, 0xD4, 0xD4, 0xD4, 0xDA, 0xD9, 0xD0, 0x89, 0x4C, 0x50,
    0x51, 0x50, 0x50, 0x50, 0x50, 0x50, 0x50, 0x50, 0x50, 0x50, 0x50, 0x50, 0x50, 0x50, 0x50, 0x50, 0x50, 0x50, 0x50, 0x50, 0x50, 0x50, 0x50, 0x50,
    0x50, 0x50, 0x50, 0x50, 0x50, 0x50, 0x50, 0x50, 0x50, 0x50, 0x50, 0x50, 0x50, 0x50, 0x50, 0x50, 0x52, 0x49, 0x6F, 0xBD, 0xD7, 0xDB, 0xD6, 0xD4,
    0xD4, 0xD4, 0xDA, 0xD9, 0xD0, 0x89, 0x4C, 0x50, 0x51, 0x50, 0x50, 0x50, 0x50, 0x50, 0x50, 0x50, 0x50, 0x50, 0x50, 0x50, 0x50, 0x50, 0x50, 0x50,
    0x50, 0x50, 0x50, 0x50, 0x50, 0x50, 0x50, 0x50, 0x50, 0x50, 0x50, 0x50, 0x50, 0x50, 0x50, 0x50, 0x50, 0x50, 0x50, 0x50, 0x50, 0x50, 0x50, 0x50,
    0x52, 0x49, 0x6F, 0xBD, 0xD7, 0xDB, 0xD6, 0xD4, 0xD4, 0xD4, 0xDA, 0xD9, 0xD0, 0x89, 0x4C, 0x50, 0x51, 0x50, 0x50, 0x50, 0x50, 0x50, 0x50, 0x50,
    0x50, 0x50, 0x50, 0x50, 0x50, 0x50, 0x50, 0x50, 0x50, 0x50, 0x50, 0x50, 0x50, 0x50, 0x50, 0x50, 0x50, 0x50, 0x50, 0x50, 0x50, 0x50, 0x50, 0x50,
    0x50, 0x50, 0x50, 0x50, 0x50, 0x50, 0x50, 0x50, 0x52, 0x49, 0x6F, 0xBD, 0xD7, 0xDB, 0xD6, 0xD4, 0xD4, 0xD4, 0xDA, 0xD9, 0xD0, 0x89, 0x4C, 0x50,
    0x51, 0x50, 0x50, 0x50, 0x50, 0x50, 0x50, 0x50, 0x50, 0x50, 0x50, 0x50, 0x50, 0x50, 0x50, 0x50, 0x50, 0x50, 0x50, 0x50, 0x50, 0x50, 0x50, 0x50,
    0x50, 0x50, 0x50, 0x50, 0x50, 0x50, 0x50, 0x50, 0x50, 0x50, 0x50, 0x50, 0x50, 0x50, 0x50, 0x50, 0x52, 0x49, 0x6F, 0xBD, 0xD7, 0xDB, 0xD6, 0xD4,
    0xD4, 0xD4, 0xDA, 0xD9, 0xD0, 0x89, 0x4C, 0x50, 0x51, 0x50, 0x50, 0x50, 0x50, 0x50, 0x50, 0x50, 0x50, 0x50, 0x50, 0x50, 0x50, 0x50, 0x50, 0x50,
    0x50, 0x50, 0x50, 0x50, 0x50, 0x50, 0x50, 0x50, 0x50, 0x50, 0x50, 0x50, 0x50, 0x50, 0x50, 0x50, 0x50, 0x50, 0x50, 0x50, 0x50, 0x50, 0x50, 0x50,
    0x50, 0x53, 0x51, 0x4D, 0x4D, 0x4F, 0x53, 0x51, 0x50, 0x50, 0x50, 0x50, 0x50, 0x50, 0x50, 0x50, 0x50, 0x50, 0x50, 0x50, 0x50, 0x50, 0x50, 0x50,
    0x50, 0x50, 0x50, 0x50, 0x50, 0x50, 0x50, 0x50, 0x50, 0x50, 0x50, 0x50, 0x50, 0x50, 0x50, 0x50, 0x50, 0x50, 0x50, 0x50, 0x4F, 0x53, 0x35, 0x25,
    0x29, 0x28, 0x28, 0x28, 0x28, 0x28, 0x2A, 0x20, 0x78, 0xA8, 0x9C, 0xAA, 0x35, 0x00, 0x02, 0x00, 0x00, 0x01, 0x00, 0x0A, 0x96, 0xA2, 0xA1, 0x99,
    0x2F, 0x26, 0x29, 0x28, 0x28, 0x28, 0x28, 0x28, 0x27, 0x2A, 0x4E, 0x51, 0x50, 0x50, 0x50, 0x50, 0x50, 0x50, 0x50, 0x50, 0x50, 0x50, 0x50, 0x50,
    0x50, 0x52, 0x51, 0x4E, 0x4E, 0x4F, 0x52, 0x51, 0x50, 0x50, 0x50, 0x50, 0x50, 0x50, 0x50, 0x50, 0x50, 0x50, 0x50, 0x50, 0x50, 0x50, 0x50, 0x50,
    0x50, 0x50, 0x50, 0x52, 0x51, 0x4E, 0x4E, 0x4F, 0x52, 0x51, 0x50, 0x50, 0x50, 0x50, 0x50, 0x50, 0x50, 0x50, 0x50, 0x50, 0x50, 0x50, 0x50, 0x50,
    0x50, 0x50, 0x50, 0x50, 0x50, 0x50, 0x50, 0x50, 0x50, 0x50, 0x50, 0x50, 0x50, 0x50, 0x50, 0x50, 0x50, 0x50, 0x50, 0x50, 0x50, 0x50, 0x50, 0x52,
    0x46, 0x7E, 0xD8, 0xD7, 0xD1, 0xD0, 0xD1, 0xD2, 0xD1, 0xD1, 0xCF, 0xD2, 0xC0, 0xE6, 0xA5, 0x4A, 0x50, 0x51, 0x50, 0x50, 0x50, 0x50, 0x50, 0x50,
    0x50, 0x50, 0x50, 0x50, 0x50, 0x50, 0x50, 0x50, 0x50, 0x50, 0x50, 0x50, 0x50, 0x50, 0x50, 0x50, 0x50, 0x50, 0x50, 0x50, 0x50, 0x50, 0x50, 0x50,
    0x50, 0x50, 0x50, 0x50, 0x50, 0x50, 0x50, 0x52, 0x46, 0x7E, 0xD8, 0xD7, 0xD1, 0xD0, 0xD1, 0xD2, 0xD1, 0xD1, 0xCF, 0xD2, 0xC0, 0xE6, 0xA5, 0x4A,
    0x50, 0x51, 0x50, 0x50, 0x50, 0x50, 0x50, 0x50, 0x50, 0x50, 0x50, 0x50, 0x50, 0x50, 0x50, 0x50, 0x50, 0x50, 0x50, 0x50, 0x50, 0x50, 0x50, 0x50,
    0x50, 0x50, 0x50, 0x50, 0x50, 0x50, 0x50, 0x50, 0x50, 0x50, 0x50, 0x50, 0x50, 0x50, 0x50, 0x52, 0x46, 0x7E, 0xD8, 0xD7, 0xD1, 0xD0, 0xD1, 0xD2,
    0xD1, 0xD1, 0xCF, 0xD2, 0xC0, 0xE6, 0xA5, 0x4A, 0x50, 0x51, 0x50, 0x50, 0x50, 0x50, 0x50, 0x50, 0x50, 0x50, 0x50, 0x50, 0x50, 0x50, 0x50, 0x50,
    0x50, 0x50, 0x50, 0x50, 0x50, 0x50, 0x50, 0x50, 0x50, 0x50, 0x50, 0x50, 0x50, 0x50, 0x50, 0x50, 0x50, 0x50, 0x50, 0x50, 0x50, 0x50, 0x50, 0x52,
    0x46, 0x7E, 0xD8, 0xD7, 0xD1, 0xD0, 0xD1, 0xD2, 0xD1, 0xD1, 0xCF, 0xD2, 0xC0, 0xE6, 0xA5, 0x4A, 0x50, 0x51, 0x50, 0x50, 0x50, 0x50, 0x50, 0x50,
    0x50, 0x50, 0x50, 0x50, 0x50, 0x50, 0x50, 0x50, 0x50, 0x50, 0x50, 0x50, 0x50, 0x50, 0x50, 0x50, 0x50, 0x50, 0x50, 0x50, 0x50, 0x50, 0x50, 0x50,
    0x50, 0x50, 0x50, 0x50, 0x50, 0x50, 0x50, 0x52, 0x46, 0x7E, 0xD8, 0xD7, 0xD1, 0xD0, 0xD1, 0xD2, 0xD1, 0xD1, 0xCF, 0xD2, 0xC0, 0xE6, 0xA5, 0x4A,
    0x50, 0x51, 0x50, 0x50, 0x50, 0x50, 0x50, 0x50, 0x50, 0x50, 0x50, 0x50, 0x50, 0x50, 0x50, 0x50, 0x50, 0x50, 0x50, 0x50, 0x50, 0x50, 0x50, 0x50,
    0x50, 0x50, 0x50, 0x50, 0x50, 0x50, 0x50, 0x50, 0x50, 0x50, 0x50, 0x50, 0x50, 0x50, 0x50, 0x52, 0x46, 0x7E, 0xD8, 0xD7, 0xD1, 0xD0, 0xD1, 0xD2,
    0xD1, 0xD1, 0xCF, 0xD2, 0xC0, 0xE6, 0xA5, 0x4A, 0x50, 0x51, 0x50, 0x50, 0x50, 0x50, 0x50, 0x50, 0x50, 0x50, 0x50, 0x50, 0x50, 0x50, 0x50, 0x50,
    0x50, 0x50, 0x50, 0x50, 0x50, 0x50, 0x50, 0x50, 0x50, 0x50, 0x50, 0x50, 0x50, 0x50, 0x50, 0x50, 0x50, 0x50, 0x50, 0x50, 0x50, 0x50, 0x50, 0x52,
    0x46, 0x7E, 0xD8, 0xD7, 0xD1, 0xD0, 0xD1, 0xD2, 0xD1, 0xD1, 0xCF, 0xD2, 0xC0, 0xE6, 0xA5, 0x4A, 0x50, 0x51, 0x50, 0x50, 0x50, 0x50, 0x50, 0x50,
    0x50, 0x50, 0x50, 0x50, 0x50, 0x50, 0x50, 0x50, 0x50, 0x50, 0x50, 0x50, 0x50, 0x50, 0x50, 0x50, 0x50, 0x50, 0x50, 0x50, 0x50, 0x50, 0x50, 0x50,
    0x50, 0x50, 0x50, 0x50, 0x50, 0x50, 0x50, 0x52, 0x4F, 0x45, 0x4C, 0x5B, 0x5B, 0x53, 0x44, 0x4B, 0x52, 0x50, 0x50, 0x50, 0x50, 0x50, 0x50, 0x50,
    0x50, 0x50, 0x50, 0x50, 0x50, 0x50, 0x50, 0x50, 0x50, 0x50, 0x50, 0x50, 0x50, 0x50, 0x50, 0x50, 0x50, 0x50, 0x50, 0x50, 0x50, 0x50, 0x50, 0x50,
    0x50, 0x50, 0x50, 0x50, 0x4F, 0x53, 0x35, 0x25, 0x29, 0x28, 0x28, 0x28, 0x28, 0x28, 0x2A, 0x20, 0x78, 0xA8, 0x9C, 0xAA, 0x35, 0x00, 0x02, 0x00,
    0x00, 0x01, 0x00, 0x0A, 0x96, 0xA2, 0xA1, 0x99, 0x2F, 0x26, 0x29, 0x28, 0x28, 0x28, 0x28, 0x28, 0x27, 0x2A, 0x4E, 0x51, 0x50, 0x50, 0x50, 0x50,
    0x50, 0x50, 0x50, 0x50, 0x50, 0x50, 0x50, 0x51, 0x50, 0x47, 0x4D, 0x58, 0x58, 0x53, 0x46, 0x4E, 0x51, 0x50, 0x50, 0x50, 0x50, 0x50, 0x50, 0x50,
    0x50, 0x50, 0x50, 0x50, 0x50, 0x50, 0x50, 0x50, 0x50, 0x51, 0x50, 0x47, 0x4D, 0x58, 0x58, 0x53, 0x46, 0x4E, 0x51, 0x50, 0x50, 0x50, 0x50, 0x50,
    0x50, 0x50, 0x50, 0x50, 0x50, 0x50, 0x50, 0x50, 0x50, 0x50, 0x50, 0x50, 0x50, 0x50, 0x50, 0x50, 0x50, 0x50, 0x50, 0x50, 0x50, 0x50, 0x50, 0x50,
    0x50, 0x50, 0x50, 0x50, 0x50, 0x50, 0x52, 0x49, 0x7E, 0xD8, 0xD2, 0xD0, 0xD2, 0xD2, 0xD2, 0xD2, 0xD2, 0xD0, 0xD8, 0xBC, 0x3E, 0x7A, 0xDF, 0xA4,
    0x4C, 0x51, 0x50, 0x50, 0x50, 0x50, 0x50, 0x50, 0x50, 0x50, 0x50, 0x50, 0x50, 0x50, 0x50, 0x50, 0x50, 0x50, 0x50, 0x50, 0x50, 0x50, 0x50, 0x50,
    0x50, 0x50, 0x50, 0x50, 0x50, 0x50, 0x50, 0x50, 0x50, 0x50, 0x50, 0x50, 0x50, 0x50, 0x52, 0x49, 0x7E, 0xD8, 0xD2, 0xD0, 0xD2, 0xD2, 0xD2, 0xD2,
    0xD2, 0xD0, 0xD8, 0xBC, 0x3E, 0x7A, 0xDF, 0xA4, 0x4C, 0x51, 0x50, 0x50, 0x50, 0x50, 0x50, 0x50, 0x50, 0x50, 0x50, 0x50, 0x50, 0x50, 0x50, 0x50,
    0x50, 0x50, 0x50, 0x50, 0x50, 0x50, 0x50, 0x50, 0x50, 0x50, 0x50, 0x50, 0x50, 0x50, 0x50, 0x50, 0x50, 0x50, 0x50, 0x50, 0x50, 0x50, 0x52, 0x49,
    0x7E, 0xD8, 0xD2, 0xD0, 0xD2, 0xD2, 0xD2, 0xD2, 0xD2, 0xD0, 0xD8, 0xBC, 0x3E, 0x7A, 0xDF, 0xA4, 0x4C, 0x51, 0x50, 0x50, 0x50, 0x50, 0x50, 0x50,
    0x50, 0x50, 0x50, 0x50, 0x50, 0x50, 0x50, 0x50, 0x50, 0x50, 0x50, 0x50, 0x50, 0x50, 0x50, 0x50, 0x50, 0x50, 0x50, 0x50, 0x50, 0x50, 0x50, 0x50,
    0x50, 0x50, 0x50, 0x50, 0x50, 0x50, 0x52, 0x49, 0x7E, 0xD8, 0xD2, 0xD0, 0xD2, 0xD2, 0xD2, 0xD2, 0xD2, 0xD0, 0xD8, 0xBC, 0x3E, 0x7A, 0xDF, 0xA4,
    0x4C, 0x51, 0x50, 0x50, 0x50, 0x50, 0x50, 0x50, 0x50, 0x50, 0x50, 0x50, 0x50, 0x50, 0x50, 0x50, 0x50, 0x50, 0x50, 0x50, 0x50, 0x50, 0x50, 0x50,
    0x50, 0x50, 0x50, 0x50, 0x50, 0x50, 0x50, 0x50, 0x50, 0x50, 0x50, 0x50, 0x50, 0x50, 0x52, 0x49, 0x7E, 0xD8, 0xD2, 0xD0, 0xD2, 0xD2, 0xD2, 0xD2,
    0xD2, 0xD0, 0xD8, 0xBC, 0x3E, 0x7A, 0xDF, 0xA4, 0x4C, 0x51, 0x50, 0x50, 0x50, 0x50, 0x50, 0x50, 0x50, 0x50, 0x50, 0x50, 0x50, 0x50, 0x50, 0x50,
    0x50, 0x50, 0x50, 0x50, 0x50, 0x50, 0x50, 0x50, 0x50, 0x50, 0x50, 0x50, 0x50, 0x50, 0x50, 0x50, 0x50, 0x50, 0x50, 0x50, 0x50, 0x50, 0x52, 0x49,
    0x7E, 0xD8, 0xD2, 0xD0, 0xD2, 0xD2, 0xD2, 0xD2, 0xD2, 0xD0, 0xD8, 0xBC, 0x3E, 0x7A, 0xDF, 0xA4, 0x4C, 0x51, 0x50, 0x50, 0x50, 0x50, 0x50, 0x50,
    0x50, 0x50, 0x50, 0x50, 0x50, 0x50, 0x50, 0x50, 0x50, 0x50, 0x50, 0x50, 0x50, 0x50, 0x50, 0x50, 0x50, 0x50, 0x50, 0x50, 0x50, 0x50, 0x50, 0x50,
    0x50, 0x50, 0x50, 0x50, 0x50, 0x50, 0x52, 0x49, 0x7E, 0xD8, 0xD2, 0xD0, 0xD2, 0xD2, 0xD2, 0xD2, 0xD2, 0xD0, 0xD8, 0xBC, 0x3E, 0x7A, 0xDF, 0xA4,
    0x4C, 0x51, 0x50, 0x50, 0x50, 0x50, 0x50, 0x50, 0x50, 0x50, 0x50, 0x50, 0x50, 0x50, 0x50, 0x50, 0x50, 0x50, 0x50, 0x50, 0x50, 0x50, 0x50, 0x50,
    0x50, 0x50, 0x50, 0x50, 0x50, 0x50, 0x50, 0x50, 0x50, 0x50, 0x50, 0x50, 0x50, 0x50, 0x52, 0x47, 0x52, 0x91, 0xC9, 0xE3, 0xE3, 0xD6, 0xA6, 0x64,
    0x45, 0x50, 0x51, 0x50, 0x50, 0x50, 0x50, 0x50, 0x50, 0x50, 0x50, 0x50, 0x50, 0x50, 0x50, 0x50, 0x50, 0x50, 0x50, 0x50, 0x50, 0x50, 0x50, 0x50,
    0x50, 0x50, 0x50, 0x50, 0x50, 0x50, 0x50, 0x50, 0x50, 0x50, 0x50, 0x50, 0x4F, 0x53, 0x35, 0x25, 0x29, 0x28, 0x28, 0x28, 0x28, 0x28, 0x2A, 0x20,
    0x78, 0xA8, 0x9C, 0xAA, 0x35, 0x00, 0x02, 0x00, 0x00, 0x01, 0x00, 0x0A, 0x96, 0xA2, 0xA1, 0x99, 0x2F, 0x26, 0x29, 0x28, 0x28, 0x28, 0x28, 0x28,
    0x27, 0x2A, 0x4E, 0x51, 0x50, 0x50, 0x50, 0x50, 0x50, 0x50, 0x50, 0x50, 0x50, 0x50, 0x51, 0x4F, 0x4D, 0x82, 0xAE, 0xC1, 0xC2, 0xB8, 0x94, 0x5A,
    0x4B, 0x52, 0x50, 0x50, 0x50, 0x50, 0x50, 0x50, 0x50, 0x50, 0x50, 0x50, 0x50, 0x50, 0x50, 0x50, 0x51, 0x4F, 0x4D, 0x82, 0xAE, 0xC1, 0xC2, 0xB8,
    0x94, 0x5A, 0x4B, 0x52, 0x50, 0x50, 0x50, 0x50, 0x50, 0x50, 0x50, 0x50, 0x50, 0x50, 0x50, 0x50, 0x50, 0x50, 0x50, 0x50, 0x50, 0x50, 0x50, 0x50,
    0x50, 0x50, 0x50, 0x50, 0x50, 0x50, 0x50, 0x50, 0x50, 0x50, 0x50, 0x50, 0x50, 0x52, 0x4A, 0x6F, 0xD8, 0xD2, 0xD1, 0xD2, 0xD2, 0xD2, 0xD2, 0xD2,
    0xD1, 0xD2, 0xD1, 0x55, 0x2A, 0x76, 0xD7, 0xDD, 0x98, 0x48, 0x52, 0x50, 0x50, 0x50, 0x50, 0x50, 0x50, 0x50, 0x50, 0x50, 0x50, 0x50, 0x50, 0x50,
    0x50, 0x50, 0x50, 0x50, 0x50, 0x50, 0x50, 0x50, 0x50, 0x50, 0x50, 0x50, 0x50, 0x50, 0x50, 0x50, 0x50, 0x50, 0x50, 0x50, 0x50, 0x52, 0x4A, 0x6F,
    0xD8, 0xD2, 0xD1, 0xD2, 0xD2, 0xD2, 0xD2, 0xD2, 0xD1, 0xD2, 0xD1, 0x55, 0x2A, 0x76, 0xD7, 0xDD, 0x98, 0x48, 0x52, 0x50, 0x50, 0x50, 0x50, 0x50,
    0x50, 0x50, 0x50, 0x50, 0x50, 0x50, 0x50, 0x50, 0x50, 0x50, 0x50, 0x50, 0x50, 0x50, 0x50, 0x50, 0x50, 0x50, 0x50, 0x50, 0x50, 0x50, 0x50, 0x50,
    0x50, 0x50, 0x50, 0x50, 0x50, 0x52, 0x4A, 0x6F, 0xD8, 0xD2, 0xD1, 0xD2, 0xD2, 0xD2, 0xD2, 0xD2, 0xD1, 0xD2, 0xD1, 0x55, 0x2A, 0x76, 0xD7, 0xDD,
    0x98, 0x48, 0x52, 0x50, 0x50, 0x50, 0x50, 0x50, 0x50, 0x50, 0x50, 0x50, 0x50, 0x50, 0x50, 0x50, 0x50, 0x50, 0x50, 0x50, 0x50, 0x50, 0x50, 0x50,
    0x50, 0x50, 0x50, 0x50, 0x50, 0x50, 0x50, 0x50, 0x50, 0x50, 0x50, 0x50, 0x50, 0x52, 0x4A, 0x6F, 0xD8, 0xD2, 0xD1, 0xD2, 0xD2, 0xD2, 0xD2, 0xD2,
    0xD1, 0xD2, 0xD1, 0x55, 0x2A, 0x76, 0xD7, 0xDD, 0x98, 0x48, 0x52, 0x50, 0x50, 0x50, 0x50, 0x50, 0x50, 0x50, 0x50, 0x50, 0x50, 0x50, 0x50, 0x50,
    0x50, 0x50, 0x50, 0x50, 0x50, 0x50, 0x50, 0x50, 0x50, 0x50, 0x50, 0x50, 0x50, 0x50, 0x50, 0x50, 0x50, 0x50, 0x50, 0x50, 0x50, 0x52, 0x4A, 0x6F,
    0xD8, 0xD2, 0xD1, 0xD2, 0xD2, 0xD2, 0xD2, 0xD2, 0xD1, 0xD2, 0xD1, 0x55, 0x2A, 0x76, 0xD7, 0xDD, 0x98, 0x48, 0x52, 0x50, 0x50, 0x50, 0x50, 0x50,
    0x50, 0x50, 0x50, 0x50, 0x50, 0x50, 0x50, 0x50, 0x50, 0x50, 0x50, 0x50, 0x50, 0x50, 0x50, 0x50, 0x50, 0x50, 0x50, 0x50, 0x50, 0x50, 0x50, 0x50,
    0x50, 0x50, 0x50, 0x50, 0x50, 0x52, 0x4A, 0x6F, 0xD8, 0xD2, 0xD1, 0xD2, 0xD2, 0xD2, 0xD2, 0xD2, 0xD1, 0xD2, 0xD1, 0x55, 0x2A, 0x76, 0xD7, 0xDD,
    0x98, 0x48, 0x52, 0x50, 0x50, 0x50, 0x50, 0x50, 0x50, 0x50, 0x50, 0x50, 0x50, 0x50, 0x50, 0x50, 0x50, 0x50, 0x50, 0x50, 0x50, 0x50, 0x50, 0x50,
    0x50, 0x50, 0x50, 0x50, 0x50, 0x50, 0x50, 0x50, 0x50, 0x50, 0x50, 0x50, 0x50, 0x52, 0x4A, 0x6F, 0xD8, 0xD2, 0xD1, 0xD2, 0xD2, 0xD2, 0xD2, 0xD2,
    0xD1, 0xD2, 0xD1, 0x55, 0x2A, 0x76, 0xD7, 0xDD, 0x98, 0x48, 0x52, 0x50, 0x50, 0x50, 0x50, 0x50, 0x50, 0x50, 0x50, 0x50, 0x50, 0x50, 0x50, 0x50,
    0x50, 0x50, 0x50, 0x50, 0x50, 0x50, 0x50, 0x50, 0x50, 0x50, 0x50, 0x50, 0x50, 0x50, 0x50, 0x50, 0x50, 0x50, 0x50, 0x50, 0x50, 0x52, 0x4B, 0x74,
    0xD4, 0xF7, 0xF2, 0xED, 0xED, 0xF0, 0xF7, 0xE9, 0x94, 0x4E, 0x50, 0x50, 0x50, 0x50, 0x50, 0x50, 0x50, 0x50, 0x50, 0x50, 0x50, 0x50, 0x50, 0x50,
    0x50, 0x50, 0x50, 0x50, 0x50, 0x50, 0x50, 0x50, 0x50, 0x50, 0x50, 0x50, 0x50, 0x50, 0x50, 0x50, 0x50, 0x50, 0x50, 0x50, 0x4F, 0x53, 0x35, 0x25,
    0x29, 0x28, 0x28, 0x28, 0x28, 0x28, 0x2A, 0x20, 0x78, 0xA8, 0x9C, 0xAA, 0x35, 0x00, 0x02, 0x00, 0x00, 0x01, 0x00, 0x0A, 0x96, 0xA2, 0xA1, 0x99,
    0x2F, 0x26, 0x29, 0x28, 0x28, 0x28, 0x28, 0x28, 0x27, 0x2A, 0x4E, 0x51, 0x50, 0x50, 0x50, 0x50, 0x50, 0x50, 0x50, 0x50, 0x50, 0x51, 0x4F, 0x4A,
    0x9D, 0xD5, 0xCD, 0xCA, 0xCA, 0xCB, 0xD3, 0xBC, 0x5C, 0x4A, 0x52, 0x50, 0x50, 0x50, 0x50, 0x50, 0x50, 0x50, 0x50, 0x50, 0x50, 0x50, 0x50, 0x51,
    0x4F, 0x4A, 0x9D, 0xD5, 0xCD, 0xCA, 0xCA, 0xCB, 0xD3, 0xBC, 0x5C, 0x4A, 0x52, 0x50, 0x50, 0x50, 0x50, 0x50, 0x50, 0x50, 0x50, 0x50, 0x50, 0x50,
    0x50, 0x50, 0x50, 0x50, 0x50, 0x50, 0x50, 0x50, 0x50, 0x50, 0x50, 0x50, 0x50, 0x50, 0x50, 0x50, 0x50, 0x50, 0x50, 0x50, 0x51, 0x50, 0x4F, 0xBD,
    0xD7, 0xD0, 0xD2, 0xD2, 0xD2, 0xD2, 0xD2, 0xD2, 0xCF, 0xE0, 0x81, 0x29, 0x62, 0xDA, 0xD2, 0xD0, 0xD6, 0x6B, 0x4A, 0x52, 0x50, 0x50, 0x50, 0x50,
    0x50, 0x50, 0x50, 0x50, 0x50, 0x50, 0x50, 0x50, 0x50, 0x50, 0x50, 0x50, 0x50, 0x50, 0x50, 0x50, 0x50, 0x50, 0x50, 0x50, 0x50, 0x50, 0x50, 0x50,
    0x50, 0x50, 0x50, 0x50, 0x51, 0x50, 0x4F, 0xBD, 0xD7, 0xD0, 0xD2, 0xD2, 0xD2, 0xD2, 0xD2, 0xD2, 0xCF, 0xE0, 0x81, 0x29, 0x62, 0xDA, 0xD2, 0xD0,
    0xD6, 0x6B, 0x4A, 0x52, 0x50, 0x50, 0x50, 0x50, 0x50, 0x50, 0x50, 0x50, 0x50, 0x50, 0x50, 0x50, 0x50, 0x50, 0x50, 0x50, 0x50, 0x50, 0x50, 0x50,
    0x50, 0x50, 0x50, 0x50, 0x50, 0x50, 0x50, 0x50, 0x50, 0x50, 0x50, 0x50, 0x51, 0x50, 0x4F, 0xBD, 0xD7, 0xD0, 0xD2, 0xD2, 0xD2, 0xD2, 0xD2, 0xD2,
    0xCF, 0xE0, 0x81, 0x29, 0x62, 0xDA, 0xD2, 0xD0, 0xD6, 0x6B, 0x4A, 0x52, 0x50, 0x50, 0x50, 0x50, 0x50, 0x50, 0x50, 0x50, 0x50, 0x50, 0x50, 0x50,
    0x50, 0x50, 0x50, 0x50, 0x50, 0x50, 0x50, 0x50, 0x50, 0x50, 0x50, 0x50, 0x50, 0x50, 0x50, 0x50, 0x50, 0x50, 0x50, 0x50, 0x51, 0x50, 0x4F, 0xBD,
    0xD7, 0xD0, 0xD2, 0xD2, 0xD2, 0xD2, 0xD2, 0xD2, 0xCF, 0xE0, 0x81, 0x29, 0x62, 0xDA, 0xD2, 0xD0, 0xD6, 0x6B, 0x4A, 0x52, 0x50, 0x50, 0x50, 0x50,
    0x50, 0x50, 0x50, 0x50, 0x50, 0x50, 0x50, 0x50, 0x50, 0x50, 0x50, 0x50, 0x50, 0x50, 0x50, 0x50, 0x50, 0x50, 0x50, 0x50, 0x50, 0x50, 0x50, 0x50,
    0x50, 0x50, 0x50, 0x50, 0x51, 0x50, 0x4F, 0xBD, 0xD7, 0xD0, 0xD2, 0xD2, 0xD2, 0xD2, 0xD2, 0xD2, 0xCF, 0xE0, 0x81, 0x29, 0x62, 0xDA, 0xD2, 0xD0,
    0xD6, 0x6B, 0x4A, 0x52, 0x50, 0x50, 0x50, 0x50, 0x50, 0x50, 0x50, 0x50, 0x50, 0x50, 0x50, 0x50, 0x50, 0x50, 0x50, 0x50, 0x50, 0x50, 0x50, 0x50,
    0x50, 0x50, 0x50, 0x50, 0x50, 0x50, 0x50, 0x50, 0x50, 0x50, 0x50, 0x50, 0x51, 0x50, 0x4F, 0xBD, 0xD7, 0xD0, 0xD2, 0xD2, 0xD2, 0xD2, 0xD2, 0xD2,
    0xCF, 0xE0, 0x81, 0x29, 0x62, 0xDA, 0xD2, 0xD0, 0xD6, 0x6B, 0x4A, 0x52, 0x50, 0x50, 0x50, 0x50, 0x50, 0x50, 0x50, 0x50, 0x50, 0x50, 0x50, 0x50,
    0x50, 0x50, 0x50, 0x50, 0x50, 0x50, 0x50, 0x50, 0x50, 0x50, 0x50, 0x50, 0x50, 0x50, 0x50, 0x50, 0x50, 0x50, 0x50, 0x50, 0x51, 0x50, 0x4F, 0xBD,
    0xD7, 0xD0, 0xD2, 0xD2, 0xD2, 0xD2, 0xD2, 0xD2, 0xCF, 0xE0, 0x81, 0x29, 0x62, 0xDA, 0xD2, 0xD0, 0xD6, 0x6B, 0x4A, 0x52, 0x50, 0x50, 0x50, 0x50,
    0x50, 0x50, 0x50, 0x50, 0x50, 0x50, 0x50, 0x50, 0x50, 0x50, 0x50, 0x50, 0x50, 0x50, 0x50, 0x50, 0x50, 0x50, 0x50, 0x50, 0x50, 0x50, 0x50, 0x50,
    0x50, 0x50, 0x50, 0x50, 0x52, 0x48, 0x74, 0xF4, 0xF0, 0xE8, 0xE9, 0xEA, 0xEA, 0xEA, 0xE8, 0xEB, 0xFD, 0xA5, 0x44, 0x52, 0x50, 0x50, 0x50, 0x50,
    0x50, 0x50, 0x50, 0x50, 0x50, 0x50, 0x50, 0x50, 0x50, 0x50, 0x50, 0x50, 0x50, 0x50, 0x50, 0x50, 0x50, 0x50, 0x50, 0x50, 0x50, 0x50, 0x50, 0x50,
    0x50, 0x50, 0x50, 0x50, 0x4F, 0x53, 0x35, 0x25, 0x29, 0x28, 0x28, 0x28, 0x28, 0x28, 0x2A, 0x20, 0x78, 0xA8, 0x9C, 0xAA, 0x35, 0x00, 0x02, 0x00,
    0x00, 0x01, 0x00, 0x0A, 0x96, 0xA2, 0xA1, 0x99, 0x2F, 0x26, 0x29, 0x28, 0x28, 0x28, 0x28, 0x28, 0x27, 0x2A, 0x4E, 0x51, 0x50, 0x50, 0x50, 0x50,
    0x50, 0x50, 0x50, 0x50, 0x50, 0x51, 0x4D, 0x9D, 0xD2, 0xC5, 0xC7, 0xC8, 0xC8, 0xC7, 0xC4, 0xCE, 0xBC, 0x5D, 0x4D, 0x51, 0x50, 0x50, 0x50, 0x50,
    0x50, 0x50, 0x50, 0x50, 0x50, 0x50, 0x50, 0x51, 0x4D, 0x9D, 0xD2, 0xC5, 0xC7, 0xC8, 0xC8, 0xC7, 0xC4, 0xCE, 0xBC, 0x5D, 0x4D, 0x51, 0x50, 0x50,
    0x50, 0x50, 0x50, 0x50, 0x50, 0x50, 0x50, 0x50, 0x50, 0x50, 0x50, 0x50, 0x50, 0x50, 0x50, 0x50, 0x50, 0x50, 0x50, 0x50, 0x50, 0x50, 0x50, 0x50,
    0x50, 0x50, 0x50, 0x50, 0x52, 0x4A, 0x74, 0xD7, 0xD1, 0xD2, 0xD2, 0xD2, 0xD2, 0xD2, 0xD2, 0xCF, 0xDC, 0xA3, 0x35, 0x3C, 0xBD, 0xD7, 0xD0, 0xD0,
    0xDA, 0x9D, 0x49, 0x52, 0x50, 0x50, 0x50, 0x50, 0x50, 0x50, 0x50, 0x50, 0x50, 0x50, 0x50, 0x50, 0x50, 0x50, 0x50, 0x50, 0x50, 0x50, 0x50, 0x50,
    0x50, 0x50, 0x50, 0x50, 0x50, 0x50, 0x50, 0x50, 0x50, 0x50, 0x50, 0x50, 0x52, 0x4A, 0x74, 0xD7, 0xD1, 0xD2, 0xD2, 0xD2, 0xD2, 0xD2, 0xD2, 0xCF,
    0xDC, 0xA3, 0x35, 0x3C, 0xBD, 0xD7, 0xD0, 0xD0, 0xDA, 0x9D, 0x49, 0x52, 0x50, 0x50, 0x50, 0x50, 0x50, 0x50, 0x50, 0x50, 0x50, 0x50, 0x50, 0x50,
    0x50, 0x50, 0x50, 0x50, 0x50, 0x50, 0x50, 0x50, 0x50, 0x50, 0x50, 0x50, 0x50, 0x50, 0x50, 0x50, 0x50, 0x50, 0x50, 0x50, 0x52, 0x4A, 0x74, 0xD7,
    0xD1, 0xD2, 0xD2, 0xD2, 0xD2, 0xD2, 0xD2, 0xCF, 0xDC, 0xA3, 0x35, 0x3C, 0xBD, 0xD7, 0xD0, 0xD0, 0xDA, 0x9D, 0x49, 0x52, 0x50, 0x50, 0x50, 0x50,
    0x50, 0x50, 0x50, 0x50, 0x50, 0x50, 0x50, 0x50, 0x50, 0x50, 0x50, 0x50, 0x50, 0x50, 0x50, 0x50, 0x50, 0x50, 0x50, 0x50, 0x50, 0x50, 0x50, 0x50,
    0x50, 0x50, 0x50, 0x50, 0x52, 0x4A, 0x74, 0xD7, 0xD1, 0xD2, 0xD2, 0xD2, 0xD2, 0xD2, 0xD2, 0xCF, 0xDC, 0xA3, 0x35, 0x3C, 0xBD, 0xD7, 0xD0, 0xD0,
    0xDA, 0x9D, 0x49, 0x52, 0x50, 0x50, 0x50, 0x50, 0x50, 0x50, 0x50, 0x50, 0x50, 0x50, 0x50, 0x50, 0x50, 0x50, 0x50, 0x50, 0x50, 0x50, 0x50, 0x50,
    0x50, 0x50, 0x50, 0x50, 0x50, 0x50, 0x50, 0x50, 0x50, 0x50, 0x50, 0x50, 0x52, 0x4A, 0x74, 0xD7, 0xD1, 0xD2, 0xD2, 0xD2, 0xD2, 0xD2, 0xD2, 0xCF,
    0xDC, 0xA3, 0x35, 0x3C, 0xBD, 0xD7, 0xD0, 0xD0, 0xDA, 0x9D, 0x49, 0x52, 0x50, 0x50, 0x50, 0x50, 0x50, 0x50, 0x50, 0x50, 0x50, 0x50, 0x50, 0x50,
    0x50, 0x50, 0x50, 0x50, 0x50, 0x50, 0x50, 0x50, 0x50, 0x50, 0x50, 0x50, 0x50, 0x50, 0x50, 0x50, 0x50, 0x50, 0x50, 0x50, 0x52, 0x4A, 0x74, 0xD7,
    0xD1, 0xD2, 0xD2, 0xD2, 0xD2, 0xD2, 0xD2, 0xCF, 0xDC, 0xA3, 0x35, 0x3C, 0xBD, 0xD7, 0xD0, 0xD0, 0xDA, 0x9D, 0x49, 0x52, 0x50, 0x50, 0x50, 0x50,
    0x50, 0x50, 0x50, 0x50, 0x50, 0x50, 0x50, 0x50, 0x50, 0x50, 0x50, 0x50, 0x50, 0x50, 0x50, 0x50, 0x50, 0x50, 0x50, 0x50, 0x50, 0x50, 0x50, 0x50,
    0x50, 0x50, 0x50, 0x50, 0x52, 0x4A, 0x74, 0xD7, 0xD1, 0xD2, 0xD2, 0xD2, 0xD2, 0xD2, 0xD2, 0xCF, 0xDC, 0xA3, 0x35, 0x3C, 0xBD, 0xD7, 0xD0, 0xD0,
    0xDA, 0x9D, 0x49, 0x52, 0x50, 0x50, 0x50, 0x50, 0x50, 0x50, 0x50, 0x50, 0x50, 0x50, 0x50, 0x50, 0x50, 0x50, 0x50, 0x50, 0x50, 0x50, 0x50, 0x50,
    0x50, 0x50, 0x50, 0x50, 0x50, 0x50, 0x50, 0x50, 0x50, 0x50, 0x50, 0x51, 0x4F, 0x53, 0xD4, 0xF0, 0xE8, 0xEB, 0xEB, 0xEB, 0xEB, 0xEB, 0xEB, 0xEA,
    0xE9, 0xF0, 0x75, 0x48, 0x52, 0x50, 0x50, 0x50, 0x50, 0x50, 0x50, 0x50, 0x50, 0x50, 0x50, 0x50, 0x50, 0x50, 0x50, 0x50, 0x50, 0x50, 0x50, 0x50,
    0x50, 0x50, 0x50, 0x50, 0x50, 0x50, 0x50, 0x50, 0x50, 0x50, 0x50, 0x50, 0x4F, 0x53, 0x35, 0x25, 0x29, 0x28, 0x28, 0x28, 0x28, 0x28, 0x2A, 0x20,
    0x78, 0xA8, 0x9C, 0xAA, 0x35, 0x00, 0x02, 0x00, 0x00, 0x01, 0x00, 0x0A, 0x96, 0xA2, 0xA1, 0x99, 0x2F, 0x26, 0x29, 0x28, 0x28, 0x28, 0x28, 0x28,
    0x27, 0x2A, 0x4E, 0x51, 0x50, 0x50, 0x50, 0x50, 0x50, 0x50, 0x50, 0x50, 0x52, 0x47, 0x82, 0xD5, 0xC5, 0xC8, 0xC8, 0xC8, 0xC8, 0xC8, 0xC8, 0xC5,
    0xD1, 0xAB, 0x4A, 0x51, 0x50, 0x50, 0x50, 0x50, 0x50, 0x50, 0x50, 0x50, 0x50, 0x50, 0x52, 0x47, 0x82, 0xD5, 0xC5, 0xC8, 0xC8, 0xC8, 0xC8, 0xC8,
    0xC8, 0xC5, 0xD1, 0xAB, 0x4A, 0x51, 0x50, 0x50, 0x50, 0x50, 0x50, 0x50, 0x50, 0x50, 0x50, 0x50, 0x50, 0x50, 0x50, 0x50, 0x50, 0x50, 0x50, 0x50,
    0x50, 0x50, 0x50, 0x50, 0x50, 0x50, 0x50, 0x50, 0x50, 0x50, 0x50, 0x50, 0x52, 0x47, 0xA4, 0xDB, 0xD0, 0xD2, 0xD2, 0xD2, 0xD2, 0xD2, 0xD1, 0xD7,
    0xC9, 0x48, 0x2F, 0x9C, 0xDB, 0xD0, 0xD2, 0xD1, 0xD4, 0xC9, 0x55, 0x4F, 0x51, 0x50, 0x50, 0x50, 0x50, 0x50, 0x50, 0x50, 0x50, 0x50, 0x50, 0x50,
    0x50, 0x50, 0x50, 0x50, 0x50, 0x50, 0x50, 0x50, 0x50, 0x50, 0x50, 0x50, 0x50, 0x50, 0x50, 0x50, 0x50, 0x50, 0x50, 0x50, 0x52, 0x47, 0xA4, 0xDB,
    0xD0, 0xD2, 0xD2, 0xD2, 0xD2, 0xD2, 0xD1, 0xD7, 0xC9, 0x48, 0x2F, 0x9C, 0xDB, 0xD0, 0xD2, 0xD1, 0xD4, 0xC9, 0x55, 0x4F, 0x51, 0x50, 0x50, 0x50,
    0x50, 0x50, 0x50, 0x50, 0x50, 0x50, 0x50, 0x50, 0x50, 0x50, 0x50, 0x50, 0x50, 0x50, 0x50, 0x50, 0x50, 0x50, 0x50, 0x50, 0x50, 0x50, 0x50, 0x50,
    0x50, 0x50, 0x50, 0x50, 0x52, 0x47, 0xA4, 0xDB, 0xD0, 0xD2, 0xD2, 0xD2, 0xD2, 0xD2, 0xD1, 0xD7, 0xC9, 0x48, 0x2F, 0x9C, 0xDB, 0xD0, 0xD2, 0xD1,
    0xD4, 0xC9, 0x55, 0x4F, 0x51, 0x50, 0x50, 0x50, 0x50, 0x50, 0x50, 0x50, 0x50, 0x50, 0x50, 0x50, 0x50, 0x50, 0x50, 0x50, 0x50, 0x50, 0x50, 0x50,
    0x50, 0x50, 0x50, 0x50, 0x50, 0x50, 0x50, 0x50, 0x50, 0x50, 0x50, 0x50, 0x52, 0x47, 0xA4, 0xDB, 0xD0, 0xD2, 0xD2, 0xD2, 0xD2, 0xD2, 0xD1, 0xD7,
    0xC9, 0x48, 0x2F, 0x9C, 0xDB, 0xD0, 0xD2, 0xD1, 0xD4, 0xC9, 0x55, 0x4F, 0x51, 0x50, 0x50, 0x50, 0x50, 0x50, 0x50, 0x50, 0x50, 0x50, 0x50, 0x50,
    0x50, 0x50, 0x50, 0x50, 0x50, 0x50, 0x50, 0x50, 0x50, 0x50, 0x50, 0x50, 0x50, 0x50, 0x50, 0x50, 0x50, 0x50, 0x50, 0x50, 0x52, 0x47, 0xA4, 0xDB,
    0xD0, 0xD2, 0xD2, 0xD2, 0xD2, 0xD2, 0xD1, 0xD7, 0xC9, 0x48, 0x2F, 0x9C, 0xDB, 0xD0, 0xD2, 0xD1, 0xD4, 0xC9, 0x55, 0x4F, 0x51, 0x50, 0x50, 0x50,
    0x50, 0x50, 0x50, 0x50, 0x50, 0x50, 0x50, 0x50, 0x50, 0x50, 0x50, 0x50, 0x50, 0x50, 0x50, 0x50, 0x50, 0x50, 0x50, 0x50, 0x50, 0x50, 0x50, 0x50,
    0x50, 0x50, 0x50, 0x50, 0x52, 0x47, 0xA4, 0xDB, 0xD0, 0xD2, 0xD2, 0xD2, 0xD2, 0xD2, 0xD1, 0xD7, 0xC9, 0x48, 0x2F, 0x9C, 0xDB, 0xD0, 0xD2, 0xD1,
    0xD4, 0xC9, 0x55, 0x4F, 0x51, 0x50, 0x50, 0x50, 0x50, 0x50, 0x50, 0x50, 0x50, 0x50, 0x50, 0x50, 0x50, 0x50, 0x50, 0x50, 0x50, 0x50, 0x50, 0x50,
    0x50, 0x50, 0x50, 0x50, 0x50, 0x50, 0x50, 0x50, 0x50, 0x50, 0x50, 0x50, 0x52, 0x47, 0xA4, 0xDB, 0xD0, 0xD2, 0xD2, 0xD2, 0xD2, 0xD2, 0xD1, 0xD7,
    0xC9, 0x48, 0x2F, 0x9C, 0xDB, 0xD0, 0xD2, 0xD1, 0xD4, 0xC9, 0x55, 0x4F, 0x51, 0x50, 0x50, 0x50, 0x50, 0x50, 0x50, 0x50, 0x50, 0x50, 0x50, 0x50,
    0x50, 0x50, 0x50, 0x50, 0x50, 0x50, 0x50, 0x50, 0x50, 0x50, 0x50, 0x50, 0x50, 0x50, 0x50, 0x50, 0x50, 0x50, 0x50, 0x52, 0x45, 0x91, 0xF7, 0xE8,
    0xEB, 0xEB, 0xEB, 0xEB, 0xEB, 0xEB, 0xEB, 0xEB, 0xE9, 0xF4, 0xC4, 0x49, 0x51, 0x50, 0x50, 0x50, 0x50, 0x50, 0x50, 0x50, 0x50, 0x50, 0x50, 0x50,
    0x50, 0x50, 0x50, 0x50, 0x50, 0x50, 0x50, 0x50, 0x50, 0x50, 0x50, 0x50, 0x50, 0x50, 0x50, 0x50, 0x50, 0x50, 0x50, 0x50, 0x4F, 0x53, 0x35, 0x25,
    0x29, 0x28, 0x28, 0x28, 0x28, 0x28, 0x2A, 0x20, 0x78, 0xA8, 0x9C, 0xAA, 0x35, 0x00, 0x02, 0x00, 0x00, 0x01, 0x00, 0x0A, 0x96, 0xA2, 0xA1, 0x99,
    0x2F, 0x26, 0x29, 0x28, 0x28, 0x28, 0x28, 0x28, 0x27, 0x2A, 0x4E, 0x51, 0x50, 0x50, 0x50, 0x50, 0x50, 0x50, 0x50, 0x50, 0x51, 0x4D, 0xAE, 0xCD,
    0xC6, 0xC8, 0xC8, 0xC8, 0xC8, 0xC8, 0xC8, 0xC8, 0xC7, 0xC8, 0x63, 0x4C, 0x51, 0x50, 0x50, 0x50, 0x50, 0x50, 0x50, 0x50, 0x50, 0x50, 0x51, 0x4D,
    0xAE, 0xCD, 0xC6, 0xC8, 0xC8, 0xC8, 0xC8, 0xC8, 0xC8, 0xC8, 0xC7, 0xC8, 0x63, 0x4C, 0x51, 0x50, 0x50, 0x50, 0x50, 0x50, 0x50, 0x50, 0x50, 0x50,
    0x50, 0x50, 0x50, 0x50, 0x50, 0x50, 0x50, 0x50, 0x50, 0x50, 0x50, 0x50, 0x50, 0x50, 0x50, 0x50, 0x50, 0x50, 0x50, 0x51, 0x4F, 0x53, 0xBF, 0xD6,
    0xD1, 0xD2, 0xD2, 0xD2, 0xD2, 0xD2, 0xD2, 0xD7, 0x70, 0x27, 0x71, 0xDD, 0xD0, 0xD2, 0xD2, 0xD2, 0xD1, 0xD5, 0x70, 0x4A, 0x52, 0x50, 0x50, 0x50,
    0x50, 0x50, 0x50, 0x50, 0x50, 0x50, 0x50, 0x50, 0x50, 0x50, 0x50, 0x50, 0x50, 0x50, 0x50, 0x50, 0x50, 0x50, 0x50, 0x50, 0x50, 0x50, 0x50, 0x50,
    0x50, 0x50, 0x50, 0x51, 0x4F, 0x53, 0xBF, 0xD6, 0xD1, 0xD2, 0xD2, 0xD2, 0xD2, 0xD2, 0xD2, 0xD7, 0x70, 0x27, 0x71, 0xDD, 0xD0, 0xD2, 0xD2, 0xD2,
    0xD1, 0xD5, 0x70, 0x4A, 0x52, 0x50, 0x50, 0x50, 0x50, 0x50, 0x50, 0x50, 0x50, 0x50, 0x50, 0x50, 0x50, 0x50, 0x50, 0x50, 0x50, 0x50, 0x50, 0x50,
    0x50, 0x50, 0x50, 0x50, 0x50, 0x50, 0x50, 0x50, 0x50, 0x50, 0x50, 0x51, 0x4F, 0x53, 0xBF, 0xD6, 0xD1, 0xD2, 0xD2, 0xD2, 0xD2, 0xD2, 0xD2, 0xD7,
    0x70, 0x27, 0x71, 0xDD, 0xD0, 0xD2, 0xD2, 0xD2, 0xD1, 0xD5, 0x70, 0x4A, 0x52, 0x50, 0x50, 0x50, 0x50, 0x50, 0x50, 0x50, 0x50, 0x50, 0x50, 0x50,
    0x50, 0x50, 0x50, 0x50, 0x50, 0x50, 0x50, 0x50, 0x50, 0x50, 0x50, 0x50, 0x50, 0x50, 0x50, 0x50, 0x50, 0x50, 0x50, 0x51, 0x4F, 0x53, 0xBF, 0xD6,
    0xD1, 0xD2, 0xD2, 0xD2, 0xD2, 0xD2, 0xD2, 0xD7, 0x70, 0x27, 0x71, 0xDD, 0xD0, 0xD2, 0xD2, 0xD2, 0xD1, 0xD5, 0x70, 0x4A, 0x52, 0x50, 0x50, 0x50,
    0x50, 0x50, 0x50, 0x50, 0x50, 0x50, 0x50, 0x50, 0x50, 0x50, 0x50, 0x50, 0x50, 0x50, 0x50, 0x50, 0x50, 0x50, 0x50, 0x50, 0x50, 0x50, 0x50, 0x50,
    0x50, 0x50, 0x50, 0x51, 0x4F, 0x53, 0xBF, 0xD6, 0xD1, 0xD2, 0xD2, 0xD2, 0xD2, 0xD2, 0xD2, 0xD7, 0x70, 0x27, 0x71, 0xDD, 0xD0, 0xD2, 0xD2, 0xD2,
    0xD1, 0xD5, 0x70, 0x4A, 0x52, 0x50, 0x50, 0x50, 0x50, 0x50, 0x50, 0x50, 0x50, 0x50, 0x50, 0x50, 0x50, 0x50, 0x50, 0x50, 0x50, 0x50, 0x50, 0x50,
    0x50, 0x50, 0x50, 0x50, 0x50, 0x50, 0x50, 0x50, 0x50, 0x50, 0x50, 0x51, 0x4F, 0x53, 0xBF, 0xD6, 0xD1, 0xD2, 0xD2, 0xD2, 0xD2, 0xD2, 0xD2, 0xD7,
    0x70, 0x27, 0x71, 0xDD, 0xD0, 0xD2, 0xD2, 0xD2, 0xD1, 0xD5, 0x70, 0x4A, 0x52, 0x50, 0x50, 0x50, 0x50, 0x50, 0x50, 0x50, 0x50, 0x50, 0x50, 0x50,
    0x50, 0x50, 0x50, 0x50, 0x50, 0x50, 0x50, 0x50, 0x50, 0x50, 0x50, 0x50, 0x50, 0x50, 0x50, 0x50, 0x50, 0x50, 0x50, 0x51, 0x4F, 0x53, 0xBF, 0xD6,
    0xD1, 0xD2, 0xD2, 0xD2, 0xD2, 0xD2, 0xD2, 0xD7, 0x70, 0x27, 0x71, 0xDD, 0xD0, 0xD2, 0xD2, 0xD2, 0xD1, 0xD5, 0x70, 0x4A, 0x52, 0x50, 0x50, 0x50,
    0x50, 0x50, 0x50, 0x50, 0x50, 0x50, 0x50, 0x50, 0x50, 0x50, 0x50, 0x50, 0x50, 0x50, 0x50, 0x50, 0x50, 0x50, 0x50, 0x50, 0x50, 0x50, 0x50, 0x50,
    0x50, 0x50, 0x50, 0x50, 0x4D, 0xC9, 0xF2, 0xE9, 0xEB, 0xEB, 0xEB, 0xEB, 0xEB, 0xEB, 0xEB, 0xEB, 0xEB, 0xEB, 0xEB, 0x69, 0x4A, 0x51, 0x50, 0x50,
    0x50, 0x50, 0x50, 0x50, 0x50, 0x50, 0x50, 0x50, 0x50, 0x50, 0x50, 0x50, 0x50, 0x50, 0x50, 0x50, 0x50, 0x50, 0x50, 0x50, 0x50, 0x50, 0x50, 0x50,
    0x50, 0x50, 0x50, 0x50, 0x4F, 0x53, 0x35, 0x25, 0x29, 0x28, 0x28, 0x28, 0x28, 0x28, 0x2A, 0x20, 0x78, 0xA8, 0x9C, 0xAA, 0x35, 0x00, 0x02, 0x00,
    0x00, 0x01, 0x00, 0x0A, 0x96, 0xA2, 0xA1, 0x99, 0x2F, 0x26, 0x29, 0x28, 0x28, 0x28, 0x28, 0x28, 0x27, 0x2A, 0x4E, 0x51, 0x50, 0x50, 0x50, 0x50,
    0x50, 0x50, 0x50, 0x51, 0x4E, 0x58, 0xC2, 0xCA, 0xC7, 0xC8, 0xC8, 0xC8, 0xC8, 0xC8, 0xC8, 0xC8, 0xC6, 0xD0, 0x79, 0x48, 0x52, 0x50, 0x50, 0x50,
    0x50, 0x50, 0x50, 0x50, 0x50, 0x51, 0x4E, 0x58, 0xC2, 0xCA, 0xC7, 0xC8, 0xC8, 0xC8, 0xC8, 0xC8, 0xC8, 0xC8, 0xC6, 0xD0, 0x79, 0x48, 0x52, 0x50,
    0x50, 0x50, 0x50, 0x50, 0x50, 0x50, 0x50, 0x50, 0x50, 0x50, 0x50, 0x50, 0x50, 0x50, 0x50, 0x50, 0x50, 0x50, 0x50, 0x50, 0x50, 0x50, 0x50, 0x50,
    0x50, 0x50, 0x50, 0x51, 0x4E, 0x59, 0xCC, 0xD4, 0xD1, 0xD2, 0xD2, 0xD2, 0xD2, 0xD0, 0xDD, 0x91, 0x22, 0x50, 0xC8, 0xD5, 0xD1, 0xD2, 0xD2, 0xD2,
    0xD0, 0xDB, 0x7D, 0x48, 0x52, 0x50, 0x50, 0x50, 0x50, 0x50, 0x50, 0x50, 0x50, 0x50, 0x50, 0x50, 0x50, 0x50, 0x50, 0x50, 0x50, 0x50, 0x50, 0x50,
    0x50, 0x50, 0x50, 0x50, 0x50, 0x50, 0x50, 0x50, 0x50, 0x50, 0x50, 0x51, 0x4E, 0x59, 0xCC, 0xD4, 0xD1, 0xD2, 0xD2, 0xD2, 0xD2, 0xD0, 0xDD, 0x91,
    0x22, 0x50, 0xC8, 0xD5, 0xD1, 0xD2, 0xD2, 0xD2, 0xD0, 0xDB, 0x7D, 0x48, 0x52, 0x50, 0x50, 0x50, 0x50, 0x50, 0x50, 0x50, 0x50, 0x50, 0x50, 0x50,
    0x50, 0x50, 0x50, 0x50, 0x50, 0x50, 0x50, 0x50, 0x50, 0x50, 0x50, 0x50, 0x50, 0x50, 0x50, 0x50, 0x50, 0x50, 0x50, 0x51, 0x4E, 0x59, 0xCC, 0xD4,
    0xD1, 0xD2, 0xD2, 0xD2, 0xD2, 0xD0, 0xDD, 0x91, 0x22, 0x50, 0xC8, 0xD5, 0xD1, 0xD2, 0xD2, 0xD2, 0xD0, 0xDB, 0x7D, 0x48, 0x52, 0x50, 0x50, 0x50,
    0x50, 0x50, 0x50, 0x50, 0x50, 0x50, 0x50, 0x50, 0x50, 0x50, 0x50, 0x50, 0x50, 0x50, 0x50, 0x50, 0x50, 0x50, 0x50, 0x50, 0x50, 0x50, 0x50, 0x50,
    0x50, 0x50, 0x50, 0x51, 0x4E, 0x59, 0xCC, 0xD4, 0xD1, 0xD2, 0xD2, 0xD2, 0xD2, 0xD0, 0xDD, 0x91, 0x22, 0x50, 0xC8, 0xD5, 0xD1, 0xD2, 0xD2, 0xD2,
    0xD0, 0xDB, 0x7D, 0x48, 0x52, 0x50, 0x50, 0x50, 0x50, 0x50, 0x50, 0x50, 0x50, 0x50, 0x50, 0x50, 0x50, 0x50, 0x50, 0x50, 0x50, 0x50, 0x50, 0x50,
    0x50, 0x50, 0x50, 0x50, 0x50, 0x50, 0x50, 0x50, 0x50, 0x50, 0x50, 0x51, 0x4E, 0x59, 0xCC, 0xD4, 0xD1, 0xD2, 0xD2, 0xD2, 0xD2, 0xD0, 0xDD, 0x91,
    0x22, 0x50, 0xC8, 0xD5, 0xD1, 0xD2, 0xD2, 0xD2, 0xD0, 0xDB, 0x7D, 0x48, 0x52, 0x50, 0x50, 0x50, 0x50, 0x50, 0x50, 0x50, 0x50, 0x50, 0x50, 0x50,
    0x50, 0x50, 0x50, 0x50, 0x50, 0x50, 0x50, 0x50, 0x50, 0x50, 0x50, 0x50, 0x50, 0x50, 0x50, 0x50, 0x50, 0x50, 0x50, 0x51, 0x4E, 0x59, 0xCC, 0xD4,
    0xD1, 0xD2, 0xD2, 0xD2, 0xD2, 0xD0, 0xDD, 0x91, 0x22, 0x50, 0xC8, 0xD5, 0xD1, 0xD2, 0xD2, 0xD2, 0xD0, 0xDB, 0x7D, 0x48, 0x52, 0x50, 0x50, 0x50,
    0x50, 0x50, 0x50, 0x50, 0x50, 0x50, 0x50, 0x50, 0x50, 0x50, 0x50, 0x50, 0x50, 0x50, 0x50, 0x50, 0x50, 0x50, 0x50, 0x50, 0x50, 0x50, 0x50, 0x50,
    0x50, 0x50, 0x50, 0x51, 0x4E, 0x59, 0xCC, 0xD4, 0xD1, 0xD2, 0xD2, 0xD2, 0xD2, 0xD0, 0xDD, 0x91, 0x22, 0x50, 0xC8, 0xD5, 0xD1, 0xD2, 0xD2, 0xD2,
    0xD0, 0xDB, 0x7D, 0x48, 0x52, 0x50, 0x50, 0x50, 0x50, 0x50, 0x50, 0x50, 0x50, 0x50, 0x50, 0x50, 0x50, 0x50, 0x50, 0x50, 0x50, 0x50, 0x50, 0x50,
    0x50, 0x50, 0x50, 0x50, 0x50, 0x50, 0x50, 0x50, 0x50, 0x50, 0x51, 0x4D, 0x5B, 0xE2, 0xEE, 0xEA, 0xEB, 0xEB, 0xEB, 0xEB, 0xEB, 0xEB, 0xEB, 0xEB,
    0xEB, 0xE9, 0xF5, 0x86, 0x46, 0x52, 0x50, 0x50, 0x50, 0x50, 0x50, 0x50, 0x50, 0x50, 0x50, 0x50, 0x50, 0x50, 0x50, 0x50, 0x50, 0x50, 0x50, 0x50,
    0x50, 0x50, 0x50, 0x50, 0x50, 0x50, 0x50, 0x50, 0x50, 0x50, 0x50, 0x50, 0x4F, 0x53, 0x35, 0x25, 0x29, 0x28, 0x28, 0x28, 0x28, 0x28, 0x2A, 0x20,
    0x78, 0xA8, 0x9C, 0xAA, 0x35, 0x00, 0x02, 0x00, 0x00, 0x01, 0x00, 0x0A, 0x96, 0xA2, 0xA1, 0x99, 0x2F, 0x26, 0x29, 0x28, 0x28, 0x28, 0x28, 0x28,
    0x27, 0x2A, 0x4E, 0x51, 0x50, 0x50, 0x50, 0x50, 0x50, 0x50, 0x50, 0x51, 0x4E, 0x58, 0xC2, 0xCA, 0xC7, 0xC8, 0xC8, 0xC8, 0xC8, 0xC8, 0xC8, 0xC8,
    0xC6, 0xD0, 0x79, 0x48, 0x52, 0x50, 0x50, 0x50, 0x50, 0x50, 0x50, 0x50, 0x50, 0x51, 0x4E, 0x58, 0xC2, 0xCA, 0xC7, 0xC8, 0xC8, 0xC8, 0xC8, 0xC8,
    0xC8, 0xC8, 0xC6, 0xD0, 0x79, 0x48, 0x52, 0x50, 0x50, 0x50, 0x50, 0x50, 0x50, 0x50, 0x50, 0x50, 0x50, 0x50, 0x50, 0x50, 0x50, 0x50, 0x50, 0x50,
    0x50, 0x50, 0x50, 0x50, 0x50, 0x50, 0x50, 0x50, 0x50, 0x50, 0x50, 0x51, 0x4E, 0x58, 0xCA, 0xD4, 0xD1, 0xD2, 0xD2, 0xD2, 0xD2, 0xD1, 0xD4, 0xC1,
    0x6A, 0xAA, 0xDD, 0xCF, 0xD2, 0xD2, 0xD2, 0xD2, 0xD0, 0xDA, 0x7B, 0x48, 0x52, 0x50, 0x50, 0x50, 0x50, 0x50, 0x50, 0x50, 0x50, 0x50, 0x50, 0x50,
    0x50, 0x50, 0x50, 0x50, 0x50, 0x50, 0x50, 0x50, 0x50, 0x50, 0x50, 0x50, 0x50, 0x50, 0x50, 0x50, 0x50, 0x50, 0x50, 0x51, 0x4E, 0x58, 0xCA, 0xD4,
    0xD1, 0xD2, 0xD2, 0xD2, 0xD2, 0xD1, 0xD4, 0xC1, 0x6A, 0xAA, 0xDD, 0xCF, 0xD2, 0xD2, 0xD2, 0xD2, 0xD0, 0xDA, 0x7B, 0x48, 0x52, 0x50, 0x50, 0x50,
    0x50, 0x50, 0x50, 0x50, 0x50, 0x50, 0x50, 0x50, 0x50, 0x50, 0x50, 0x50, 0x50, 0x50, 0x50, 0x50, 0x50, 0x50, 0x50, 0x50, 0x50, 0x50, 0x50, 0x50,
    0x50, 0x50, 0x50, 0x51, 0x4E, 0x58, 0xCA, 0xD4, 0xD1, 0xD2, 0xD2, 0xD2, 0xD2, 0xD1, 0xD4, 0xC1, 0x6A, 0xAA, 0xDD, 0xCF, 0xD2, 0xD2, 0xD2, 0xD2,
    0xD0, 0xDA, 0x7B, 0x48, 0x52, 0x50, 0x50, 0x50, 0x50, 0x50, 0x50, 0x50, 0x50, 0x50, 0x50, 0x50, 0x50, 0x50, 0x50, 0x50, 0x50, 0x50, 0x50, 0x50,
    0x50, 0x50, 0x50, 0x50, 0x50, 0x50, 0x50, 0x50, 0x50, 0x50, 0x50, 0x51, 0x4E, 0x58, 0xCA, 0xD4, 0xD1, 0xD2, 0xD2, 0xD2, 0xD2, 0xD1, 0xD4, 0xC1,
    0x6A, 0xAA, 0xDD, 0xCF, 0xD2, 0xD2, 0xD2, 0xD2, 0xD0, 0xDA, 0x7B, 0x48, 0x52, 0x50, 0x50, 0x50, 0x50, 0x50, 0x50, 0x50, 0x50, 0x50, 0x50, 0x50,
    0x50, 0x50, 0x50, 0x50, 0x50, 0x50, 0x50, 0x50, 0x50, 0x50, 0x50, 0x50, 0x50, 0x50, 0x50, 0x50, 0x50, 0x50, 0x50, 0x51, 0x4E, 0x58, 0xCA, 0xD4,
    0xD1, 0xD2, 0xD2, 0xD2, 0xD2, 0xD1, 0xD4, 0xC1, 0x6A, 0xAA, 0xDD, 0xCF, 0xD2, 0xD2, 0xD2, 0xD2, 0xD0, 0xDA, 0x7B, 0x48, 0x52, 0x50, 0x50, 0x50,
    0x50, 0x50, 0x50, 0x50, 0x50, 0x50, 0x50, 0x50, 0x50, 0x50, 0x50, 0x50, 0x50, 0x50, 0x50, 0x50, 0x50, 0x50, 0x50, 0x50, 0x50, 0x50, 0x50, 0x50,
    0x50, 0x50, 0x50, 0x51, 0x4E, 0x58, 0xCA, 0xD4, 0xD1, 0xD2, 0xD2, 0xD2, 0xD2, 0xD1, 0xD4, 0xC1, 0x6A, 0xAA, 0xDD, 0xCF, 0xD2, 0xD2, 0xD2, 0xD2,
    0xD0, 0xDA, 0x7B, 0x48, 0x52, 0x50, 0x50, 0x50, 0x50, 0x50, 0x50, 0x50, 0x50, 0x50, 0x50, 0x50, 0x50, 0x50, 0x50, 0x50, 0x50, 0x50, 0x50, 0x50,
    0x50, 0x50, 0x50, 0x50, 0x50, 0x50, 0x50, 0x50, 0x50, 0x50, 0x50, 0x51, 0x4E, 0x58, 0xCA, 0xD4, 0xD1, 0xD2, 0xD2, 0xD2, 0xD2, 0xD1, 0xD4, 0xC1,
    0x6A, 0xAA, 0xDD, 0xCF, 0xD2, 0xD2, 0xD2, 0xD2, 0xD0, 0xDA, 0x7B, 0x48, 0x52, 0x50, 0x50, 0x50, 0x50, 0x50, 0x50, 0x50, 0x50, 0x50, 0x50, 0x50,
    0x50, 0x50, 0x50, 0x50, 0x50, 0x50, 0x50, 0x50, 0x50, 0x50, 0x50, 0x50, 0x50, 0x50, 0x50, 0x50, 0x50, 0x50, 0x51, 0x4D, 0x5B, 0xE2, 0xEE, 0xEA,
    0xEB, 0xEB, 0xEB, 0xEB, 0xEB, 0xEB, 0xEB, 0xEB, 0xEB, 0xE9, 0xF5, 0x86, 0x46, 0x52, 0x50, 0x50, 0x50, 0x50, 0x50, 0x50, 0x50, 0x50, 0x50, 0x50,
    0x50, 0x50, 0x50, 0x50, 0x50, 0x50, 0x50, 0x50, 0x50, 0x50, 0x50, 0x50, 0x50, 0x50, 0x50, 0x50, 0x50, 0x50, 0x50, 0x50, 0x4F, 0x53, 0x35, 0x25,
    0x29, 0x28, 0x28, 0x28, 0x28, 0x28, 0x2A, 0x20, 0x78, 0xA8, 0x9C, 0xAA, 0x35, 0x00, 0x02, 0x00, 0x00, 0x01, 0x00, 0x0A, 0x96, 0xA2, 0xA1, 0x99,
    0x2F, 0x26, 0x29, 0x28, 0x28, 0x28, 0x28, 0x28, 0x27, 0x2A, 0x4E, 0x51, 0x50, 0x50, 0x50, 0x50, 0x50, 0x50, 0x50, 0x51, 0x4F, 0x52, 0xB8, 0xCB,
    0xC7, 0xC8, 0xC8, 0xC8, 0xC8, 0xC8, 0xC8, 0xC8, 0xC7, 0xCC, 0x6E, 0x4A, 0x52, 0x50, 0x50, 0x50, 0x50, 0x50, 0x50, 0x50, 0x50, 0x51, 0x4F, 0x52,
    0xB8, 0xCB, 0xC7, 0xC8, 0xC8, 0xC8, 0xC8, 0xC8, 0xC8, 0xC8, 0xC7, 0xCC, 0x6E, 0x4A, 0x52, 0x50, 0x50, 0x50, 0x50, 0x50, 0x50, 0x50, 0x50, 0x50,
    0x50, 0x50, 0x50, 0x50, 0x50, 0x50, 0x50, 0x50, 0x50, 0x50, 0x50, 0x50, 0x50, 0x50, 0x50, 0x50, 0x50, 0x50, 0x50, 0x51, 0x4E, 0x57, 0xC7, 0xD4,
    0xD1, 0xD2, 0xD2, 0xD2, 0xD2, 0xD2, 0xD1, 0xD8, 0xD8, 0xD3, 0xD1, 0xD2, 0xD2, 0xD2, 0xD2, 0xD2, 0xD0, 0xD8, 0x79, 0x48, 0x52, 0x50, 0x50, 0x50,
    0x50, 0x50, 0x50, 0x50, 0x50, 0x50, 0x50, 0x50, 0x50, 0x50, 0x50, 0x50, 0x50, 0x50, 0x50, 0x50, 0x50, 0x50, 0x50, 0x50, 0x50, 0x50, 0x50, 0x50,
    0x50, 0x50, 0x50, 0x51, 0x4E, 0x57, 0xC7, 0xD4, 0xD1, 0xD2, 0xD2, 0xD2, 0xD2, 0xD2, 0xD1, 0xD8, 0xD8, 0xD3, 0xD1, 0xD2, 0xD2, 0xD2, 0xD2, 0xD2,
    0xD0, 0xD8, 0x79, 0x48, 0x52, 0x50, 0x50, 0x50, 0x50, 0x50, 0x50, 0x50, 0x50, 0x50, 0x50, 0x50, 0x50, 0x50, 0x50, 0x50, 0x50, 0x50, 0x50, 0x50,
    0x50, 0x50, 0x50, 0x50, 0x50, 0x50, 0x50, 0x50, 0x50, 0x50, 0x50, 0x51, 0x4E, 0x57, 0xC7, 0xD4, 0xD1, 0xD2, 0xD2, 0xD2, 0xD2, 0xD2, 0xD1, 0xD8,
    0xD8, 0xD3, 0xD1, 0xD2, 0xD2, 0xD2, 0xD2, 0xD2, 0xD0, 0xD8, 0x79, 0x48, 0x52, 0x50, 0x50, 0x50, 0x50, 0x50, 0x50, 0x50, 0x50, 0x50, 0x50, 0x50,
    0x50, 0x50, 0x50, 0x50, 0x50, 0x50, 0x50, 0x50, 0x50, 0x50, 0x50, 0x50, 0x50, 0x50, 0x50, 0x50, 0x50, 0x50, 0x50, 0x51, 0x4E, 0x57, 0xC7, 0xD4,
    0xD1, 0xD2, 0xD2, 0xD2, 0xD2, 0xD2, 0xD1, 0xD8, 0xD8, 0xD3, 0xD1, 0xD2, 0xD2, 0xD2, 0xD2, 0xD2, 0xD0, 0xD8, 0x79, 0x48, 0x52, 0x50, 0x50, 0x50,
    0x50, 0x50, 0x50, 0x50, 0x50, 0x50, 0x50, 0x50, 0x50, 0x50, 0x50, 0x50, 0x50, 0x50, 0x50, 0x50, 0x50, 0x50, 0x50, 0x50, 0x50, 0x50, 0x50, 0x50,
    0x50, 0x50, 0x50, 0x51, 0x4E, 0x57, 0xC7, 0xD4, 0xD1, 0xD2, 0xD2, 0xD2, 0xD2, 0xD2, 0xD1, 0xD8, 0xD8, 0xD3, 0xD1, 0xD2, 0xD2, 0xD2, 0xD2, 0xD2,
    0xD0, 0xD8, 0x79, 0x48, 0x52, 0x50, 0x50, 0x50, 0x50, 0x50, 0x50, 0x50, 0x50, 0x50, 0x50, 0x50, 0x50, 0x50, 0x50, 0x50, 0x50, 0x50, 0x50, 0x50,
    0x50, 0x50, 0x50, 0x50, 0x50, 0x50, 0x50, 0x50, 0x50, 0x50, 0x50, 0x51, 0x4E, 0x57, 0xC7, 0xD4, 0xD1, 0xD2, 0xD2, 0xD2, 0xD2, 0xD2, 0xD1, 0xD8,
    0xD8, 0xD3, 0xD1, 0xD2, 0xD2, 0xD2, 0xD2, 0xD2, 0xD0, 0xD8, 0x79, 0x48, 0x52, 0x50, 0x50, 0x50, 0x50, 0x50, 0x50, 0x50, 0x50, 0x50, 0x50, 0x50,
    0x50, 0x50, 0x50, 0x50, 0x50, 0x50, 0x50, 0x50, 0x50, 0x50, 0x50, 0x50, 0x50, 0x50, 0x50, 0x50, 0x50, 0x50, 0x50, 0x51, 0x4E, 0x57, 0xC7, 0xD4,
    0xD1, 0xD2, 0xD2, 0xD2, 0xD2, 0xD2, 0xD1, 0xD8, 0xD8, 0xD3, 0xD1, 0xD2, 0xD2, 0xD2, 0xD2, 0xD2, 0xD0, 0xD8, 0x79, 0x48, 0x52, 0x50, 0x50, 0x50,
    0x50, 0x50, 0x50, 0x50, 0x50, 0x50, 0x50, 0x50, 0x50, 0x50, 0x50, 0x50, 0x50, 0x50, 0x50, 0x50, 0x50, 0x50, 0x50, 0x50, 0x50, 0x50, 0x50, 0x50,
    0x50, 0x50, 0x51, 0x4F, 0x53, 0xD6, 0xF0, 0xEA, 0xEB, 0xEB, 0xEB, 0xEB, 0xEB, 0xEB, 0xEB, 0xEB, 0xEB, 0xEA, 0xF0, 0x77, 0x48, 0x52, 0x50, 0x50,
    0x50, 0x50, 0x50, 0x50, 0x50, 0x50, 0x50, 0x50, 0x50, 0x50, 0x50, 0x50, 0x50, 0x50, 0x50, 0x50, 0x50, 0x50, 0x50, 0x50, 0x50, 0x50, 0x50, 0x50,
    0x50, 0x50, 0x50, 0x50, 0x4F, 0x53, 0x35, 0x25, 0x29, 0x28, 0x28, 0x28, 0x28, 0x28, 0x2A, 0x20, 0x78, 0xA8, 0x9C, 0xAA, 0x35, 0x00, 0x02, 0x00,
    0x00, 0x01, 0x00, 0x0A, 0x96, 0xA2, 0xA1, 0x99, 0x2F, 0x26, 0x29, 0x28, 0x28, 0x28, 0x28, 0x28, 0x27, 0x2A, 0x4E, 0x51, 0x50, 0x50, 0x50, 0x50,
    0x50, 0x50, 0x50, 0x50, 0x52, 0x46, 0x94, 0xD3, 0xC4, 0xC8, 0xC8, 0xC8, 0xC8, 0xC8, 0xC8, 0xC6, 0xCD, 0xBA, 0x4F, 0x50, 0x51, 0x50, 0x50, 0x50,
    0x50, 0x50, 0x50, 0x50, 0x50, 0x50, 0x52, 0x46, 0x94, 0xD3, 0xC4, 0xC8, 0xC8, 0xC8, 0xC8, 0xC8, 0xC8, 0xC6, 0xCD, 0xBA, 0x4F, 0x50, 0x51, 0x50,
    0x50, 0x50, 0x50, 0x50, 0x50, 0x50, 0x50, 0x50, 0x50, 0x50, 0x50, 0x50, 0x50, 0x50, 0x50, 0x50, 0x50, 0x50, 0x50, 0x50, 0x50, 0x50, 0x50, 0x50,
    0x50, 0x50, 0x50, 0x50, 0x52, 0x49, 0xAD, 0xDA, 0xD0, 0xD2, 0xD2, 0xD2, 0xD2, 0xD2, 0xD2, 0xD1, 0xD1, 0xD2, 0xD2, 0xD2, 0xD2, 0xD2, 0xD2, 0xD1,
    0xD3, 0xCE, 0x5B, 0x4D, 0x51, 0x50, 0x50, 0x50, 0x50, 0x50, 0x50, 0x50, 0x50, 0x50, 0x50, 0x50, 0x50, 0x50, 0x50, 0x50, 0x50, 0x50, 0x50, 0x50,
    0x50, 0x50, 0x50, 0x50, 0x50, 0x50, 0x50, 0x50, 0x50, 0x50, 0x50, 0x50, 0x52, 0x49, 0xAD, 0xDA, 0xD0, 0xD2, 0xD2, 0xD2, 0xD2, 0xD2, 0xD2, 0xD1,
    0xD1, 0xD2, 0xD2, 0xD2, 0xD2, 0xD2, 0xD2, 0xD1, 0xD3, 0xCE, 0x5B, 0x4D, 0x51, 0x50, 0x50, 0x50, 0x50, 0x50, 0x50, 0x50, 0x50, 0x50, 0x50, 0x50,
    0x50, 0x50, 0x50, 0x50, 0x50, 0x50, 0x50, 0x50, 0x50, 0x50, 0x50, 0x50, 0x50, 0x50, 0x50, 0x50, 0x50, 0x50, 0x50, 0x50, 0x52, 0x49, 0xAD, 0xDA,
    0xD0, 0xD2, 0xD2, 0xD2, 0xD2, 0xD2, 0xD2, 0xD1, 0xD1, 0xD2, 0xD2, 0xD2, 0xD2, 0xD2, 0xD2, 0xD1, 0xD3, 0xCE, 0x5B, 0x4D, 0x51, 0x50, 0x50, 0x50,
    0x50, 0x50, 0x50, 0x50, 0x50, 0x50, 0x50, 0x50, 0x50, 0x50, 0x50, 0x50, 0x50, 0x50, 0x50, 0x50, 0x50, 0x50, 0x50, 0x50, 0x50, 0x50, 0x50, 0x50,
    0x50, 0x50, 0x50, 0x50, 0x52, 0x49, 0xAD, 0xDA, 0xD0, 0xD2, 0xD2, 0xD2, 0xD2, 0xD2, 0xD2, 0xD1, 0xD1, 0xD2, 0xD2, 0xD2, 0xD2, 0xD2, 0xD2, 0xD1,
    0xD3, 0xCE, 0x5B, 0x4D, 0x51, 0x50, 0x50, 0x50, 0x50, 0x50, 0x50, 0x50, 0x50, 0x50, 0x50, 0x50, 0x50, 0x50, 0x50, 0x50, 0x50, 0x50, 0x50, 0x50,
    0x50, 0x50, 0x50, 0x50, 0x50, 0x50, 0x50, 0x50, 0x50, 0x50, 0x50, 0x50, 0x52, 0x49, 0xAD, 0xDA, 0xD0, 0xD2, 0xD2, 0xD2, 0xD2, 0xD2, 0xD2, 0xD1,
    0xD1, 0xD2, 0xD2, 0xD2, 0xD2, 0xD2, 0xD2, 0xD1, 0xD3, 0xCE, 0x5B, 0x4D, 0x51, 0x50, 0x50, 0x50, 0x50, 0x50, 0x50, 0x50, 0x50, 0x50, 0x50, 0x50,
    0x50, 0x50, 0x50, 0x50, 0x50, 0x50, 0x50, 0x50, 0x50, 0x50, 0x50, 0x50, 0x50, 0x50, 0x50, 0x50, 0x50, 0x50, 0x50, 0x50, 0x52, 0x49, 0xAD, 0xDA,
    0xD0, 0xD2, 0xD2, 0xD2, 0xD2, 0xD2, 0xD2, 0xD1, 0xD1, 0xD2, 0xD2, 0xD2, 0xD2, 0xD2, 0xD2, 0xD1, 0xD3, 0xCE, 0x5B, 0x4D, 0x51, 0x50, 0x50, 0x50,
    0x50, 0x50, 0x50, 0x50, 0x50, 0x50, 0x50, 0x50, 0x50, 0x50, 0x50, 0x50, 0x50, 0x50, 0x50, 0x50, 0x50, 0x50, 0x50, 0x50, 0x50, 0x50, 0x50, 0x50,
    0x50, 0x50, 0x50, 0x50, 0x52, 0x49, 0xAD, 0xDA, 0xD0, 0xD2, 0xD2, 0xD2, 0xD2, 0xD2, 0xD2, 0xD1, 0xD1, 0xD2, 0xD2, 0xD2, 0xD2, 0xD2, 0xD2, 0xD1,
    0xD3, 0xCE, 0x5B, 0x4D, 0x51, 0x50, 0x50, 0x50, 0x50, 0x50, 0x50, 0x50, 0x50, 0x50, 0x50, 0x50, 0x50, 0x50, 0x50, 0x50, 0x50, 0x50, 0x50, 0x50,
    0x50, 0x50, 0x50, 0x50, 0x50, 0x50, 0x50, 0x50, 0x50, 0x50, 0x50, 0x52, 0x44, 0xA6, 0xF7, 0xE8, 0xEB, 0xEB, 0xEB, 0xEB, 0xEB, 0xEB, 0xEB, 0xEB,
    0xEA, 0xF0, 0xD5, 0x51, 0x4F, 0x51, 0x50, 0x50, 0x50, 0x50, 0x50, 0x50, 0x50, 0x50, 0x50, 0x50, 0x50, 0x50, 0x50, 0x50, 0x50, 0x50, 0x50, 0x50,
    0x50, 0x50, 0x50, 0x50, 0x50, 0x50, 0x50, 0x50, 0x50, 0x50, 0x50, 0x50, 0x4F, 0x53, 0x35, 0x25, 0x29, 0x28, 0x28, 0x28, 0x28, 0x28, 0x2A, 0x20,
    0x78, 0xA8, 0x9C, 0xAA, 0x35, 0x00, 0x02, 0x00, 0x00, 0x01, 0x00, 0x0A, 0x96, 0xA2, 0xA1, 0x99, 0x2F, 0x26, 0x29, 0x28, 0x28, 0x28, 0x28, 0x28,
    0x27, 0x2A, 0x4E, 0x51, 0x50, 0x50, 0x50, 0x50, 0x50, 0x50, 0x50, 0x50, 0x51, 0x4E, 0x5A, 0xBC, 0xCE, 0xC5, 0xC8, 0xC8, 0xC8, 0xC8, 0xC6, 0xC8,
    0xCE, 0x77, 0x4A, 0x52, 0x50, 0x50, 0x50, 0x50, 0x50, 0x50, 0x50, 0x50, 0x50, 0x50, 0x51, 0x4E, 0x5A, 0xBC, 0xCE, 0xC5, 0xC8, 0xC8, 0xC8, 0xC8,
    0xC6, 0xC8, 0xCE, 0x77, 0x4A, 0x52, 0x50, 0x50, 0x50, 0x50, 0x50, 0x50, 0x50, 0x50, 0x50, 0x50, 0x50, 0x50, 0x50, 0x50, 0x50, 0x50, 0x50, 0x50,
    0x50, 0x50, 0x50, 0x50, 0x50, 0x50, 0x50, 0x50, 0x50, 0x50, 0x50, 0x50, 0x52, 0x48, 0x87, 0xD9, 0xD0, 0xD2, 0xD2, 0xD2, 0xD2, 0xD2, 0xD2, 0xD2,
    0xD2, 0xD2, 0xD2, 0xD2, 0xD2, 0xD2, 0xD2, 0xD0, 0xD8, 0xB0, 0x4D, 0x51, 0x50, 0x50, 0x50, 0x50, 0x50, 0x50, 0x50, 0x50, 0x50, 0x50, 0x50, 0x50,
    0x50, 0x50, 0x50, 0x50, 0x50, 0x50, 0x50, 0x50, 0x50, 0x50, 0x50, 0x50, 0x50, 0x50, 0x50, 0x50, 0x50, 0x50, 0x50, 0x50, 0x52, 0x48, 0x87, 0xD9,
    0xD0, 0xD2, 0xD2, 0xD2, 0xD2, 0xD2, 0xD2, 0xD2, 0xD2, 0xD2, 0xD2, 0xD2, 0xD2, 0xD2, 0xD2, 0xD0, 0xD8, 0xB0, 0x4D, 0x51, 0x50, 0x50, 0x50, 0x50,
    0x50, 0x50, 0x50, 0x50, 0x50, 0x50, 0x50, 0x50, 0x50, 0x50, 0x50, 0x50, 0x50, 0x50, 0x50, 0x50, 0x50, 0x50, 0x50, 0x50, 0x50, 0x50, 0x50, 0x50,
    0x50, 0x50, 0x50, 0x50, 0x52, 0x48, 0x87, 0xD9, 0xD0, 0xD2, 0xD2, 0xD2, 0xD2, 0xD2, 0xD2, 0xD2, 0xD2, 0xD2, 0xD2, 0xD2, 0xD2, 0xD2, 0xD2, 0xD0,
    0xD8, 0xB0, 0x4D, 0x51, 0x50, 0x50, 0x50, 0x50, 0x50, 0x50, 0x50, 0x50, 0x50, 0x50, 0x50, 0x50, 0x50, 0x50, 0x50, 0x50, 0x50, 0x50, 0x50, 0x50,
    0x50, 0x50, 0x50, 0x50, 0x50, 0x50, 0x50, 0x50, 0x50, 0x50, 0x50, 0x50, 0x52, 0x48, 0x87, 0xD9, 0xD0, 0xD2, 0xD2, 0xD2, 0xD2, 0xD2, 0xD2, 0xD2,
    0xD2, 0xD2, 0xD2, 0xD2, 0xD2, 0xD2, 0xD2, 0xD0, 0xD8, 0xB0, 0x4D, 0x51, 0x50, 0x50, 0x50, 0x50, 0x50, 0x50, 0x50, 0x50, 0x50, 0x50, 0x50, 0x50,
    0x50, 0x50, 0x50, 0x50, 0x50, 0x50, 0x50, 0x50, 0x50, 0x50, 0x50, 0x50, 0x50, 0x50, 0x50, 0x50, 0x50, 0x50, 0x50, 0x50, 0x52, 0x48, 0x87, 0xD9,
    0xD0, 0xD2, 0xD2, 0xD2, 0xD2, 0xD2, 0xD2, 0xD2, 0xD2, 0xD2, 0xD2, 0xD2, 0xD2, 0xD2, 0xD2, 0xD0, 0xD8, 0xB0, 0x4D, 0x51, 0x50, 0x50, 0x50, 0x50,
    0x50, 0x50, 0x50, 0x50, 0x50, 0x50, 0x50, 0x50, 0x50, 0x50, 0x50, 0x50, 0x50, 0x50, 0x50, 0x50, 0x50, 0x50, 0x50, 0x50, 0x50, 0x50, 0x50, 0x50,
    0x50, 0x50, 0x50, 0x50, 0x52, 0x48, 0x87, 0xD9, 0xD0, 0xD2, 0xD2, 0xD2, 0xD2, 0xD2, 0xD2, 0xD2, 0xD2, 0xD2, 0xD2, 0xD2, 0xD2, 0xD2, 0xD2, 0xD0,
    0xD8, 0xB0, 0x4D, 0x51, 0x50, 0x50, 0x50, 0x50, 0x50, 0x50, 0x50, 0x50, 0x50, 0x50, 0x50, 0x50, 0x50, 0x50, 0x50, 0x50, 0x50, 0x50, 0x50, 0x50,
    0x50, 0x50, 0x50, 0x50, 0x50, 0x50, 0x50, 0x50, 0x50, 0x50, 0x50, 0x50, 0x52, 0x48, 0x87, 0xD9, 0xD0, 0xD2, 0xD2, 0xD2, 0xD2, 0xD2, 0xD2, 0xD2,
    0xD2, 0xD2, 0xD2, 0xD2, 0xD2, 0xD2, 0xD2, 0xD0, 0xD8, 0xB0, 0x4D, 0x51, 0x50, 0x50, 0x50, 0x50, 0x50, 0x50, 0x50, 0x50, 0x50, 0x50, 0x50, 0x50,
    0x50, 0x50, 0x50, 0x50, 0x50, 0x50, 0x50, 0x50, 0x50, 0x50, 0x50, 0x50, 0x50, 0x50, 0x50, 0x50, 0x50, 0x50, 0x50, 0x51, 0x4B, 0x64, 0xE9, 0xEB,
    0xEA, 0xEB, 0xEB, 0xEB, 0xEB, 0xEB, 0xEB, 0xEB, 0xE7, 0xF7, 0x91, 0x45, 0x52, 0x50, 0x50, 0x50, 0x50, 0x50, 0x50, 0x50, 0x50, 0x50, 0x50, 0x50,
    0x50, 0x50, 0x50, 0x50, 0x50, 0x50, 0x50, 0x50, 0x50, 0x50, 0x50, 0x50, 0x50, 0x50, 0x50, 0x50, 0x50, 0x50, 0x50, 0x50, 0x4F, 0x53, 0x35, 0x25,
    0x29, 0x28, 0x28, 0x28, 0x28, 0x28, 0x2A, 0x20, 0x78, 0xA8, 0x9C, 0xAA, 0x35, 0x00, 0x02, 0x00, 0x00, 0x01, 0x00, 0x0A, 0x96, 0xA2, 0xA1, 0x99,
    0x2F, 0x26, 0x29, 0x28, 0x28, 0x28, 0x28, 0x28, 0x27, 0x2A, 0x4E, 0x51, 0x50, 0x50, 0x50, 0x50, 0x50, 0x50, 0x50, 0x50, 0x50, 0x52, 0x4B, 0x5C,
    0xBC, 0xD1, 0xC7, 0xC6, 0xC6, 0xC7, 0xCC, 0xCE, 0x7A, 0x47, 0x52, 0x50, 0x50, 0x50, 0x50, 0x50, 0x50, 0x50, 0x50, 0x50, 0x50, 0x50, 0x50, 0x52,
    0x4B, 0x5C, 0xBC, 0xD1, 0xC7, 0xC6, 0xC6, 0xC7, 0xCC, 0xCE, 0x7A, 0x47, 0x52, 0x50, 0x50, 0x50, 0x50, 0x50, 0x50, 0x50, 0x50, 0x50, 0x50, 0x50,
    0x50, 0x50, 0x50, 0x50, 0x50, 0x50, 0x50, 0x50, 0x50, 0x50, 0x50, 0x50, 0x50, 0x50, 0x50, 0x50, 0x50, 0x50, 0x50, 0x50, 0x51, 0x4E, 0x56, 0xCC,
    0xD3, 0xD1, 0xD2, 0xD2, 0xD2, 0xD2, 0xD2, 0xD2, 0xD2, 0xD2, 0xD2, 0xD2, 0xD2, 0xD2, 0xD2, 0xCF, 0xDC, 0x7B, 0x47, 0x52, 0x50, 0x50, 0x50, 0x50,
    0x50, 0x50, 0x50, 0x50, 0x50, 0x50, 0x50, 0x50, 0x50, 0x50, 0x50, 0x50, 0x50, 0x50, 0x50, 0x50, 0x50, 0x50, 0x50, 0x50, 0x50, 0x50, 0x50, 0x50,
    0x50, 0x50, 0x50, 0x50, 0x51, 0x4E, 0x56, 0xCC, 0xD3, 0xD1, 0xD2, 0xD2, 0xD2, 0xD2, 0xD2, 0xD2, 0xD2, 0xD2, 0xD2, 0xD2, 0xD2, 0xD2, 0xD2, 0xCF,
    0xDC, 0x7B, 0x47, 0x52, 0x50, 0x50, 0x50, 0x50, 0x50, 0x50, 0x50, 0x50, 0x50, 0x50, 0x50, 0x50, 0x50, 0x50, 0x50, 0x50, 0x50, 0x50, 0x50, 0x50,
    0x50, 0x50, 0x50, 0x50, 0x50, 0x50, 0x50, 0x50, 0x50, 0x50, 0x50, 0x50, 0x51, 0x4E, 0x56, 0xCC, 0xD3, 0xD1, 0xD2, 0xD2, 0xD2, 0xD2, 0xD2, 0xD2,
    0xD2, 0xD2, 0xD2, 0xD2, 0xD2, 0xD2, 0xD2, 0xCF, 0xDC, 0x7B, 0x47, 0x52, 0x50, 0x50, 0x50, 0x50, 0x50, 0x50, 0x50, 0x50, 0x50, 0x50, 0x50, 0x50,
    0x50, 0x50, 0x50, 0x50, 0x50, 0x50, 0x50, 0x50, 0x50, 0x50, 0x50, 0x50, 0x50, 0x50, 0x50, 0x50, 0x50, 0x50, 0x50, 0x50, 0x51, 0x4E, 0x56, 0xCC,
    0xD3, 0xD1, 0xD2, 0xD2, 0xD2, 0xD2, 0xD2, 0xD2, 0xD2, 0xD2, 0xD2, 0xD2, 0xD2, 0xD2, 0xD2, 0xCF, 0xDC, 0x7B, 0x47, 0x52, 0x50, 0x50, 0x50, 0x50,
    0x50, 0x50, 0x50, 0x50, 0x50, 0x50, 0x50, 0x50, 0x50, 0x50, 0x50, 0x50, 0x50, 0x50, 0x50, 0x50, 0x50, 0x50, 0x50, 0x50, 0x50, 0x50, 0x50, 0x50,
    0x50, 0x50, 0x50, 0x50, 0x51, 0x4E, 0x56, 0xCC, 0xD3, 0xD1, 0xD2, 0xD2, 0xD2, 0xD2, 0xD2, 0xD2, 0xD2, 0xD2, 0xD2, 0xD2, 0xD2, 0xD2, 0xD2, 0xCF,
    0xDC, 0x7B, 0x47, 0x52, 0x50, 0x50, 0x50, 0x50, 0x50, 0x50, 0x50, 0x50, 0x50, 0x50, 0x50, 0x50, 0x50, 0x50, 0x50, 0x50, 0x50, 0x50, 0x50, 0x50,
    0x50, 0x50, 0x50, 0x50, 0x50, 0x50, 0x50, 0x50, 0x50, 0x50, 0x50, 0x50, 0x51, 0x4E, 0x56, 0xCC, 0xD3, 0xD1, 0xD2, 0xD2, 0xD2, 0xD2, 0xD2, 0xD2,
    0xD2, 0xD2, 0xD2, 0xD2, 0xD2, 0xD2, 0xD2, 0xCF, 0xDC, 0x7B, 0x47, 0x52, 0x50, 0x50, 0x50, 0x50, 0x50, 0x50, 0x50, 0x50, 0x50, 0x50, 0x50, 0x50,
    0x50, 0x50, 0x50, 0x50, 0x50, 0x50, 0x50, 0x50, 0x50, 0x50, 0x50, 0x50, 0x50, 0x50, 0x50, 0x50, 0x50, 0x50, 0x50, 0x50, 0x51, 0x4E, 0x56, 0xCC,
    0xD3, 0xD1, 0xD2, 0xD2, 0xD2, 0xD2, 0xD2, 0xD2, 0xD2, 0xD2, 0xD2, 0xD2, 0xD2, 0xD2, 0xD2, 0xCF, 0xDC, 0x7B, 0x47, 0x52, 0x50, 0x50, 0x50, 0x50,
    0x50, 0x50, 0x50, 0x50, 0x50, 0x50, 0x50, 0x50, 0x50, 0x50, 0x50, 0x50, 0x50, 0x50, 0x50, 0x50, 0x50, 0x50, 0x50, 0x50, 0x50, 0x50, 0x50, 0x50,
    0x50, 0x50, 0x50, 0x50, 0x52, 0x45, 0x94, 0xFD, 0xE9, 0xE9, 0xEB, 0xEB, 0xEB, 0xEB, 0xEA, 0xE7, 0xFA, 0xC7, 0x4C, 0x50, 0x50, 0x50, 0x50, 0x50,
    0x50, 0x50, 0x50, 0x50, 0x50, 0x50, 0x50, 0x50, 0x50, 0x50, 0x50, 0x50, 0x50, 0x50, 0x50, 0x50, 0x50, 0x50, 0x50, 0x50, 0x50, 0x50, 0x50, 0x50,
    0x50, 0x50, 0x50, 0x50, 0x4F, 0x53, 0x35, 0x25, 0x29, 0x28, 0x28, 0x28, 0x28, 0x28, 0x2A, 0x20, 0x78, 0xA8, 0x9C, 0xAA, 0x35, 0x00, 0x02, 0x00,
    0x00, 0x01, 0x00, 0x0A, 0x96, 0xA2, 0xA1, 0x99, 0x2F, 0x26, 0x29, 0x28, 0x28, 0x28, 0x28, 0x28, 0x27, 0x2A, 0x4E, 0x51, 0x50, 0x50, 0x50, 0x50,
    0x50, 0x50, 0x50, 0x50, 0x50, 0x50, 0x52, 0x4A, 0x5D, 0xAB, 0xC8, 0xD0, 0xD0, 0xCC, 0xBA, 0x77, 0x47, 0x52, 0x50, 0x50, 0x50, 0x50, 0x50, 0x50,
    0x50, 0x50, 0x50, 0x50, 0x50, 0x50, 0x50, 0x50, 0x52, 0x4A, 0x5D, 0xAB, 0xC8, 0xD0, 0xD0, 0xCC, 0xBA, 0x77, 0x47, 0x52, 0x50, 0x50, 0x50, 0x50,
    0x50, 0x50, 0x50, 0x50, 0x50, 0x50, 0x50, 0x50, 0x50, 0x50, 0x50, 0x50, 0x50, 0x50, 0x50, 0x50, 0x50, 0x50, 0x50, 0x50, 0x50, 0x50, 0x50, 0x50,
    0x50, 0x50, 0x50, 0x50, 0x50, 0x52, 0x49, 0x8A, 0xDE, 0xCF, 0xD2, 0xD2, 0xD2, 0xD2, 0xD2, 0xD2, 0xD2, 0xD2, 0xD2, 0xD2, 0xD2, 0xD2, 0xCF, 0xDB,
    0xB4, 0x4F, 0x51, 0x50, 0x50, 0x50, 0x50, 0x50, 0x50, 0x50, 0x50, 0x50, 0x50, 0x50, 0x50, 0x50, 0x50, 0x50, 0x50, 0x50, 0x50, 0x50, 0x50, 0x50,
    0x50, 0x50, 0x50, 0x50, 0x50, 0x50, 0x50, 0x50, 0x50, 0x50, 0x50, 0x50, 0x50, 0x52, 0x49, 0x8A, 0xDE, 0xCF, 0xD2, 0xD2, 0xD2, 0xD2, 0xD2, 0xD2,
    0xD2, 0xD2, 0xD2, 0xD2, 0xD2, 0xD2, 0xCF, 0xDB, 0xB4, 0x4F, 0x51, 0x50, 0x50, 0x50, 0x50, 0x50, 0x50, 0x50, 0x50, 0x50, 0x50, 0x50, 0x50, 0x50,
    0x50, 0x50, 0x50, 0x50, 0x50, 0x50, 0x50, 0x50, 0x50, 0x50, 0x50, 0x50, 0x50, 0x50, 0x50, 0x50, 0x50, 0x50, 0x50, 0x50, 0x50, 0x52, 0x49, 0x8A,
    0xDE, 0xCF, 0xD2, 0xD2, 0xD2, 0xD2, 0xD2, 0xD2, 0xD2, 0xD2, 0xD2, 0xD2, 0xD2, 0xD2, 0xCF, 0xDB, 0xB4, 0x4F, 0x51, 0x50, 0x50, 0x50, 0x50, 0x50,
    0x50, 0x50, 0x50, 0x50, 0x50, 0x50, 0x50, 0x50, 0x50, 0x50, 0x50, 0x50, 0x50, 0x50, 0x50, 0x50, 0x50, 0x50, 0x50, 0x50, 0x50, 0x50, 0x50, 0x50,
    0x50, 0x50, 0x50, 0x50, 0x50, 0x52, 0x49, 0x8A, 0xDE, 0xCF, 0xD2, 0xD2, 0xD2, 0xD2, 0xD2, 0xD2, 0xD2, 0xD2, 0xD2, 0xD2, 0xD2, 0xD2, 0xCF, 0xDB,
    0xB4, 0x4F, 0x51, 0x50, 0x50, 0x50, 0x50, 0x50, 0x50, 0x50, 0x50, 0x50, 0x50, 0x50, 0x50, 0x50, 0x50, 0x50, 0x50, 0x50, 0x50, 0x50, 0x50, 0x50,
    0x50, 0x50, 0x50, 0x50, 0x50, 0x50, 0x50, 0x50, 0x50, 0x50, 0x50, 0x50, 0x50, 0x52, 0x49, 0x8A, 0xDE, 0xCF, 0xD2, 0xD2, 0xD2, 0xD2, 0xD2, 0xD2,
    0xD2, 0xD2, 0xD2, 0xD2, 0xD2, 0xD2, 0xCF, 0xDB, 0xB4, 0x4F, 0x51, 0x50, 0x50, 0x50, 0x50, 0x50, 0x50, 0x50, 0x50, 0x50, 0x50, 0x50, 0x50, 0x50,
    0x50, 0x50, 0x50, 0x50, 0x50, 0x50, 0x50, 0x50, 0x50, 0x50, 0x50, 0x50, 0x50, 0x50, 0x50, 0x50, 0x50, 0x50, 0x50, 0x50, 0x50, 0x52, 0x49, 0x8A,
    0xDE, 0xCF, 0xD2, 0xD2, 0xD2, 0xD2, 0xD2, 0xD2, 0xD2, 0xD2, 0xD2, 0xD2, 0xD2, 0xD2, 0xCF, 0xDB, 0xB4, 0x4F, 0x51, 0x50, 0x50, 0x50, 0x50, 0x50,
    0x50, 0x50, 0x50, 0x50, 0x50, 0x50, 0x50, 0x50, 0x50, 0x50, 0x50, 0x50, 0x50, 0x50, 0x50, 0x50, 0x50, 0x50, 0x50, 0x50, 0x50, 0x50, 0x50, 0x50,
    0x50, 0x50, 0x50, 0x50, 0x50, 0x52, 0x49, 0x8A, 0xDE, 0xCF, 0xD2, 0xD2, 0xD2, 0xD2, 0xD2, 0xD2, 0xD2, 0xD2, 0xD2, 0xD2, 0xD2, 0xD2, 0xCF, 0xDB,
    0xB4, 0x4F, 0x51, 0x50, 0x50, 0x50, 0x50, 0x50, 0x50, 0x50, 0x50, 0x50, 0x50, 0x50, 0x50, 0x50, 0x50, 0x50, 0x50, 0x50, 0x50, 0x50, 0x50, 0x50,
    0x50, 0x50, 0x50, 0x50, 0x50, 0x50, 0x50, 0x50, 0x50, 0x50, 0x50, 0x50, 0x50, 0x50, 0x4E, 0xA5, 0xF0, 0xF4, 0xEB, 0xE9, 0xE9, 0xEA, 0xF0, 0xF7,
    0xC7, 0x62, 0x4B, 0x51, 0x50, 0x50, 0x50, 0x50, 0x50, 0x50, 0x50, 0x50, 0x50, 0x50, 0x50, 0x50, 0x50, 0x50, 0x50, 0x50, 0x50, 0x50, 0x50, 0x50,
    0x50, 0x50, 0x50, 0x50, 0x50, 0x50, 0x50, 0x50, 0x50, 0x50, 0x50, 0x50, 0x4F, 0x53, 0x35, 0x25, 0x29, 0x28, 0x28, 0x28, 0x28, 0x28, 0x2A, 0x20,
    0x78, 0xA8, 0x9C, 0xAA, 0x35, 0x00, 0x02, 0x00, 0x00, 0x01, 0x00, 0x0A, 0x96, 0xA2, 0xA1, 0x99, 0x2F, 0x26, 0x29, 0x28, 0x28, 0x28, 0x28, 0x28,
    0x27, 0x2A, 0x4E, 0x51, 0x50, 0x50, 0x50, 0x50, 0x50, 0x50, 0x50, 0x50, 0x50, 0x50, 0x50, 0x52, 0x4D, 0x4A, 0x63, 0x79, 0x79, 0x6E, 0x50, 0x4A,
    0x52, 0x50, 0x50, 0x50, 0x50, 0x50, 0x50, 0x50, 0x50, 0x50, 0x50, 0x50, 0x50, 0x50, 0x50, 0x50, 0x50, 0x52, 0x4D, 0x4A, 0x63, 0x79, 0x79, 0x6E,
    0x50, 0x4A, 0x52, 0x50, 0x50, 0x50, 0x50, 0x50, 0x50, 0x50, 0x50, 0x50, 0x50, 0x50, 0x50, 0x50, 0x50, 0x50, 0x50, 0x50, 0x50, 0x50, 0x50, 0x50,
    0x50, 0x50, 0x50, 0x50, 0x50, 0x50, 0x50, 0x50, 0x50, 0x50, 0x50, 0x50, 0x50, 0x50, 0x50, 0x4C, 0xA4, 0xDC, 0xCF, 0xD2, 0xD2, 0xD2, 0xD2, 0xD2,
    0xD2, 0xD2, 0xD2, 0xD2, 0xD2, 0xCF, 0xD8, 0xC5, 0x5E, 0x4C, 0x51, 0x50, 0x50, 0x50, 0x50, 0x50, 0x50, 0x50, 0x50, 0x50, 0x50, 0x50, 0x50, 0x50,
    0x50, 0x50, 0x50, 0x50, 0x50, 0x50, 0x50, 0x50, 0x50, 0x50, 0x50, 0x50, 0x50, 0x50, 0x50, 0x50, 0x50, 0x50, 0x50, 0x50, 0x50, 0x50, 0x50, 0x4C,
    0xA4, 0xDC, 0xCF, 0xD2, 0xD2, 0xD2, 0xD2, 0xD2, 0xD2, 0xD2, 0xD2, 0xD2, 0xD2, 0xCF, 0xD8, 0xC5, 0x5E, 0x4C, 0x51, 0x50, 0x50, 0x50, 0x50, 0x50,
    0x50, 0x50, 0x50, 0x50, 0x50, 0x50, 0x50, 0x50, 0x50, 0x50, 0x50, 0x50, 0x50, 0x50, 0x50, 0x50, 0x50, 0x50, 0x50, 0x50, 0x50, 0x50, 0x50, 0x50,
    0x50, 0x50, 0x50, 0x50, 0x50, 0x50, 0x50, 0x4C, 0xA4, 0xDC, 0xCF, 0xD2, 0xD2, 0xD2, 0xD2, 0xD2, 0xD2, 0xD2, 0xD2, 0xD2, 0xD2, 0xCF, 0xD8, 0xC5,
    0x5E, 0x4C, 0x51, 0x50, 0x50, 0x50, 0x50, 0x50, 0x50, 0x50, 0x50, 0x50, 0x50, 0x50, 0x50, 0x50, 0x50, 0x50, 0x50, 0x50, 0x50, 0x50, 0x50, 0x50,
    0x50, 0x50, 0x50, 0x50, 0x50, 0x50, 0x50, 0x50, 0x50, 0x50, 0x50, 0x50, 0x50, 0x50, 0x50, 0x4C, 0xA4, 0xDC, 0xCF, 0xD2, 0xD2, 0xD2, 0xD2, 0xD2,
    0xD2, 0xD2, 0xD2, 0xD2, 0xD2, 0xCF, 0xD8, 0xC5, 0x5E, 0x4C, 0x51, 0x50, 0x50, 0x50, 0x50, 0x50, 0x50, 0x50, 0x50, 0x50, 0x50, 0x50, 0x50, 0x50,
    0x50, 0x50, 0x50, 0x50, 0x50, 0x50, 0x50, 0x50, 0x50, 0x50, 0x50, 0x50, 0x50, 0x50, 0x50, 0x50, 0x50, 0x50, 0x50, 0x50, 0x50, 0x50, 0x50, 0x4C,
    0xA4, 0xDC, 0xCF, 0xD2, 0xD2, 0xD2, 0xD2, 0xD2, 0xD2, 0xD2, 0xD2, 0xD2, 0xD2, 0xCF, 0xD8, 0xC5, 0x5E, 0x4C, 0x51, 0x50, 0x50, 0x50, 0x50, 0x50,
    0x50, 0x50, 0x50, 0x50, 0x50, 0x50, 0x50, 0x50, 0x50, 0x50, 0x50, 0x50, 0x50, 0x50, 0x50, 0x50, 0x50, 0x50, 0x50, 0x50, 0x50, 0x50, 0x50, 0x50,
    0x50, 0x50, 0x50, 0x50, 0x50, 0x50, 0x50, 0x4C, 0xA4, 0xDC, 0xCF, 0xD2, 0xD2, 0xD2, 0xD2, 0xD2, 0xD2, 0xD2, 0xD2, 0xD2, 0xD2, 0xCF, 0xD8, 0xC5,
    0x5E, 0x4C, 0x51, 0x50, 0x50, 0x50, 0x50, 0x50, 0x50, 0x50, 0x50, 0x50, 0x50, 0x50, 0x50, 0x50, 0x50, 0x50, 0x50, 0x50, 0x50, 0x50, 0x50, 0x50,
    0x50, 0x50, 0x50, 0x50, 0x50, 0x50, 0x50, 0x50, 0x50, 0x50, 0x50, 0x50, 0x50, 0x50, 0x50, 0x4C, 0xA4, 0xDC, 0xCF, 0xD2, 0xD2, 0xD2, 0xD2, 0xD2,
    0xD2, 0xD2, 0xD2, 0xD2, 0xD2, 0xCF, 0xD8, 0xC5, 0x5E, 0x4C, 0x51, 0x50, 0x50, 0x50, 0x50, 0x50, 0x50, 0x50, 0x50, 0x50, 0x50, 0x50, 0x50, 0x50,
    0x50, 0x50, 0x50, 0x50, 0x50, 0x50, 0x50, 0x50, 0x50, 0x50, 0x50, 0x50, 0x50, 0x50, 0x50, 0x50, 0x50, 0x50, 0x50, 0x50, 0x50, 0x51, 0x50, 0x44,
    0x75, 0xC4, 0xEB, 0xF5, 0xF6, 0xF0, 0xD6, 0x91, 0x4C, 0x4B, 0x52, 0x50, 0x50, 0x50, 0x50, 0x50, 0x50, 0x50, 0x50, 0x50, 0x50, 0x50, 0x50, 0x50,
    0x50, 0x50, 0x50, 0x50, 0x50, 0x50, 0x50, 0x50, 0x50, 0x50, 0x50, 0x50, 0x50, 0x50, 0x50, 0x50, 0x50, 0x50, 0x50, 0x50, 0x4F, 0x53, 0x35, 0x25,
    0x29, 0x28, 0x28, 0x28, 0x28, 0x28, 0x2A, 0x20, 0x78, 0xA8, 0x9C, 0xAA, 0x35, 0x00, 0x02, 0x00, 0x00, 0x01, 0x00, 0x0A, 0x96, 0xA2, 0xA1, 0x99,
    0x2F, 0x26, 0x29, 0x28, 0x28, 0x28, 0x28, 0x28, 0x27, 0x2A, 0x4E, 0x51, 0x50, 0x50, 0x50, 0x50, 0x50, 0x50, 0x50, 0x50, 0x50, 0x50, 0x50, 0x50,
    0x51, 0x51, 0x4C, 0x48, 0x48, 0x4A, 0x50, 0x51, 0x50, 0x50, 0x50, 0x50, 0x50, 0x50, 0x50, 0x50, 0x50, 0x50, 0x50, 0x50, 0x50, 0x50, 0x50, 0x50,
    0x50, 0x50, 0x51, 0x51, 0x4C, 0x48, 0x48, 0x4A, 0x50, 0x51, 0x50, 0x50, 0x50, 0x50, 0x50, 0x50, 0x50, 0x50, 0x50, 0x50, 0x50, 0x50, 0x50, 0x50,
    0x50, 0x50, 0x50, 0x50, 0x50, 0x50, 0x50, 0x50, 0x50, 0x50, 0x50, 0x50, 0x50, 0x50, 0x50, 0x50, 0x50, 0x50, 0x50, 0x50, 0x50, 0x50, 0x51, 0x4F,
    0x4A, 0xA4, 0xDF, 0xD1, 0xD0, 0xD1, 0xD2, 0xD2, 0xD2, 0xD2, 0xD2, 0xD1, 0xCF, 0xDB, 0xC5, 0x5D, 0x4A, 0x52, 0x50, 0x50, 0x50, 0x50, 0x50, 0x50,
    0x50, 0x50, 0x50, 0x50, 0x50, 0x50, 0x50, 0x50, 0x50, 0x50, 0x50, 0x50, 0x50, 0x50, 0x50, 0x50, 0x50, 0x50, 0x50, 0x50, 0x50, 0x50, 0x50, 0x50,
    0x50, 0x50, 0x50, 0x50, 0x50, 0x50, 0x51, 0x4F, 0x4A, 0xA4, 0xDF, 0xD1, 0xD0, 0xD1, 0xD2, 0xD2, 0xD2, 0xD2, 0xD2, 0xD1, 0xCF, 0xDB, 0xC5, 0x5D,
    0x4A, 0x52, 0x50, 0x50, 0x50, 0x50, 0x50, 0x50, 0x50, 0x50, 0x50, 0x50, 0x50, 0x50, 0x50, 0x50, 0x50, 0x50, 0x50, 0x50, 0x50, 0x50, 0x50, 0x50,
    0x50, 0x50, 0x50, 0x50, 0x50, 0x50, 0x50, 0x50, 0x50, 0x50, 0x50, 0x50, 0x50, 0x50, 0x51, 0x4F, 0x4A, 0xA4, 0xDF, 0xD1, 0xD0, 0xD1, 0xD2, 0xD2,
    0xD2, 0xD2, 0xD2, 0xD1, 0xCF, 0xDB, 0xC5, 0x5D, 0x4A, 0x52, 0x50, 0x50, 0x50, 0x50, 0x50, 0x50, 0x50, 0x50, 0x50, 0x50, 0x50, 0x50, 0x50, 0x50,
    0x50, 0x50, 0x50, 0x50, 0x50, 0x50, 0x50, 0x50, 0x50, 0x50, 0x50, 0x50, 0x50, 0x50, 0x50, 0x50, 0x50, 0x50, 0x50, 0x50, 0x50, 0x50, 0x51, 0x4F,
    0x4A, 0xA4, 0xDF, 0xD1, 0xD0, 0xD1, 0xD2, 0xD2, 0xD2, 0xD2, 0xD2, 0xD1, 0xCF, 0xDB, 0xC5, 0x5D, 0x4A, 0x52, 0x50, 0x50, 0x50, 0x50, 0x50, 0x50,
    0x50, 0x50, 0x50, 0x50, 0x50, 0x50, 0x50, 0x50, 0x50, 0x50, 0x50, 0x50, 0x50, 0x50, 0x50, 0x50, 0x50, 0x50, 0x50, 0x50, 0x50, 0x50, 0x50, 0x50,
    0x50, 0x50, 0x50, 0x50, 0x50, 0x50, 0x51, 0x4F, 0x4A, 0xA4, 0xDF, 0xD1, 0xD0, 0xD1, 0xD2, 0xD2, 0xD2, 0xD2, 0xD2, 0xD1, 0xCF, 0xDB, 0xC5, 0x5D,
    0x4A, 0x52, 0x50, 0x50, 0x50, 0x50, 0x50, 0x50, 0x50, 0x50, 0x50, 0x50, 0x50, 0x50, 0x50, 0x50, 0x50, 0x50, 0x50, 0x50, 0x50, 0x50, 0x50, 0x50,
    0x50, 0x50, 0x50, 0x50, 0x50, 0x50, 0x50, 0x50, 0x50, 0x50, 0x50, 0x50, 0x50, 0x50, 0x51, 0x4F, 0x4A, 0xA4, 0xDF, 0xD1, 0xD0, 0xD1, 0xD2, 0xD2,
    0xD2, 0xD2, 0xD2, 0xD1, 0xCF, 0xDB, 0xC5, 0x5D, 0x4A, 0x52, 0x50, 0x50, 0x50, 0x50, 0x50, 0x50, 0x50, 0x50, 0x50, 0x50, 0x50, 0x50, 0x50, 0x50,
    0x50, 0x50, 0x50, 0x50, 0x50, 0x50, 0x50, 0x50, 0x50, 0x50, 0x50, 0x50, 0x50, 0x50, 0x50, 0x50, 0x50, 0x50, 0x50, 0x50, 0x50, 0x50, 0x51, 0x4F,
    0x4A, 0xA4, 0xDF, 0xD1, 0xD0, 0xD1, 0xD2, 0xD2, 0xD2, 0xD2, 0xD2, 0xD1, 0xCF, 0xDB, 0xC5, 0x5D, 0x4A, 0x52, 0x50, 0x50, 0x50, 0x50, 0x50, 0x50,
    0x50, 0x50, 0x50, 0x50, 0x50, 0x50, 0x50, 0x50, 0x50, 0x50, 0x50, 0x50, 0x50, 0x50, 0x50, 0x50, 0x50, 0x50, 0x50, 0x50, 0x50, 0x50, 0x50, 0x50,
    0x50, 0x50, 0x50, 0x50, 0x50, 0x50, 0x50, 0x53, 0x48, 0x49, 0x69, 0x86, 0x86, 0x77, 0x50, 0x45, 0x51, 0x51, 0x50, 0x50, 0x50, 0x50, 0x50, 0x50,
    0x50, 0x50, 0x50, 0x50, 0x50, 0x50, 0x50, 0x50, 0x50, 0x50, 0x50, 0x50, 0x50, 0x50, 0x50, 0x50, 0x50, 0x50, 0x50, 0x50, 0x50, 0x50, 0x50, 0x50,
    0x50, 0x50, 0x50, 0x50, 0x4F, 0x53, 0x35, 0x25, 0x29, 0x28, 0x28, 0x28, 0x28, 0x28, 0x2A, 0x20, 0x78, 0xA8, 0x9C, 0xAA, 0x35, 0x00, 0x02, 0x00,
    0x00, 0x01, 0x00, 0x0A, 0x96, 0xA2, 0xA1, 0x99, 0x2F, 0x26, 0x29, 0x28, 0x28, 0x28, 0x28, 0x28, 0x27, 0x2A, 0x4E, 0x51, 0x50, 0x50, 0x50, 0x50,
    0x50, 0x50, 0x50, 0x50, 0x50, 0x50, 0x50, 0x50, 0x50, 0x50, 0x51, 0x52, 0x52, 0x51, 0x50, 0x50, 0x50, 0x50, 0x50, 0x50, 0x50, 0x50, 0x50, 0x50,
    0x50, 0x50, 0x50, 0x50, 0x50, 0x50, 0x50, 0x50, 0x50, 0x50, 0x50, 0x50, 0x51, 0x52, 0x52, 0x51, 0x50, 0x50, 0x50, 0x50, 0x50, 0x50, 0x50, 0x50,
    0x50, 0x50, 0x50, 0x50, 0x50, 0x50, 0x50, 0x50, 0x50, 0x50, 0x50, 0x50, 0x50, 0x50, 0x50, 0x50, 0x50, 0x50, 0x50, 0x50, 0x50, 0x50, 0x50, 0x50,
    0x50, 0x50, 0x50, 0x50, 0x50, 0x50, 0x50, 0x51, 0x4F, 0x4C, 0x98, 0xD6, 0xDB, 0xD4, 0xD1, 0xD0, 0xD0, 0xD0, 0xD3, 0xD8, 0xDC, 0xB4, 0x5E, 0x4A,
    0x53, 0x50, 0x50, 0x50, 0x50, 0x50, 0x50, 0x50, 0x50, 0x50, 0x50, 0x50, 0x50, 0x50, 0x50, 0x50, 0x50, 0x50, 0x50, 0x50, 0x50, 0x50, 0x50, 0x50,
    0x50, 0x50, 0x50, 0x50, 0x50, 0x50, 0x50, 0x50, 0x50, 0x50, 0x50, 0x50, 0x50, 0x50, 0x50, 0x51, 0x4F, 0x4C, 0x98, 0xD6, 0xDB, 0xD4, 0xD1, 0xD0,
    0xD0, 0xD0, 0xD3, 0xD8, 0xDC, 0xB4, 0x5E, 0x4A, 0x53, 0x50, 0x50, 0x50, 0x50, 0x50, 0x50, 0x50, 0x50, 0x50, 0x50, 0x50, 0x50, 0x50, 0x50, 0x50,
    0x50, 0x50, 0x50, 0x50, 0x50, 0x50, 0x50, 0x50, 0x50, 0x50, 0x50, 0x50, 0x50, 0x50, 0x50, 0x50, 0x50, 0x50, 0x50, 0x50, 0x50, 0x50, 0x50, 0x51,
    0x4F, 0x4C, 0x98, 0xD6, 0xDB, 0xD4, 0xD1, 0xD0, 0xD0, 0xD0, 0xD3, 0xD8, 0xDC, 0xB4, 0x5E, 0x4A, 0x53, 0x50, 0x50, 0x50, 0x50, 0x50, 0x50, 0x50,
    0x50, 0x50, 0x50, 0x50, 0x50, 0x50, 0x50, 0x50, 0x50, 0x50, 0x50, 0x50, 0x50, 0x50, 0x50, 0x50, 0x50, 0x50, 0x50, 0x50, 0x50, 0x50, 0x50, 0x50,
    0x50, 0x50, 0x50, 0x50, 0x50, 0x50, 0x50, 0x51, 0x4F, 0x4C, 0x98, 0xD6, 0xDB, 0xD4, 0xD1, 0xD0, 0xD0, 0xD0, 0xD3, 0xD8, 0xDC, 0xB4, 0x5E, 0x4A,
    0x53, 0x50, 0x50, 0x50, 0x50, 0x50, 0x50, 0x50, 0x50, 0x50, 0x50, 0x50, 0x50, 0x50, 0x50, 0x50, 0x50, 0x50, 0x50, 0x50, 0x50, 0x50, 0x50, 0x50,
    0x50, 0x50, 0x50, 0x50, 0x50, 0x50, 0x50, 0x50, 0x50, 0x50, 0x50, 0x50, 0x50, 0x50, 0x50, 0x51, 0x4F, 0x4C, 0x98, 0xD6, 0xDB, 0xD4, 0xD1, 0xD0,
    0xD0, 0xD0, 0xD3, 0xD8, 0xDC, 0xB4, 0x5E, 0x4A, 0x53, 0x50, 0x50, 0x50, 0x50, 0x50, 0x50, 0x50, 0x50, 0x50, 0x50, 0x50, 0x50, 0x50, 0x50, 0x50,
    0x50, 0x50, 0x50, 0x50, 0x50, 0x50, 0x50, 0x50, 0x50, 0x50, 0x50, 0x50, 0x50, 0x50, 0x50, 0x50, 0x50, 0x50, 0x50, 0x50, 0x50, 0x50, 0x50, 0x51,
    0x4F, 0x4C, 0x98, 0xD6, 0xDB, 0xD4, 0xD1, 0xD0, 0xD0, 0xD0, 0xD3, 0xD8, 0xDC, 0xB4, 0x5E, 0x4A, 0x53, 0x50, 0x50, 0x50, 0x50, 0x50, 0x50, 0x50,
    0x50, 0x50, 0x50, 0x50, 0x50, 0x50, 0x50, 0x50, 0x50, 0x50, 0x50, 0x50, 0x50, 0x50, 0x50, 0x50, 0x50, 0x50, 0x50, 0x50, 0x50, 0x50, 0x50, 0x50,
    0x50, 0x50, 0x50, 0x50, 0x50, 0x50, 0x50, 0x51, 0x4F, 0x4C, 0x98, 0xD6, 0xDB, 0xD4, 0xD1, 0xD0, 0xD0, 0xD0, 0xD3, 0xD8, 0xDC, 0xB4, 0x5E, 0x4A,
    0x53, 0x50, 0x50, 0x50, 0x50, 0x50, 0x50, 0x50, 0x50, 0x50, 0x50, 0x50, 0x50, 0x50, 0x50, 0x50, 0x50, 0x50, 0x50, 0x50, 0x50, 0x50, 0x50, 0x50,
    0x50, 0x50, 0x50, 0x50, 0x50, 0x50, 0x50, 0x50, 0x50, 0x50, 0x50, 0x50, 0x50, 0x50, 0x50, 0x50, 0x52, 0x51, 0x4B, 0x46, 0x46, 0x48, 0x50, 0x52,
    0x50, 0x50, 0x50, 0x50, 0x50, 0x50, 0x50, 0x50, 0x50, 0x50, 0x50, 0x50, 0x50, 0x50, 0x50, 0x50, 0x50, 0x50, 0x50, 0x50, 0x50, 0x50, 0x50, 0x50,
    0x50, 0x50, 0x50, 0x50, 0x50, 0x50, 0x50, 0x50, 0x50, 0x50, 0x50, 0x50, 0x4F, 0x53, 0x35, 0x25, 0x29, 0x28, 0x28, 0x28, 0x28, 0x28, 0x2A, 0x20,
    0x78, 0xA8, 0x9C, 0xAA, 0x35, 0x00, 0x02, 0x00, 0x00, 0x01, 0x00, 0x0A, 0x96, 0xA2, 0xA1, 0x99, 0x2F, 0x26, 0x29, 0x28, 0x28, 0x28, 0x28, 0x28,
    0x27, 0x2A, 0x4F, 0x51, 0x50, 0x50, 0x50, 0x50, 0x50, 0x50, 0x50, 0x50, 0x50, 0x50, 0x50, 0x50, 0x50, 0x50, 0x50, 0x50, 0x50, 0x50, 0x50, 0x50,
    0x50, 0x50, 0x50, 0x50, 0x50, 0x50, 0x50, 0x50, 0x50, 0x50, 0x50, 0x50, 0x50, 0x50, 0x50, 0x50, 0x50, 0x50, 0x50, 0x50, 0x50, 0x50, 0x50, 0x50,
    0x50, 0x50, 0x50, 0x50, 0x50, 0x50, 0x50, 0x50, 0x50, 0x50, 0x50, 0x50, 0x50, 0x50, 0x50, 0x50, 0x50, 0x50, 0x50, 0x50, 0x50, 0x50, 0x50, 0x50,
    0x50, 0x50, 0x50, 0x50, 0x50, 0x50, 0x50, 0x50, 0x50, 0x50, 0x50, 0x50, 0x50, 0x50, 0x50, 0x50, 0x51, 0x50, 0x47, 0x6B, 0x9D, 0xC9, 0xD5, 0xDB,
    0xDA, 0xD9, 0xCE, 0xB0, 0x7B, 0x4E, 0x4C, 0x52, 0x50, 0x50, 0x50, 0x50, 0x50, 0x50, 0x50, 0x50, 0x50, 0x50, 0x50, 0x50, 0x50, 0x50, 0x50, 0x50,
    0x50, 0x50, 0x50, 0x50, 0x50, 0x50, 0x50, 0x50, 0x50, 0x50, 0x50, 0x50, 0x50, 0x50, 0x50, 0x50, 0x50, 0x50, 0x50, 0x50, 0x50, 0x50, 0x50, 0x50,
    0x51, 0x50, 0x47, 0x6B, 0x9D, 0xC9, 0xD5, 0xDB, 0xDA, 0xD9, 0xCE, 0xB0, 0x7B, 0x4E, 0x4C, 0x52, 0x50, 0x50, 0x50, 0x50, 0x50, 0x50, 0x50, 0x50,
    0x50, 0x50, 0x50, 0x50, 0x50, 0x50, 0x50, 0x50, 0x50, 0x50, 0x50, 0x50, 0x50, 0x50, 0x50, 0x50, 0x50, 0x50, 0x50, 0x50, 0x50, 0x50, 0x50, 0x50,
    0x50, 0x50, 0x50, 0x50, 0x50, 0x50, 0x50, 0x50, 0x51, 0x50, 0x47, 0x6B, 0x9D, 0xC9, 0xD5, 0xDB, 0xDA, 0xD9, 0xCE, 0xB0, 0x7B, 0x4E, 0x4C, 0x52,
    0x50, 0x50, 0x50, 0x50, 0x50, 0x50, 0x50, 0x50, 0x50, 0x50, 0x50, 0x50, 0x50, 0x50, 0x50, 0x50, 0x50, 0x50, 0x50, 0x50, 0x50, 0x50, 0x50, 0x50,
    0x50, 0x50, 0x50, 0x50, 0x50, 0x50, 0x50, 0x50, 0x50, 0x50, 0x50, 0x50, 0x50, 0x50, 0x50, 0x50, 0x51, 0x50, 0x47, 0x6B, 0x9D, 0xC9, 0xD5, 0xDB,
    0xDA, 0xD9, 0xCE, 0xB0, 0x7B, 0x4E, 0x4C, 0x52, 0x50, 0x50, 0x50, 0x50, 0x50, 0x50, 0x50, 0x50, 0x50, 0x50, 0x50, 0x50, 0x50, 0x50, 0x50, 0x50,
    0x50, 0x50, 0x50, 0x50, 0x50, 0x50, 0x50, 0x50, 0x50, 0x50, 0x50, 0x50, 0x50, 0x50, 0x50, 0x50, 0x50, 0x50, 0x50, 0x50, 0x50, 0x50, 0x50, 0x50,
    0x51, 0x50, 0x47, 0x6B, 0x9D, 0xC9, 0xD5, 0xDB, 0xDA, 0xD9, 0xCE, 0xB0, 0x7B, 0x4E, 0x4C, 0x52, 0x50, 0x50, 0x50, 0x50, 0x50, 0x50, 0x50, 0x50,
    0x50, 0x50, 0x50, 0x50, 0x50, 0x50, 0x50, 0x50, 0x50, 0x50, 0x50, 0x50, 0x50, 0x50, 0x50, 0x50, 0x50, 0x50, 0x50, 0x50, 0x50, 0x50, 0x50, 0x50,
    0x50, 0x50, 0x50, 0x50, 0x50, 0x50, 0x50, 0x50, 0x51, 0x50, 0x47, 0x6B, 0x9D, 0xC9, 0xD5, 0xDB, 0xDA, 0xD9, 0xCE, 0xB0, 0x7B, 0x4E, 0x4C, 0x52,
    0x50, 0x50, 0x50, 0x50, 0x50, 0x50, 0x50, 0x50, 0x50, 0x50, 0x50, 0x50, 0x50, 0x50, 0x50, 0x50, 0x50, 0x50, 0x50, 0x50, 0x50, 0x50, 0x50, 0x50,
    0x50, 0x50, 0x50, 0x50, 0x50, 0x50, 0x50, 0x50, 0x50, 0x50, 0x50, 0x50, 0x50, 0x50, 0x50, 0x50, 0x51, 0x50, 0x47, 0x6B, 0x9D, 0xC9, 0xD5, 0xDB,
    0xDA, 0xD9, 0xCE, 0xB0, 0x7B, 0x4E, 0x4C, 0x52, 0x50, 0x50, 0x50, 0x50, 0x50, 0x50, 0x50, 0x50, 0x50, 0x50, 0x50, 0x50, 0x50, 0x50, 0x50, 0x50,
    0x50, 0x50, 0x50, 0x50, 0x50, 0x50, 0x50, 0x50, 0x50, 0x50, 0x50, 0x50, 0x50, 0x50, 0x50, 0x50, 0x50, 0x50, 0x50, 0x50, 0x50, 0x50, 0x50, 0x50,
    0x50, 0x50, 0x51, 0x52, 0x52, 0x52, 0x50, 0x50, 0x50, 0x50, 0x50, 0x50, 0x50, 0x50, 0x50, 0x50, 0x50, 0x50, 0x50, 0x50, 0x50, 0x50, 0x50, 0x50,
    0x50, 0x50, 0x50, 0x50, 0x50, 0x50, 0x50, 0x50, 0x50, 0x50, 0x50, 0x50, 0x50, 0x50, 0x50, 0x50, 0x50, 0x50, 0x50, 0x50, 0x4F, 0x53, 0x36, 0x25,
    0x29, 0x28, 0x28, 0x28, 0x28, 0x28, 0x2A, 0x20, 0x78, 0xA8, 0x9C, 0xAA, 0x35, 0x00, 0x02, 0x00, 0x00, 0x01, 0x00, 0x0A, 0x96, 0xA2, 0xA1, 0x99,
    0x2F, 0x26, 0x29, 0x28, 0x28, 0x28, 0x28, 0x28, 0x28, 0x28, 0x4B, 0x51, 0x50, 0x50, 0x50, 0x50, 0x50, 0x50, 0x50, 0x50, 0x50, 0x50, 0x50, 0x50,
    0x50, 0x50, 0x50, 0x50, 0x50, 0x50, 0x50, 0x50, 0x50, 0x50, 0x50, 0x50, 0x50, 0x50, 0x50, 0x50, 0x50, 0x50, 0x50, 0x50, 0x50, 0x50, 0x50, 0x50,
    0x50, 0x50, 0x50, 0x50, 0x50, 0x50, 0x50, 0x50, 0x50, 0x50, 0x50, 0x50, 0x50, 0x50, 0x50, 0x50, 0x50, 0x50, 0x50, 0x50, 0x50, 0x50, 0x50, 0x50,
    0x50, 0x50, 0x50, 0x50, 0x50, 0x50, 0x50, 0x50, 0x50, 0x50, 0x50, 0x50, 0x50, 0x50, 0x50, 0x50, 0x50, 0x50, 0x50, 0x50, 0x50, 0x50, 0x50, 0x50,
    0x50, 0x50, 0x52, 0x4A, 0x49, 0x55, 0x70, 0x7D, 0x7B, 0x79, 0x5B, 0x4C, 0x47, 0x51, 0x51, 0x50, 0x50, 0x50, 0x50, 0x50, 0x50, 0x50, 0x50, 0x50,
    0x50, 0x50, 0x50, 0x50, 0x50, 0x50, 0x50, 0x50, 0x50, 0x50, 0x50, 0x50, 0x50, 0x50, 0x50, 0x50, 0x50, 0x50, 0x50, 0x50, 0x50, 0x50, 0x50, 0x50,
    0x50, 0x50, 0x50, 0x50, 0x50, 0x50, 0x50, 0x50, 0x50, 0x50, 0x52, 0x4A, 0x49, 0x55, 0x70, 0x7D, 0x7B, 0x79, 0x5B, 0x4C, 0x47, 0x51, 0x51, 0x50,
    0x50, 0x50, 0x50, 0x50, 0x50, 0x50, 0x50, 0x50, 0x50, 0x50, 0x50, 0x50, 0x50, 0x50, 0x50, 0x50, 0x50, 0x50, 0x50, 0x50, 0x50, 0x50, 0x50, 0x50,
    0x50, 0x50, 0x50, 0x50, 0x50, 0x50, 0x50, 0x50, 0x50, 0x50, 0x50, 0x50, 0x50, 0x50, 0x50, 0x50, 0x50, 0x50, 0x52, 0x4A, 0x49, 0x55, 0x70, 0x7D,
    0x7B, 0x79, 0x5B, 0x4C, 0x47, 0x51, 0x51, 0x50, 0x50, 0x50, 0x50, 0x50, 0x50, 0x50, 0x50, 0x50, 0x50, 0x50, 0x50, 0x50, 0x50, 0x50, 0x50, 0x50,
    0x50, 0x50, 0x50, 0x50, 0x50, 0x50, 0x50, 0x50, 0x50, 0x50, 0x50, 0x50, 0x50, 0x50, 0x50, 0x50, 0x50, 0x50, 0x50, 0x50, 0x50, 0x50, 0x50, 0x50,
    0x50, 0x50, 0x52, 0x4A, 0x49, 0x55, 0x70, 0x7D, 0x7B, 0x79, 0x5B, 0x4C, 0x47, 0x51, 0x51, 0x50, 0x50, 0x50, 0x50, 0x50, 0x50, 0x50, 0x50, 0x50,
    0x50, 0x50, 0x50, 0x50, 0x50, 0x50, 0x50, 0x50, 0x50, 0x50, 0x50, 0x50, 0x50, 0x50, 0x50, 0x50, 0x50, 0x50, 0x50, 0x50, 0x50, 0x50, 0x50, 0x50,
    0x50, 0x50, 0x50, 0x50, 0x50, 0x50, 0x50, 0x50, 0x50, 0x50, 0x52, 0x4A, 0x49, 0x55, 0x70, 0x7D, 0x7B, 0x79, 0x5B, 0x4C, 0x47, 0x51, 0x51, 0x50,
    0x50, 0x50, 0x50, 0x50, 0x50, 0x50, 0x50, 0x50, 0x50, 0x50, 0x50, 0x50, 0x50, 0x50, 0x50, 0x50, 0x50, 0x50, 0x50, 0x50, 0x50, 0x50, 0x50, 0x50,
    0x50, 0x50, 0x50, 0x50, 0x50, 0x50, 0x50, 0x50, 0x50, 0x50, 0x50, 0x50, 0x50, 0x50, 0x50, 0x50, 0x50, 0x50, 0x52, 0x4A, 0x49, 0x55, 0x70, 0x7D,
    0x7B, 0x79, 0x5B, 0x4C, 0x47, 0x51, 0x51, 0x50, 0x50, 0x50, 0x50, 0x50, 0x50, 0x50, 0x50, 0x50, 0x50, 0x50, 0x50, 0x50, 0x50, 0x50, 0x50, 0x50,
    0x50, 0x50, 0x50, 0x50, 0x50, 0x50, 0x50, 0x50, 0x50, 0x50, 0x50, 0x50, 0x50, 0x50, 0x50, 0x50, 0x50, 0x50, 0x50, 0x50, 0x50, 0x50, 0x50, 0x50,
    0x50, 0x50, 0x52, 0x4A, 0x49, 0x55, 0x70, 0x7D, 0x7B, 0x79, 0x5B, 0x4C, 0x47, 0x51, 0x51, 0x50, 0x50, 0x50, 0x50, 0x50, 0x50, 0x50, 0x50, 0x50,
    0x50, 0x50, 0x50, 0x50, 0x50, 0x50, 0x50, 0x50, 0x50, 0x50, 0x50, 0x50, 0x50, 0x50, 0x50, 0x50, 0x50, 0x50, 0x50, 0x50, 0x50, 0x50, 0x50, 0x50,
    0x50, 0x50, 0x50, 0x50, 0x50, 0x50, 0x50, 0x50, 0x50, 0x50, 0x50, 0x50, 0x50, 0x50, 0x50, 0x50, 0x50, 0x50, 0x50, 0x50, 0x50, 0x50, 0x50, 0x50,
    0x50, 0x50, 0x50, 0x50, 0x50, 0x50, 0x50, 0x50, 0x50, 0x50, 0x50, 0x50, 0x50, 0x50, 0x50, 0x50, 0x50, 0x50, 0x50, 0x50, 0x50, 0x50, 0x50, 0x50,
    0x50, 0x50, 0x50, 0x50, 0x4F, 0x52, 0x32, 0x26, 0x29, 0x28, 0x28, 0x28, 0x28, 0x28, 0x2A, 0x20, 0x78, 0xA8, 0x9C, 0xAA, 0x35, 0x00, 0x02, 0x00,
    0x00, 0x01, 0x00, 0x0A, 0x96, 0xA2, 0xA1, 0x99, 0x2F, 0x26, 0x29, 0x28, 0x28, 0x28, 0x28, 0x28, 0x29, 0x24, 0x3F, 0x54, 0x4E, 0x50, 0x50, 0x50,
    0x50, 0x50, 0x50, 0x50, 0x50, 0x50, 0x50, 0x50, 0x50, 0x50, 0x50, 0x50, 0x50, 0x50, 0x50, 0x50, 0x50, 0x50, 0x50, 0x50, 0x50, 0x50, 0x50, 0x50,
    0x50, 0x50, 0x50, 0x50, 0x50, 0x50, 0x50, 0x50, 0x50, 0x50, 0x50, 0x50, 0x50, 0x50, 0x50, 0x50, 0x50, 0x50, 0x50, 0x50, 0x50, 0x50, 0x50, 0x50,
    0x50, 0x50, 0x50, 0x50, 0x50, 0x50, 0x50, 0x50, 0x50, 0x50, 0x50, 0x50, 0x50, 0x50, 0x50, 0x50, 0x50, 0x50, 0x50, 0x50, 0x50, 0x50, 0x50, 0x50,
    0x50, 0x50, 0x50, 0x50, 0x50, 0x50, 0x50, 0x50, 0x50, 0x50, 0x50, 0x51, 0x52, 0x4E, 0x4A, 0x47, 0x48, 0x48, 0x4D, 0x51, 0x52, 0x50, 0x50, 0x50,
    0x50, 0x50, 0x50, 0x50, 0x50, 0x50, 0x50, 0x50, 0x50, 0x50, 0x50, 0x50, 0x50, 0x50, 0x50, 0x50, 0x50, 0x50, 0x50, 0x50, 0x50, 0x50, 0x50, 0x50,
    0x50, 0x50, 0x50, 0x50, 0x50, 0x50, 0x50, 0x50, 0x50, 0x50, 0x50, 0x50, 0x50, 0x50, 0x50, 0x50, 0x50, 0x50, 0x50, 0x51, 0x52, 0x4E, 0x4A, 0x47,
    0x48, 0x48, 0x4D, 0x51, 0x52, 0x50, 0x50, 0x50, 0x50, 0x50, 0x50, 0x50, 0x50, 0x50, 0x50, 0x50, 0x50, 0x50, 0x50, 0x50, 0x50, 0x50, 0x50, 0x50,
    0x50, 0x50, 0x50, 0x50, 0x50, 0x50, 0x50, 0x50, 0x50, 0x50, 0x50, 0x50, 0x50, 0x50, 0x50, 0x50, 0x50, 0x50, 0x50, 0x50, 0x50, 0x50, 0x50, 0x50,
    0x50, 0x50, 0x50, 0x51, 0x52, 0x4E, 0x4A, 0x47, 0x48, 0x48, 0x4D, 0x51, 0x52, 0x50, 0x50, 0x50, 0x50, 0x50, 0x50, 0x50, 0x50, 0x50, 0x50, 0x50,
    0x50, 0x50, 0x50, 0x50, 0x50, 0x50, 0x50, 0x50, 0x50, 0x50, 0x50, 0x50, 0x50, 0x50, 0x50, 0x50, 0x50, 0x50, 0x50, 0x50, 0x50, 0x50, 0x50, 0x50,
    0x50, 0x50, 0x50, 0x50, 0x50, 0x50, 0x50, 0x50, 0x50, 0x50, 0x50, 0x51, 0x52, 0x4E, 0x4A, 0x47, 0x48, 0x48, 0x4D, 0x51, 0x52, 0x50, 0x50, 0x50,
    0x50, 0x50, 0x50, 0x50, 0x50, 0x50, 0x50, 0x50, 0x50, 0x50, 0x50, 0x50, 0x50, 0x50, 0x50, 0x50, 0x50, 0x50, 0x50, 0x50, 0x50, 0x50, 0x50, 0x50,
    0x50, 0x50, 0x50, 0x50, 0x50, 0x50, 0x50, 0x50, 0x50, 0x50, 0x50, 0x50, 0x50, 0x50, 0x50, 0x50, 0x50, 0x50, 0x50, 0x51, 0x52, 0x4E, 0x4A, 0x47,
    0x48, 0x48, 0x4D, 0x51, 0x52, 0x50, 0x50, 0x50, 0x50, 0x50, 0x50, 0x50, 0x50, 0x50, 0x50, 0x50, 0x50, 0x50, 0x50, 0x50, 0x50, 0x50, 0x50, 0x50,
    0x50, 0x50, 0x50, 0x50, 0x50, 0x50, 0x50, 0x50, 0x50, 0x50, 0x50, 0x50, 0x50, 0x50, 0x50, 0x50, 0x50, 0x50, 0x50, 0x50, 0x50, 0x50, 0x50, 0x50,
    0x50, 0x50, 0x50, 0x51, 0x52, 0x4E, 0x4A, 0x47, 0x48, 0x48, 0x4D, 0x51, 0x52, 0x50, 0x50, 0x50, 0x50, 0x50, 0x50, 0x50, 0x50, 0x50, 0x50, 0x50,
    0x50, 0x50, 0x50, 0x50, 0x50, 0x50, 0x50, 0x50, 0x50, 0x50, 0x50, 0x50, 0x50, 0x50, 0x50, 0x50, 0x50, 0x50, 0x50, 0x50, 0x50, 0x50, 0x50, 0x50,
    0x50, 0x50, 0x50, 0x50, 0x50, 0x50, 0x50, 0x50, 0x50, 0x50, 0x50, 0x51, 0x52, 0x4E, 0x4A, 0x47, 0x48, 0x48, 0x4D, 0x51, 0x52, 0x50, 0x50, 0x50,
    0x50, 0x50, 0x50, 0x50, 0x50, 0x50, 0x50, 0x50, 0x50, 0x50, 0x50, 0x50, 0x50, 0x50, 0x50, 0x50, 0x50, 0x50, 0x50, 0x50, 0x50, 0x50, 0x50, 0x50,
    0x50, 0x50, 0x50, 0x50, 0x50, 0x50, 0x50, 0x50, 0x50, 0x50, 0x50, 0x50, 0x50, 0x50, 0x50, 0x50, 0x50, 0x50, 0x50, 0x50, 0x50, 0x50, 0x50, 0x50,
    0x50, 0x50, 0x50, 0x50, 0x50, 0x50, 0x50, 0x50, 0x50, 0x50, 0x50, 0x50, 0x50, 0x50, 0x50, 0x50, 0x50, 0x50, 0x50, 0x50, 0x50, 0x50, 0x50, 0x50,
    0x50, 0x50, 0x50, 0x50, 0x50, 0x50, 0x50, 0x50, 0x50, 0x50, 0x50, 0x4F, 0x52, 0x4C, 0x27, 0x28, 0x28, 0x28, 0x28, 0x28, 0x28, 0x28, 0x2A, 0x20,
    0x78, 0xA8, 0x9C, 0xAA, 0x35, 0x00, 0x02, 0x00, 0x00, 0x01, 0x00, 0x0A, 0x96, 0xA2, 0xA1, 0x99, 0x2F, 0x26, 0x29, 0x28, 0x28, 0x28, 0x28, 0x28,
    0x28, 0x27, 0x2B, 0x4C, 0x52, 0x4F, 0x50, 0x50, 0x50, 0x50, 0x50, 0x50, 0x50, 0x50, 0x50, 0x50, 0x50, 0x50, 0x50, 0x50, 0x50, 0x50, 0x50, 0x50,
    0x50, 0x50, 0x50, 0x50, 0x50, 0x50, 0x50, 0x50, 0x50, 0x50, 0x50, 0x50, 0x50, 0x50, 0x50, 0x50, 0x50, 0x50, 0x50, 0x50, 0x50, 0x50, 0x50, 0x50,
    0x50, 0x50, 0x50, 0x50, 0x50, 0x50, 0x50, 0x50, 0x50, 0x50, 0x50, 0x50, 0x50, 0x50, 0x50, 0x50, 0x50, 0x50, 0x50, 0x50, 0x50, 0x50, 0x50, 0x50,
    0x50, 0x50, 0x50, 0x50, 0x50, 0x50, 0x50, 0x50, 0x50, 0x50, 0x50, 0x50, 0x50, 0x50, 0x50, 0x50, 0x50, 0x50, 0x50, 0x50, 0x50, 0x50, 0x51, 0x52,
    0x52, 0x52, 0x51, 0x50, 0x50, 0x50, 0x50, 0x50, 0x50, 0x50, 0x50, 0x50, 0x50, 0x50, 0x50, 0x50, 0x50, 0x50, 0x50, 0x50, 0x50, 0x50, 0x50, 0x50,
    0x50, 0x50, 0x50, 0x50, 0x50, 0x50, 0x50, 0x50, 0x50, 0x50, 0x50, 0x50, 0x50, 0x50, 0x50, 0x50, 0x50, 0x50, 0x50, 0x50, 0x50, 0x50, 0x50, 0x50,
    0x50, 0x50, 0x50, 0x50, 0x50, 0x50, 0x51, 0x52, 0x52, 0x52, 0x51, 0x50, 0x50, 0x50, 0x50, 0x50, 0x50, 0x50, 0x50, 0x50, 0x50, 0x50, 0x50, 0x50,
    0x50, 0x50, 0x50, 0x50, 0x50, 0x50, 0x50, 0x50, 0x50, 0x50, 0x50, 0x50, 0x50, 0x50, 0x50, 0x50, 0x50, 0x50, 0x50, 0x50, 0x50, 0x50, 0x50, 0x50,
    0x50, 0x50, 0x50, 0x50, 0x50, 0x50, 0x50, 0x50, 0x50, 0x50, 0x50, 0x50, 0x50, 0x50, 0x51, 0x52, 0x52, 0x52, 0x51, 0x50, 0x50, 0x50, 0x50, 0x50,
    0x50, 0x50, 0x50, 0x50, 0x50, 0x50, 0x50, 0x50, 0x50, 0x50, 0x50, 0x50, 0x50, 0x50, 0x50, 0x50, 0x50, 0x50, 0x50, 0x50, 0x50, 0x50, 0x50, 0x50,
    0x50, 0x50, 0x50, 0x50, 0x50, 0x50, 0x50, 0x50, 0x50, 0x50, 0x50, 0x50, 0x50, 0x50, 0x50, 0x50, 0x50, 0x50, 0x50, 0x50, 0x50, 0x50, 0x51, 0x52,
    0x52, 0x52, 0x51, 0x50, 0x50, 0x50, 0x50, 0x50, 0x50, 0x50, 0x50, 0x50, 0x50, 0x50, 0x50, 0x50, 0x50, 0x50, 0x50, 0x50, 0x50, 0x50, 0x50, 0x50,
    0x50, 0x50, 0x50, 0x50, 0x50, 0x50, 0x50, 0x50, 0x50, 0x50, 0x50, 0x50, 0x50, 0x50, 0x50, 0x50, 0x50, 0x50, 0x50, 0x50, 0x50, 0x50, 0x50, 0x50,
    0x50, 0x50, 0x50, 0x50, 0x50, 0x50, 0x51, 0x52, 0x52, 0x52, 0x51, 0x50, 0x50, 0x50, 0x50, 0x50, 0x50, 0x50, 0x50, 0x50, 0x50, 0x50, 0x50, 0x50,
    0x50, 0x50, 0x50, 0x50, 0x50, 0x50, 0x50, 0x50, 0x50, 0x50, 0x50, 0x50, 0x50, 0x50, 0x50, 0x50, 0x50, 0x50, 0x50, 0x50, 0x50, 0x50, 0x50, 0x50,
    0x50, 0x50, 0x50, 0x50, 0x50, 0x50, 0x50, 0x50, 0x50, 0x50, 0x50, 0x50, 0x50, 0x50, 0x51, 0x52, 0x52, 0x52, 0x51, 0x50, 0x50, 0x50, 0x50, 0x50,
    0x50, 0x50, 0x50, 0x50, 0x50, 0x50, 0x50, 0x50, 0x50, 0x50, 0x50, 0x50, 0x50, 0x50, 0x50, 0x50, 0x50, 0x50, 0x50, 0x50, 0x50, 0x50, 0x50, 0x50,
    0x50, 0x50, 0x50, 0x50, 0x50, 0x50, 0x50, 0x50, 0x50, 0x50, 0x50, 0x50, 0x50, 0x50, 0x50, 0x50, 0x50, 0x50, 0x50, 0x50, 0x50, 0x50, 0x51, 0x52,
    0x52, 0x52, 0x51, 0x50, 0x50, 0x50, 0x50, 0x50, 0x50, 0x50, 0x50, 0x50, 0x50, 0x50, 0x50, 0x50, 0x50, 0x50, 0x50, 0x50, 0x50, 0x50, 0x50, 0x50,
    0x50, 0x50, 0x50, 0x50, 0x50, 0x50, 0x50, 0x50, 0x50, 0x50, 0x50, 0x50, 0x50, 0x50, 0x50, 0x50, 0x50, 0x50, 0x50, 0x50, 0x50, 0x50, 0x50, 0x50,
    0x50, 0x50, 0x50, 0x50, 0x50, 0x50, 0x50, 0x50, 0x50, 0x50, 0x50, 0x50, 0x50, 0x50, 0x50, 0x50, 0x50, 0x50, 0x50, 0x50, 0x50, 0x50, 0x50, 0x50,
    0x50, 0x50, 0x50, 0x50, 0x50, 0x50, 0x50, 0x50, 0x50, 0x50, 0x50, 0x50, 0x50, 0x50, 0x50, 0x50, 0x50, 0x50, 0x4F, 0x50, 0x53, 0x35, 0x26, 0x29,
    0x28, 0x28, 0x28, 0x28, 0x28, 0x28, 0x2A, 0x20, 0x78, 0xA8, 0x9C, 0xAA, 0x35, 0x00, 0x02, 0x00, 0x00, 0x01, 0x00, 0x0A, 0x96, 0xA2, 0xA1, 0x99,
    0x2F, 0x26, 0x29, 0x28, 0x28, 0x28, 0x28, 0x28, 0x28, 0x29, 0x26, 0x2C, 0x4C, 0x53, 0x50, 0x4F, 0x4F, 0x4F, 0x4F, 0x4F, 0x4F, 0x4F, 0x4F, 0x4F,
    0x4F, 0x4F, 0x4F, 0x4F, 0x4F, 0x4F, 0x4F, 0x4F, 0x4F, 0x4F, 0x4F, 0x4F, 0x4F, 0x4F, 0x4F, 0x4F, 0x4F, 0x4F, 0x4F, 0x4F, 0x4F, 0x4F, 0x4F, 0x4F,
    0x4F, 0x4F, 0x4F, 0x4F, 0x4F, 0x4F, 0x4F, 0x4F, 0x4F, 0x4F, 0x4F, 0x4F, 0x4F, 0x4F, 0x4F, 0x4F, 0x4F, 0x4F, 0x4F, 0x4F, 0x4F, 0x4F, 0x4F, 0x4F,
    0x4F, 0x4F, 0x4F, 0x4F, 0x4F, 0x4F, 0x4F, 0x4F, 0x4F, 0x4F, 0x4F, 0x4F, 0x4F, 0x4F, 0x4F, 0x4F, 0x4F, 0x4F, 0x4F, 0x4F, 0x4F, 0x4F, 0x4F, 0x4F,
    0x4F, 0x4F, 0x4F, 0x4F, 0x4F, 0x4F, 0x4F, 0x4F, 0x4F, 0x4F, 0x4F, 0x4F, 0x4F, 0x4F, 0x4F, 0x4F, 0x4F, 0x4F, 0x4F, 0x4F, 0x4F, 0x4F, 0x4F, 0x4F,
    0x4F, 0x4F, 0x4F, 0x4F, 0x4F, 0x4F, 0x4F, 0x4F, 0x4F, 0x4F, 0x4F, 0x4F, 0x4F, 0x4F, 0x4F, 0x4F, 0x4F, 0x4F, 0x4F, 0x4F, 0x4F, 0x4F, 0x4F, 0x4F,
    0x4F, 0x4F, 0x4F, 0x4F, 0x4F, 0x4F, 0x4F, 0x4F, 0x4F, 0x4F, 0x4F, 0x4F, 0x4F, 0x4F, 0x4F, 0x4F, 0x4F, 0x4F, 0x4F, 0x4F, 0x4F, 0x4F, 0x4F, 0x4F,
    0x4F, 0x4F, 0x4F, 0x4F, 0x4F, 0x4F, 0x4F, 0x4F, 0x4F, 0x4F, 0x4F, 0x4F, 0x4F, 0x4F, 0x4F, 0x4F, 0x4F, 0x4F, 0x4F, 0x4F, 0x4F, 0x4F, 0x4F, 0x4F,
    0x4F, 0x4F, 0x4F, 0x4F, 0x4F, 0x4F, 0x4F, 0x4F, 0x4F, 0x4F, 0x4F, 0x4F, 0x4F, 0x4F, 0x4F, 0x4F, 0x4F, 0x4F, 0x4F, 0x4F, 0x4F, 0x4F, 0x4F, 0x4F,
    0x4F, 0x4F, 0x4F, 0x4F, 0x4F, 0x4F, 0x4F, 0x4F, 0x4F, 0x4F, 0x4F, 0x4F, 0x4F, 0x4F, 0x4F, 0x4F, 0x4F, 0x4F, 0x4F, 0x4F, 0x4F, 0x4F, 0x4F, 0x4F,
    0x4F, 0x4F, 0x4F, 0x4F, 0x4F, 0x4F, 0x4F, 0x4F, 0x4F, 0x4F, 0x4F, 0x4F, 0x4F, 0x4F, 0x4F, 0x4F, 0x4F, 0x4F, 0x4F, 0x4F, 0x4F, 0x4F, 0x4F, 0x4F,
    0x4F, 0x4F, 0x4F, 0x4F, 0x4F, 0x4F, 0x4F, 0x4F, 0x4F, 0x4F, 0x4F, 0x4F, 0x4F, 0x4F, 0x4F, 0x4F, 0x4F, 0x4F, 0x4F, 0x4F, 0x4F, 0x4F, 0x4F, 0x4F,
    0x4F, 0x4F, 0x4F, 0x4F, 0x4F, 0x4F, 0x4F, 0x4F, 0x4F, 0x4F, 0x4F, 0x4F, 0x4F, 0x4F, 0x4F, 0x4F, 0x4F, 0x4F, 0x4F, 0x4F, 0x4F, 0x4F, 0x4F, 0x4F,
    0x4F, 0x4F, 0x4F, 0x4F, 0x4F, 0x4F, 0x4F, 0x4F, 0x4F, 0x4F, 0x4F, 0x4F, 0x4F, 0x4F, 0x4F, 0x4F, 0x4F, 0x4F, 0x4F, 0x4F, 0x4F, 0x4F, 0x4F, 0x4F,
    0x4F, 0x4F, 0x4F, 0x4F, 0x4F, 0x4F, 0x4F, 0x4F, 0x4F, 0x4F, 0x4F, 0x4F, 0x4F, 0x4F, 0x4F, 0x4F, 0x4F, 0x4F, 0x4F, 0x4F, 0x4F, 0x4F, 0x4F, 0x4F,
    0x4F, 0x4F, 0x4F, 0x4F, 0x4F, 0x4F, 0x4F, 0x4F, 0x4F, 0x4F, 0x4F, 0x4F, 0x4F, 0x4F, 0x4F, 0x4F, 0x4F, 0x4F, 0x4F, 0x4F, 0x4F, 0x4F, 0x4F, 0x4F,
    0x4F, 0x4F, 0x4F, 0x4F, 0x4F, 0x4F, 0x4F, 0x4F, 0x4F, 0x4F, 0x4F, 0x4F, 0x4F, 0x4F, 0x4F, 0x4F, 0x4F, 0x4F, 0x4F, 0x4F, 0x4F, 0x4F, 0x4F, 0x4F,
    0x4F, 0x4F, 0x4F, 0x4F, 0x4F, 0x4F, 0x4F, 0x4F, 0x4F, 0x4F, 0x4F, 0x4F, 0x4F, 0x4F, 0x4F, 0x4F, 0x4F, 0x4F, 0x4F, 0x4F, 0x4F, 0x4F, 0x4F, 0x4F,
    0x4F, 0x4F, 0x4F, 0x4F, 0x4F, 0x4F, 0x4F, 0x4F, 0x4F, 0x4F, 0x4F, 0x4F, 0x4F, 0x4F, 0x4F, 0x4F, 0x4F, 0x4F, 0x4F, 0x4F, 0x4F, 0x4F, 0x4F, 0x4F,
    0x4F, 0x4F, 0x4F, 0x4F, 0x4F, 0x4F, 0x4F, 0x4F, 0x4F, 0x4F, 0x4F, 0x4F, 0x4F, 0x4F, 0x4F, 0x4F, 0x4F, 0x4F, 0x4F, 0x4F, 0x4F, 0x4F, 0x4F, 0x4F,
    0x4F, 0x4F, 0x4F, 0x4F, 0x4F, 0x4F, 0x4F, 0x4F, 0x4F, 0x4F, 0x4F, 0x4F, 0x4F, 0x4F, 0x4F, 0x4F, 0x4F, 0x4F, 0x4F, 0x4F, 0x4F, 0x4F, 0x4F, 0x4F,
    0x4F, 0x4F, 0x4F, 0x4F, 0x4F, 0x4F, 0x4F, 0x4F, 0x4F, 0x4F, 0x4F, 0x4F, 0x4F, 0x4F, 0x4F, 0x4F, 0x4F, 0x4F, 0x4F, 0x4F, 0x4F, 0x4F, 0x4F, 0x4F,
    0x4F, 0x50, 0x51, 0x53, 0x36, 0x25, 0x29, 0x28, 0x28, 0x28, 0x28, 0x28, 0x28, 0x28, 0x2A, 0x20, 0x78, 0xA8, 0x9C, 0xAA, 0x35, 0x00, 0x02, 0x00,
    0x00, 0x01, 0x00, 0x0A, 0x96, 0xA2, 0xA1, 0x99, 0x2F, 0x26, 0x29, 0x28, 0x28, 0x28, 0x28, 0x28, 0x28, 0x28, 0x29, 0x26, 0x2C, 0x46, 0x50, 0x53,
    0x52, 0x53, 0x53, 0x53, 0x53, 0x53, 0x53, 0x53, 0x53, 0x53, 0x53, 0x53, 0x53, 0x53, 0x53, 0x53, 0x53, 0x53, 0x53, 0x53, 0x53, 0x53, 0x53, 0x53,
    0x53, 0x53, 0x53, 0x53, 0x53, 0x53, 0x53, 0x53, 0x53, 0x53, 0x53, 0x53, 0x53, 0x53, 0x53, 0x53, 0x53, 0x53, 0x53, 0x53, 0x53, 0x53, 0x53, 0x53,
    0x53, 0x53, 0x53, 0x53, 0x53, 0x53, 0x53, 0x53, 0x53, 0x53, 0x53, 0x53, 0x53, 0x53, 0x53, 0x53, 0x53, 0x53, 0x53, 0x53, 0x53, 0x53, 0x53, 0x53,
    0x53, 0x53, 0x53, 0x53, 0x53, 0x53, 0x53, 0x53, 0x53, 0x53, 0x53, 0x53, 0x53, 0x53, 0x53, 0x53, 0x53, 0x53, 0x53, 0x53, 0x53, 0x53, 0x53, 0x53,
    0x53, 0x53, 0x53, 0x53, 0x53, 0x53, 0x53, 0x53, 0x53, 0x53, 0x53, 0x53, 0x53, 0x53, 0x53, 0x53, 0x53, 0x53, 0x53, 0x53, 0x53, 0x53, 0x53, 0x53,
    0x53, 0x53, 0x53, 0x53, 0x53, 0x53, 0x53, 0x53, 0x53, 0x53, 0x53, 0x53, 0x53, 0x53, 0x53, 0x53, 0x53, 0x53, 0x53, 0x53, 0x53, 0x53, 0x53, 0x53,
    0x53, 0x53, 0x53, 0x53, 0x53, 0x53, 0x53, 0x53, 0x53, 0x53, 0x53, 0x53, 0x53, 0x53, 0x53, 0x53, 0x53, 0x53, 0x53, 0x53, 0x53, 0x53, 0x53, 0x53,
    0x53, 0x53, 0x53, 0x53, 0x53, 0x53, 0x53, 0x53, 0x53, 0x53, 0x53, 0x53, 0x53, 0x53, 0x53, 0x53, 0x53, 0x53, 0x53, 0x53, 0x53, 0x53, 0x53, 0x53,
    0x53, 0x53, 0x53, 0x53, 0x53, 0x53, 0x53, 0x53, 0x53, 0x53, 0x53, 0x53, 0x53, 0x53, 0x53, 0x53, 0x53, 0x53, 0x53, 0x53, 0x53, 0x53, 0x53, 0x53,
    0x53, 0x53, 0x53, 0x53, 0x53, 0x53, 0x53, 0x53, 0x53, 0x53, 0x53, 0x53, 0x53, 0x53, 0x53, 0x53, 0x53, 0x53, 0x53, 0x53, 0x53, 0x53, 0x53, 0x53,
    0x53, 0x53, 0x53, 0x53, 0x53, 0x53, 0x53, 0x53, 0x53, 0x53, 0x53, 0x53, 0x53, 0x53, 0x53, 0x53, 0x53, 0x53, 0x53, 0x53, 0x53, 0x53, 0x53, 0x53,
    0x53, 0x53, 0x53, 0x53, 0x53, 0x53, 0x53, 0x53, 0x53, 0x53, 0x53, 0x53, 0x53, 0x53, 0x53, 0x53, 0x53, 0x53, 0x53, 0x53, 0x53, 0x53, 0x53, 0x53,
    0x53, 0x53, 0x53, 0x53, 0x53, 0x53, 0x53, 0x53, 0x53, 0x53, 0x53, 0x53, 0x53, 0x53, 0x53, 0x53, 0x53, 0x53, 0x53, 0x53, 0x53, 0x53, 0x53, 0x53,
    0x53, 0x53, 0x53, 0x53, 0x53, 0x53, 0x53, 0x53, 0x53, 0x53, 0x53, 0x53, 0x53, 0x53, 0x53, 0x53, 0x53, 0x53, 0x53, 0x53, 0x53, 0x53, 0x53, 0x53,
    0x53, 0x53, 0x53, 0x53, 0x53, 0x53, 0x53, 0x53, 0x53, 0x53, 0x53, 0x53, 0x53, 0x53, 0x53, 0x53, 0x53, 0x53, 0x53, 0x53, 0x53, 0x53, 0x53, 0x53,
    0x53, 0x53, 0x53, 0x53, 0x53, 0x53, 0x53, 0x53, 0x53, 0x53, 0x53, 0x53, 0x53, 0x53, 0x53, 0x53, 0x53, 0x53, 0x53, 0x53, 0x53, 0x53, 0x53, 0x53,
    0x53, 0x53, 0x53, 0x53, 0x53, 0x53, 0x53, 0x53, 0x53, 0x53, 0x53, 0x53, 0x53, 0x53, 0x53, 0x53, 0x53, 0x53, 0x53, 0x53, 0x53, 0x53, 0x53, 0x53,
    0x53, 0x53, 0x53, 0x53, 0x53, 0x53, 0x53, 0x53, 0x53, 0x53, 0x53, 0x53, 0x53, 0x53, 0x53, 0x53, 0x53, 0x53, 0x53, 0x53, 0x53, 0x53, 0x53, 0x53,
    0x53, 0x53, 0x53, 0x53, 0x53, 0x53, 0x53, 0x53, 0x53, 0x53, 0x53, 0x53, 0x53, 0x53, 0x53, 0x53, 0x53, 0x53, 0x53, 0x53, 0x53, 0x53, 0x53, 0x53,
    0x53, 0x53, 0x53, 0x53, 0x53, 0x53, 0x53, 0x53, 0x53, 0x53, 0x53, 0x53, 0x53, 0x53, 0x53, 0x53, 0x53, 0x53, 0x53, 0x53, 0x53, 0x53, 0x53, 0x53,
    0x53, 0x53, 0x53, 0x53, 0x53, 0x53, 0x53, 0x53, 0x53, 0x53, 0x53, 0x53, 0x53, 0x53, 0x53, 0x53, 0x53, 0x53, 0x53, 0x53, 0x53, 0x53, 0x53, 0x53,
    0x53, 0x53, 0x53, 0x53, 0x53, 0x53, 0x53, 0x52, 0x53, 0x51, 0x4C, 0x35, 0x25, 0x29, 0x28, 0x28, 0x28, 0x28, 0x28, 0x28, 0x28, 0x28, 0x2A, 0x20,
    0x78, 0xA8, 0x9C, 0xAA, 0x35, 0x00, 0x02, 0x00, 0x00, 0x01, 0x00, 0x0A, 0x96, 0xA2, 0xA1, 0x99, 0x2F, 0x26, 0x29, 0x28, 0x28, 0x28, 0x28, 0x28,
    0x28, 0x28, 0x28, 0x29, 0x27, 0x26, 0x2E, 0x36, 0x35, 0x35, 0x35, 0x35, 0x35, 0x35, 0x35, 0x35, 0x35, 0x35, 0x35, 0x35, 0x35, 0x35, 0x35, 0x35,
    0x35, 0x35, 0x35, 0x35, 0x35, 0x35, 0x35, 0x35, 0x35, 0x35, 0x35, 0x35, 0x35, 0x35, 0x35, 0x35, 0x35, 0x35, 0x35, 0x35, 0x35, 0x35, 0x35, 0x35,
    0x35, 0x35, 0x35, 0x35, 0x35, 0x35, 0x35, 0x35, 0x35, 0x35, 0x35, 0x35, 0x35, 0x35, 0x35, 0x35, 0x35, 0x35, 0x35, 0x35, 0x35, 0x35, 0x35, 0x35,
    0x35, 0x35, 0x35, 0x35, 0x35, 0x35, 0x35, 0x35, 0x35, 0x35, 0x35, 0x35, 0x35, 0x35, 0x35, 0x35, 0x35, 0x35, 0x35, 0x35, 0x35, 0x35, 0x35, 0x35,
    0x35, 0x35, 0x35, 0x35, 0x35, 0x35, 0x35, 0x35, 0x35, 0x35, 0x35, 0x35, 0x35, 0x35, 0x35, 0x35, 0x35, 0x35, 0x35, 0x35, 0x35, 0x35, 0x35, 0x35,
    0x35, 0x35, 0x35, 0x35, 0x35, 0x35, 0x35, 0x35, 0x35, 0x35, 0x35, 0x35, 0x35, 0x35, 0x35, 0x35, 0x35, 0x35, 0x35, 0x35, 0x35, 0x35, 0x35, 0x35,
    0x35, 0x35, 0x35, 0x35, 0x35, 0x35, 0x35, 0x35, 0x35, 0x35, 0x35, 0x35, 0x35, 0x35, 0x35, 0x35, 0x35, 0x35, 0x35, 0x35, 0x35, 0x35, 0x35, 0x35,
    0x35, 0x35, 0x35, 0x35, 0x35, 0x35, 0x35, 0x35, 0x35, 0x35, 0x35, 0x35, 0x35, 0x35, 0x35, 0x35, 0x35, 0x35, 0x35, 0x35, 0x35, 0x35, 0x35, 0x35,
    0x35, 0x35, 0x35, 0x35, 0x35, 0x35, 0x35, 0x35, 0x35, 0x35, 0x35, 0x35, 0x35, 0x35, 0x35, 0x35, 0x35, 0x35, 0x35, 0x35, 0x35, 0x35, 0x35, 0x35,
    0x35, 0x35, 0x35, 0x35, 0x35, 0x35, 0x35, 0x35, 0x35, 0x35, 0x35, 0x35, 0x35, 0x35, 0x35, 0x35, 0x35, 0x35, 0x35, 0x35, 0x35, 0x35, 0x35, 0x35,
    0x35, 0x35, 0x35, 0x35, 0x35, 0x35, 0x35, 0x35, 0x35, 0x35, 0x35, 0x35, 0x35, 0x35, 0x35, 0x35, 0x35, 0x35, 0x35, 0x35, 0x35, 0x35, 0x35, 0x35,
    0x35, 0x35, 0x35, 0x35, 0x35, 0x35, 0x35, 0x35, 0x35, 0x35, 0x35, 0x35, 0x35, 0x35, 0x35, 0x35, 0x35, 0x35, 0x35, 0x35, 0x35, 0x35, 0x35, 0x35,
    0x35, 0x35, 0x35, 0x35, 0x35, 0x35, 0x35, 0x35, 0x35, 0x35, 0x35, 0x35, 0x35, 0x35, 0x35, 0x35, 0x35, 0x35, 0x35, 0x35, 0x35, 0x35, 0x35, 0x35,
    0x35, 0x35, 0x35, 0x35, 0x35, 0x35, 0x35, 0x35, 0x35, 0x35, 0x35, 0x35, 0x35, 0x35, 0x35, 0x35, 0x35, 0x35, 0x35, 0x35, 0x35, 0x35, 0x35, 0x35,
    0x35, 0x35, 0x35, 0x35, 0x35, 0x35, 0x35, 0x35, 0x35, 0x35, 0x35, 0x35, 0x35, 0x35, 0x35, 0x35, 0x35, 0x35, 0x35, 0x35, 0x35, 0x35, 0x35, 0x35,
    0x35, 0x35, 0x35, 0x35, 0x35, 0x35, 0x35, 0x35, 0x35, 0x35, 0x35, 0x35, 0x35, 0x35, 0x35, 0x35, 0x35, 0x35, 0x35, 0x35, 0x35, 0x35, 0x35, 0x35,
    0x35, 0x35, 0x35, 0x35, 0x35, 0x35, 0x35, 0x35, 0x35, 0x35, 0x35, 0x35, 0x35, 0x35, 0x35, 0x35, 0x35, 0x35, 0x35, 0x35, 0x35, 0x35, 0x35, 0x35,
    0x35, 0x35, 0x35, 0x35, 0x35, 0x35, 0x35, 0x35, 0x35, 0x35, 0x35, 0x35, 0x35, 0x35, 0x35, 0x35, 0x35, 0x35, 0x35, 0x35, 0x35, 0x35, 0x35, 0x35,
    0x35, 0x35, 0x35, 0x35, 0x35, 0x35, 0x35, 0x35, 0x35, 0x35, 0x35, 0x35, 0x35, 0x35, 0x35, 0x35, 0x35, 0x35, 0x35, 0x35, 0x35, 0x35, 0x35, 0x35,
    0x35, 0x35, 0x35, 0x35, 0x35, 0x35, 0x35, 0x35, 0x35, 0x35, 0x35, 0x35, 0x35, 0x35, 0x35, 0x35, 0x35, 0x35, 0x35, 0x35, 0x35, 0x35, 0x35, 0x35,
    0x35, 0x35, 0x35, 0x35, 0x35, 0x35, 0x35, 0x35, 0x35, 0x35, 0x35, 0x35, 0x35, 0x35, 0x35, 0x35, 0x35, 0x35, 0x35, 0x35, 0x35, 0x35, 0x35, 0x35,
    0x35, 0x35, 0x35, 0x35, 0x35, 0x35, 0x35, 0x35, 0x35, 0x35, 0x35, 0x35, 0x35, 0x35, 0x35, 0x35, 0x36, 0x32, 0x28, 0x26, 0x29, 0x28, 0x28, 0x28,
    0x28, 0x28, 0x28, 0x28, 0x28, 0x28, 0x2A, 0x20, 0x78, 0xA8, 0x9C, 0xAA, 0x35, 0x00, 0x02, 0x00, 0x00, 0x01, 0x00, 0x0A, 0x96, 0xA2, 0xA1, 0x99,
    0x2F, 0x26, 0x29, 0x28, 0x28, 0x28, 0x28, 0x28, 0x28, 0x28, 0x28, 0x28, 0x28, 0x28, 0x27, 0x25, 0x25, 0x25, 0x25, 0x25, 0x25, 0x25, 0x25, 0x25,
    0x25, 0x25, 0x25, 0x25, 0x25, 0x25, 0x25, 0x25, 0x25, 0x25, 0x25, 0x25, 0x25, 0x25, 0x25, 0x25, 0x25, 0x25, 0x25, 0x25, 0x25, 0x25, 0x25, 0x25,
    0x25, 0x25, 0x25, 0x25, 0x25, 0x25, 0x25, 0x25, 0x25, 0x25, 0x25, 0x25, 0x25, 0x25, 0x25, 0x25, 0x25, 0x25, 0x25, 0x25, 0x25, 0x25, 0x25, 0x25,
    0x25, 0x25, 0x25, 0x25, 0x25, 0x25, 0x25, 0x25, 0x25, 0x25, 0x25, 0x25, 0x25, 0x25, 0x25, 0x25, 0x25, 0x25, 0x25, 0x25, 0x25, 0x25, 0x25, 0x25,
    0x25, 0x25, 0x25, 0x25, 0x25, 0x25, 0x25, 0x25, 0x25, 0x25, 0x25, 0x25, 0x25, 0x25, 0x25, 0x25, 0x25, 0x25, 0x25, 0x25, 0x25, 0x25, 0x25, 0x25,
    0x25, 0x25, 0x25, 0x25, 0x25, 0x25, 0x25, 0x25, 0x25, 0x25, 0x25, 0x25, 0x25, 0x25, 0x25, 0x25, 0x25, 0x25, 0x25, 0x25, 0x25, 0x25, 0x25, 0x25,
    0x25, 0x25, 0x25, 0x25, 0x25, 0x25, 0x25, 0x25, 0x25, 0x25, 0x25, 0x25, 0x25, 0x25, 0x25, 0x25, 0x25, 0x25, 0x25, 0x25, 0x25, 0x25, 0x25, 0x25,
    0x25, 0x25, 0x25, 0x25, 0x25, 0x25, 0x25, 0x25, 0x25, 0x25, 0x25, 0x25, 0x25, 0x25, 0x25, 0x25, 0x25, 0x25, 0x25, 0x25, 0x25, 0x25, 0x25, 0x25,
    0x25, 0x25, 0x25, 0x25, 0x25, 0x25, 0x25, 0x25, 0x25, 0x25, 0x25, 0x25, 0x25, 0x25, 0x25, 0x25, 0x25, 0x25, 0x25, 0x25, 0x25, 0x25, 0x25, 0x25,
    0x25, 0x25, 0x25, 0x25, 0x25, 0x25, 0x25, 0x25, 0x25, 0x25, 0x25, 0x25, 0x25, 0x25, 0x25, 0x25, 0x25, 0x25, 0x25, 0x25, 0x25, 0x25, 0x25, 0x25,
    0x25, 0x25, 0x25, 0x25, 0x25, 0x25, 0x25, 0x25, 0x25, 0x25, 0x25, 0x25, 0x25, 0x25, 0x25, 0x25, 0x25, 0x25, 0x25, 0x25, 0x25, 0x25, 0x25, 0x25,
    0x25, 0x25, 0x25, 0x25, 0x25, 0x25, 0x25, 0x25, 0x25, 0x25, 0x25, 0x25, 0x25, 0x25, 0x25, 0x25, 0x25, 0x25, 0x25, 0x25, 0x25, 0x25, 0x25, 0x25,
    0x25, 0x25, 0x25, 0x25, 0x25, 0x25, 0x25, 0x25, 0x25, 0x25, 0x25, 0x25, 0x25, 0x25, 0x25, 0x25, 0x25, 0x25, 0x25, 0x25, 0x25, 0x25, 0x25, 0x25,
    0x25, 0x25, 0x25, 0x25, 0x25, 0x25, 0x25, 0x25, 0x25, 0x25, 0x25, 0x25, 0x25, 0x25, 0x25, 0x25, 0x25, 0x25, 0x25, 0x25, 0x25, 0x25, 0x25, 0x25,
    0x25, 0x25, 0x25, 0x25, 0x25, 0x25, 0x25, 0x25, 0x25, 0x25, 0x25, 0x25, 0x25, 0x25, 0x25, 0x25, 0x25, 0x25, 0x25, 0x25, 0x25, 0x25, 0x25, 0x25,
    0x25, 0x25, 0x25, 0x25, 0x25, 0x25, 0x25, 0x25, 0x25, 0x25, 0x25, 0x25, 0x25, 0x25, 0x25, 0x25, 0x25, 0x25, 0x25, 0x25, 0x25, 0x25, 0x25, 0x25,
    0x25, 0x25, 0x25, 0x25, 0x25, 0x25, 0x25, 0x25, 0x25, 0x25, 0x25, 0x25, 0x25, 0x25, 0x25, 0x25, 0x25, 0x25, 0x25, 0x25, 0x25, 0x25, 0x25, 0x25,
    0x25, 0x25, 0x25, 0x25, 0x25, 0x25, 0x25, 0x25, 0x25, 0x25, 0x25, 0x25, 0x25, 0x25, 0x25, 0x25, 0x25, 0x25, 0x25, 0x25, 0x25, 0x25, 0x25, 0x25,
    0x25, 0x25, 0x25, 0x25, 0x25, 0x25, 0x25, 0x25, 0x25, 0x25, 0x25, 0x25, 0x25, 0x25, 0x25, 0x25, 0x25, 0x25, 0x25, 0x25, 0x25, 0x25, 0x25, 0x25,
    0x25, 0x25, 0x25, 0x25, 0x25, 0x25, 0x25, 0x25, 0x25, 0x25, 0x25, 0x25, 0x25, 0x25, 0x25, 0x25, 0x25, 0x25, 0x25, 0x25, 0x25, 0x25, 0x25, 0x25,
    0x25, 0x25, 0x25, 0x25, 0x25, 0x25, 0x25, 0x25, 0x25, 0x25, 0x25, 0x25, 0x25, 0x25, 0x25, 0x25, 0x25, 0x25, 0x25, 0x25, 0x25, 0x25, 0x25, 0x25,
    0x25, 0x25, 0x25, 0x25, 0x25, 0x25, 0x25, 0x25, 0x25, 0x25, 0x25, 0x25, 0x25, 0x25, 0x25, 0x25, 0x25, 0x25, 0x25, 0x25, 0x25, 0x25, 0x25, 0x25,
    0x25, 0x26, 0x28, 0x28, 0x28, 0x28, 0x28, 0x28, 0x28, 0x28, 0x28, 0x28, 0x28, 0x28, 0x2A, 0x20, 0x78, 0xA8, 0x9C, 0xAA, 0x35, 0x00, 0x02, 0x00,
    0x00, 0x01, 0x00, 0x0A, 0x96, 0xA2, 0xA1, 0x99, 0x2F, 0x26, 0x29, 0x28, 0x28, 0x28, 0x28, 0x28, 0x28, 0x28, 0x28, 0x28, 0x28, 0x28, 0x28, 0x29,
    0x29, 0x29, 0x29, 0x29, 0x29, 0x29, 0x29, 0x29, 0x29, 0x29, 0x29, 0x29, 0x29, 0x29, 0x29, 0x29, 0x29, 0x29, 0x29, 0x29, 0x29, 0x29, 0x29, 0x29,
    0x29, 0x29, 0x29, 0x29, 0x29, 0x29, 0x29, 0x29, 0x29, 0x29, 0x29, 0x29, 0x29, 0x29, 0x29, 0x29, 0x29, 0x29, 0x29, 0x29, 0x29, 0x29, 0x29, 0x29,
    0x29, 0x29, 0x29, 0x29, 0x29, 0x29, 0x29, 0x29, 0x29, 0x29, 0x29, 0x29, 0x29, 0x29, 0x29, 0x29, 0x29, 0x29, 0x29, 0x29, 0x29, 0x29, 0x29, 0x29,
    0x29, 0x29, 0x29, 0x29, 0x29, 0x29, 0x29, 0x29, 0x29, 0x29, 0x29, 0x29, 0x29, 0x29, 0x29, 0x29, 0x29, 0x29, 0x29, 0x29, 0x29, 0x29, 0x29, 0x29,
    0x29, 0x29, 0x29, 0x29, 0x29, 0x29, 0x29, 0x29, 0x29, 0x29, 0x29, 0x29, 0x29, 0x29, 0x29, 0x29, 0x29, 0x29, 0x29, 0x29, 0x29, 0x29, 0x29, 0x29,
    0x29, 0x29, 0x29, 0x29, 0x29, 0x29, 0x29, 0x29, 0x29, 0x29, 0x29, 0x29, 0x29, 0x29, 0x29, 0x29, 0x29, 0x29, 0x29, 0x29, 0x29, 0x29, 0x29, 0x29,
    0x29, 0x29, 0x29, 0x29, 0x29, 0x29, 0x29, 0x29, 0x29, 0x29, 0x29, 0x29, 0x29, 0x29, 0x29, 0x29, 0x29, 0x29, 0x29, 0x29, 0x29, 0x29, 0x29, 0x29,
    0x29, 0x29, 0x29, 0x29, 0x29, 0x29, 0x29, 0x29, 0x29, 0x29, 0x29, 0x29, 0x29, 0x29, 0x29, 0x29, 0x29, 0x29, 0x29, 0x29, 0x29, 0x29, 0x29, 0x29,
    0x29, 0x29, 0x29, 0x29, 0x29, 0x29, 0x29, 0x29, 0x29, 0x29, 0x29, 0x29, 0x29, 0x29, 0x29, 0x29, 0x29, 0x29, 0x29, 0x29, 0x29, 0x29, 0x29, 0x29,
    0x29, 0x29, 0x29, 0x29, 0x29, 0x29, 0x29, 0x29, 0x29, 0x29, 0x29, 0x29, 0x29, 0x29, 0x29, 0x29, 0x29, 0x29, 0x29, 0x29, 0x29, 0x29, 0x29, 0x29,
    0x29, 0x29, 0x29, 0x29, 0x29, 0x29, 0x29, 0x29, 0x29, 0x29, 0x29, 0x29, 0x29, 0x29, 0x29, 0x29, 0x29, 0x29, 0x29, 0x29, 0x29, 0x29, 0x29, 0x29,
    0x29, 0x29, 0x29, 0x29, 0x29, 0x29, 0x29, 0x29, 0x29, 0x29, 0x29, 0x29, 0x29, 0x29, 0x29, 0x29, 0x29, 0x29, 0x29, 0x29, 0x29, 0x29, 0x29, 0x29,
    0x29, 0x29, 0x29, 0x29, 0x29, 0x29, 0x29, 0x29, 0x29, 0x29, 0x29, 0x29, 0x29, 0x29, 0x29, 0x29, 0x29, 0x29, 0x29, 0x29, 0x29, 0x29, 0x29, 0x29,
    0x29, 0x29, 0x29, 0x29, 0x29, 0x29, 0x29, 0x29, 0x29, 0x29, 0x29, 0x29, 0x29, 0x29, 0x29, 0x29, 0x29, 0x29, 0x29, 0x29, 0x29, 0x29, 0x29, 0x29,
    0x29, 0x29, 0x29, 0x29, 0x29, 0x29, 0x29, 0x29, 0x29, 0x29, 0x29, 0x29, 0x29, 0x29, 0x29, 0x29, 0x29, 0x29, 0x29, 0x29, 0x29, 0x29, 0x29, 0x29,
    0x29, 0x29, 0x29, 0x29, 0x29, 0x29, 0x29, 0x29, 0x29, 0x29, 0x29, 0x29, 0x29, 0x29, 0x29, 0x29, 0x29, 0x29, 0x29, 0x29, 0x29, 0x29, 0x29, 0x29,
    0x29, 0x29, 0x29, 0x29, 0x29, 0x29, 0x29, 0x29, 0x29, 0x29, 0x29, 0x29, 0x29, 0x29, 0x29, 0x29, 0x29, 0x29, 0x29, 0x29, 0x29, 0x29, 0x29, 0x29,
    0x29, 0x29, 0x29, 0x29, 0x29, 0x29, 0x29, 0x29, 0x29, 0x29, 0x29, 0x29, 0x29, 0x29, 0x29, 0x29, 0x29, 0x29, 0x29, 0x29, 0x29, 0x29, 0x29, 0x29,
    0x29, 0x29, 0x29, 0x29, 0x29, 0x29, 0x29, 0x29, 0x29, 0x29, 0x29, 0x29, 0x29, 0x29, 0x29, 0x29, 0x29, 0x29, 0x29, 0x29, 0x29, 0x29, 0x29, 0x29,
    0x29, 0x29, 0x29, 0x29, 0x29, 0x29, 0x29, 0x29, 0x29, 0x29, 0x29, 0x29, 0x29, 0x29, 0x29, 0x29, 0x29, 0x29, 0x29, 0x29, 0x29, 0x29, 0x29, 0x29,
    0x29, 0x29, 0x29, 0x29, 0x29, 0x29, 0x29, 0x29, 0x29, 0x29, 0x29, 0x29, 0x29, 0x29, 0x29, 0x29, 0x29, 0x29, 0x29, 0x29, 0x29, 0x29, 0x29, 0x29,
    0x29, 0x29, 0x29, 0x29, 0x29, 0x29, 0x29, 0x29, 0x29, 0x28, 0x28, 0x28, 0x28, 0x28, 0x28, 0x28, 0x28, 0x28, 0x28, 0x28, 0x28, 0x28, 0x2A, 0x20,
    0x78, 0xA8, 0x9C, 0xAA, 0x35, 0x00, 0x02, 0x00, 0x00, 0x01, 0x00, 0x0A, 0x96, 0xA2, 0xA1, 0x99, 0x2F, 0x26, 0x29, 0x28, 0x28, 0x28, 0x28, 0x28,
    0x28, 0x28, 0x28, 0x28, 0x28, 0x28, 0x28, 0x28, 0x28, 0x28, 0x28, 0x28, 0x28, 0x28, 0x28, 0x28, 0x28, 0x28, 0x28, 0x28, 0x28, 0x28, 0x28, 0x28,
    0x28, 0x28, 0x28, 0x28, 0x28, 0x28, 0x28, 0x28, 0x28, 0x28, 0x28, 0x28, 0x28, 0x28, 0x28, 0x28, 0x28, 0x28, 0x28, 0x28, 0x28, 0x28, 0x28, 0x28,
    0x28, 0x28, 0x28, 0x28, 0x28, 0x28, 0x28, 0x28, 0x28, 0x28, 0x28, 0x28, 0x28, 0x28, 0x28, 0x28, 0x28, 0x28, 0x28, 0x28, 0x28, 0x28, 0x28, 0x28,
    0x28, 0x28, 0x28, 0x28, 0x28, 0x28, 0x28, 0x28, 0x28, 0x28, 0x28, 0x28, 0x28, 0x28, 0x28, 0x28, 0x28, 0x28, 0x28, 0x28, 0x28, 0x28, 0x28, 0x28,
    0x28, 0x28, 0x28, 0x28, 0x28, 0x28, 0x28, 0x28, 0x28, 0x28, 0x28, 0x28, 0x28, 0x28, 0x28, 0x28, 0x28, 0x28, 0x28, 0x28, 0x28, 0x28, 0x28, 0x28,
    0x28, 0x28, 0x28, 0x28, 0x28, 0x28, 0x28, 0x28, 0x28, 0x28, 0x28, 0x28, 0x28, 0x28, 0x28, 0x28, 0x28, 0x28, 0x28, 0x28, 0x28, 0x28, 0x28, 0x28,
    0x28, 0x28, 0x28, 0x28, 0x28, 0x28, 0x28, 0x28, 0x28, 0x28, 0x28, 0x28, 0x28, 0x28, 0x28, 0x28, 0x28, 0x28, 0x28, 0x28, 0x28, 0x28, 0x28, 0x28,
    0x28, 0x28, 0x28, 0x28, 0x28, 0x28, 0x28, 0x28, 0x28, 0x28, 0x28, 0x28, 0x28, 0x28, 0x28, 0x28, 0x28, 0x28, 0x28, 0x28, 0x28, 0x28, 0x28, 0x28,
    0x28, 0x28, 0x28, 0x28, 0x28, 0x28, 0x28, 0x28, 0x28, 0x28, 0x28, 0x28, 0x28, 0x28, 0x28, 0x28, 0x28, 0x28, 0x28, 0x28, 0x28, 0x28, 0x28, 0x28,
    0x28, 0x28, 0x28, 0x28, 0x28, 0x28, 0x28, 0x28, 0x28, 0x28, 0x28, 0x28, 0x28, 0x28, 0x28, 0x28, 0x28, 0x28, 0x28, 0x28, 0x28, 0x28, 0x28, 0x28,
    0x28, 0x28, 0x28, 0x28, 0x28, 0x28, 0x28, 0x28, 0x28, 0x28, 0x28, 0x28, 0x28, 0x28, 0x28, 0x28, 0x28, 0x28, 0x28, 0x28, 0x28, 0x28, 0x28, 0x28,
    0x28, 0x28, 0x28, 0x28, 0x28, 0x28, 0x28, 0x28, 0x28, 0x28, 0x28, 0x28, 0x28, 0x28, 0x28, 0x28, 0x28, 0x28, 0x28, 0x28, 0x28, 0x28, 0x28, 0x28,
    0x28, 0x28, 0x28, 0x28, 0x28, 0x28, 0x28, 0x28, 0x28, 0x28, 0x28, 0x28, 0x28, 0x28, 0x28, 0x28, 0x28, 0x28, 0x28, 0x28, 0x28, 0x28, 0x28, 0x28,
    0x28, 0x28, 0x28, 0x28, 0x28, 0x28, 0x28, 0x28, 0x28, 0x28, 0x28, 0x28, 0x28, 0x28, 0x28, 0x28, 0x28, 0x28, 0x28, 0x28, 0x28, 0x28, 0x28, 0x28,
    0x28, 0x28, 0x28, 0x28, 0x28, 0x28, 0x28, 0x28, 0x28, 0x28, 0x28, 0x28, 0x28, 0x28, 0x28, 0x28, 0x28, 0x28, 0x28, 0x28, 0x28, 0x28, 0x28, 0x28,
    0x28, 0x28, 0x28, 0x28, 0x28, 0x28, 0x28, 0x28, 0x28, 0x28, 0x28, 0x28, 0x28, 0x28, 0x28, 0x28, 0x28, 0x28, 0x28, 0x28, 0x28, 0x28, 0x28, 0x28,
    0x28, 0x28, 0x28, 0x28, 0x28, 0x28, 0x28, 0x28, 0x28, 0x28, 0x28, 0x28, 0x28, 0x28, 0x28, 0x28, 0x28, 0x28, 0x28, 0x28, 0x28, 0x28, 0x28, 0x28,
    0x28, 0x28, 0x28, 0x28, 0x28, 0x28, 0x28, 0x28, 0x28, 0x28, 0x28, 0x28, 0x28, 0x28, 0x28, 0x28, 0x28, 0x28, 0x28, 0x28, 0x28, 0x28, 0x28, 0x28,
    0x28, 0x28, 0x28, 0x28, 0x28, 0x28, 0x28, 0x28, 0x28, 0x28, 0x28, 0x28, 0x28, 0x28, 0x28, 0x28, 0x28, 0x28, 0x28, 0x28, 0x28, 0x28, 0x28, 0x28,
    0x28, 0x28, 0x28, 0x28, 0x28, 0x28, 0x28, 0x28, 0x28, 0x28, 0x28, 0x28, 0x28, 0x28, 0x28, 0x28, 0x28, 0x28, 0x28, 0x28, 0x28, 0x28, 0x28, 0x28,
    0x28, 0x28, 0x28, 0x28, 0x28, 0x28, 0x28, 0x28, 0x28, 0x28, 0x28, 0x28, 0x28, 0x28, 0x28, 0x28, 0x28, 0x28, 0x28, 0x28, 0x28, 0x28, 0x28, 0x28,
    0x28, 0x28, 0x28, 0x28, 0x28, 0x28, 0x28, 0x28, 0x28, 0x28, 0x28, 0x28, 0x28, 0x28, 0x28, 0x28, 0x28, 0x28, 0x28, 0x28, 0x28, 0x28, 0x28, 0x28,
    0x28, 0x28, 0x28, 0x28, 0x28, 0x28, 0x2A, 0x20, 0x78, 0xA8, 0x9C, 0xAA, 0x35, 0x00, 0x02, 0x00, 0x00, 0x01, 0x00, 0x0A, 0x96, 0xA2, 0xA1, 0x99,
    0x2F, 0x26, 0x29, 0x28, 0x28, 0x28, 0x28, 0x28, 0x28, 0x28, 0x28, 0x28, 0x28, 0x28, 0x28, 0x28, 0x28, 0x28, 0x28, 0x28, 0x28, 0x28, 0x28, 0x28,
    0x28, 0x28, 0x28, 0x28, 0x28, 0x28, 0x28, 0x28, 0x28, 0x28, 0x28, 0x28, 0x28, 0x28, 0x28, 0x28, 0x28, 0x28, 0x28, 0x28, 0x28, 0x28, 0x28, 0x28,
    0x28, 0x28, 0x28, 0x28, 0x28, 0x28, 0x28, 0x28, 0x28, 0x28, 0x28, 0x28, 0x28, 0x28, 0x28, 0x28, 0x28, 0x28, 0x28, 0x28, 0x28, 0x28, 0x28, 0x28,
    0x28, 0x28, 0x28, 0x28, 0x28, 0x28, 0x28, 0x28, 0x28, 0x28, 0x28, 0x28, 0x28, 0x28, 0x28, 0x28, 0x28, 0x28, 0x28, 0x28, 0x28, 0x28, 0x28, 0x28,
    0x28, 0x28, 0x28, 0x28, 0x28, 0x28, 0x28, 0x28, 0x28, 0x28, 0x28, 0x28, 0x28, 0x28, 0x28, 0x28, 0x28, 0x28, 0x28, 0x28, 0x28, 0x28, 0x28, 0x28,
    0x28, 0x28, 0x28, 0x28, 0x28, 0x28, 0x28, 0x28, 0x28, 0x28, 0x28, 0x28, 0x28, 0x28, 0x28, 0x28, 0x28, 0x28, 0x28, 0x28, 0x28, 0x28, 0x28, 0x28,
    0x28, 0x28, 0x28, 0x28, 0x28, 0x28, 0x28, 0x28, 0x28, 0x28, 0x28, 0x28, 0x28, 0x28, 0x28, 0x28, 0x28, 0x28, 0x28, 0x28, 0x28, 0x28, 0x28, 0x28,
    0x28, 0x28, 0x28, 0x28, 0x28, 0x28, 0x28, 0x28, 0x28, 0x28, 0x28, 0x28, 0x28, 0x28, 0x28, 0x28, 0x28, 0x28, 0x28, 0x28, 0x28, 0x28, 0x28, 0x28,
    0x28, 0x28, 0x28, 0x28, 0x28, 0x28, 0x28, 0x28, 0x28, 0x28, 0x28, 0x28, 0x28, 0x28, 0x28, 0x28, 0x28, 0x28, 0x28, 0x28, 0x28, 0x28, 0x28, 0x28,
    0x28, 0x28, 0x28, 0x28, 0x28, 0x28, 0x28, 0x28, 0x28, 0x28, 0x28, 0x28, 0x28, 0x28, 0x28, 0x28, 0x28, 0x28, 0x28, 0x28, 0x28, 0x28, 0x28, 0x28,
    0x28, 0x28, 0x28, 0x28, 0x28, 0x28, 0x28, 0x28, 0x28, 0x28, 0x28, 0x28, 0x28, 0x28, 0x28, 0x28, 0x28, 0x28, 0x28, 0x28, 0x28, 0x28, 0x28, 0x28,
    0x28, 0x28, 0x28, 0x28, 0x28, 0x28, 0x28, 0x28, 0x28, 0x28, 0x28, 0x28, 0x28, 0x28, 0x28, 0x28, 0x28, 0x28, 0x28, 0x28, 0x28, 0x28, 0x28, 0x28,
    0x28, 0x28, 0x28, 0x28, 0x28, 0x28, 0x28, 0x28, 0x28, 0x28, 0x28, 0x28, 0x28, 0x28, 0x28, 0x28, 0x28, 0x28, 0x28, 0x28, 0x28, 0x28, 0x28, 0x28,
    0x28, 0x28, 0x28, 0x28, 0x28, 0x28, 0x28, 0x28, 0x28, 0x28, 0x28, 0x28, 0x28, 0x28, 0x28, 0x28, 0x28, 0x28, 0x28, 0x28, 0x28, 0x28, 0x28, 0x28,
    0x28, 0x28, 0x28, 0x28, 0x28, 0x28, 0x28, 0x28, 0x28, 0x28, 0x28, 0x28, 0x28, 0x28, 0x28, 0x28, 0x28, 0x28, 0x28, 0x28, 0x28, 0x28, 0x28, 0x28,
    0x28, 0x28, 0x28, 0x28, 0x28, 0x28, 0x28, 0x28, 0x28, 0x28, 0x28, 0x28, 0x28, 0x28, 0x28, 0x28, 0x28, 0x28, 0x28, 0x28, 0x28, 0x28, 0x28, 0x28,
    0x28, 0x28, 0x28, 0x28, 0x28, 0x28, 0x28, 0x28, 0x28, 0x28, 0x28, 0x28, 0x28, 0x28, 0x28, 0x28, 0x28, 0x28, 0x28, 0x28, 0x28, 0x28, 0x28, 0x28,
    0x28, 0x28, 0x28, 0x28, 0x28, 0x28, 0x28, 0x28, 0x28, 0x28, 0x28, 0x28, 0x28, 0x28, 0x28, 0x28, 0x28, 0x28, 0x28, 0x28, 0x28, 0x28, 0x28, 0x28,
    0x28, 0x28, 0x28, 0x28, 0x28, 0x28, 0x28, 0x28, 0x28, 0x28, 0x28, 0x28, 0x28, 0x28, 0x28, 0x28, 0x28, 0x28, 0x28, 0x28, 0x28, 0x28, 0x28, 0x28,
    0x28, 0x28, 0x28, 0x28, 0x28, 0x28, 0x28, 0x28, 0x28, 0x28, 0x28, 0x28, 0x28, 0x28, 0x28, 0x28, 0x28, 0x28, 0x28, 0x28, 0x28, 0x28, 0x28, 0x28,
    0x28, 0x28, 0x28, 0x28, 0x28, 0x28, 0x28, 0x28, 0x28, 0x28, 0x28, 0x28, 0x28, 0x28, 0x28, 0x28, 0x28, 0x28, 0x28, 0x28, 0x28, 0x28, 0x28, 0x28,
    0x28, 0x28, 0x28, 0x28, 0x28, 0x28, 0x28, 0x28, 0x28, 0x28, 0x28, 0x28, 0x28, 0x28, 0x28, 0x28, 0x28, 0x28, 0x28, 0x28, 0x28, 0x28, 0x28, 0x28,
    0x28, 0x28, 0x28, 0x28, 0x28, 0x28, 0x28, 0x28, 0x28, 0x28, 0x28, 0x28, 0x28, 0x28, 0x2A, 0x20, 0x78, 0xA8, 0x9C, 0xAA, 0x35, 0x00, 0x02, 0x00,
    0x00, 0x01, 0x00, 0x0A, 0x96, 0xA2, 0xA1, 0x99, 0x2F, 0x26, 0x29, 0x28, 0x28, 0x28, 0x28, 0x28, 0x28, 0x28, 0x28, 0x28, 0x28, 0x28, 0x28, 0x29,
    0x28, 0x28, 0x28, 0x28, 0x28, 0x28, 0x28, 0x28, 0x29, 0x28, 0x28, 0x28, 0x28, 0x28, 0x28, 0x28, 0x28, 0x29, 0x28, 0x28, 0x28, 0x28, 0x28, 0x28,
    0x28, 0x28, 0x29, 0x28, 0x28, 0x28, 0x28, 0x28, 0x28, 0x28, 0x28, 0x29, 0x28, 0x28, 0x28, 0x28, 0x28, 0x28, 0x28, 0x28, 0x29, 0x28, 0x28, 0x28,
    0x28, 0x28, 0x28, 0x28, 0x28, 0x29, 0x28, 0x28, 0x28, 0x28, 0x28, 0x28, 0x28, 0x28, 0x29, 0x28, 0x28, 0x28, 0x28, 0x28, 0x28, 0x28, 0x28, 0x29,
    0x28, 0x28, 0x28, 0x28, 0x28, 0x28, 0x28, 0x28, 0x29, 0x28, 0x28, 0x28, 0x28, 0x28, 0x28, 0x28, 0x28, 0x29, 0x28, 0x28, 0x28, 0x28, 0x28, 0x28,
    0x28, 0x28, 0x29, 0x28, 0x28, 0x28, 0x28, 0x28, 0x28, 0x28, 0x28, 0x29, 0x28, 0x28, 0x28, 0x28, 0x28, 0x28, 0x28, 0x28, 0x29, 0x28, 0x28, 0x28,
    0x28, 0x28, 0x28, 0x28, 0x28, 0x29, 0x28, 0x28, 0x28, 0x28, 0x28, 0x28, 0x28, 0x28, 0x29, 0x28, 0x28, 0x28, 0x28, 0x28, 0x28, 0x28, 0x28, 0x29,
    0x28, 0x28, 0x28, 0x28, 0x28, 0x28, 0x28, 0x28, 0x29, 0x28, 0x28, 0x28, 0x28, 0x28, 0x28, 0x28, 0x28, 0x29, 0x28, 0x28, 0x28, 0x28, 0x28, 0x28,
    0x28, 0x28, 0x29, 0x28, 0x28, 0x28, 0x28, 0x28, 0x28, 0x28, 0x28, 0x29, 0x28, 0x28, 0x28, 0x28, 0x28, 0x28, 0x28, 0x28, 0x29, 0x28, 0x28, 0x28,
    0x28, 0x28, 0x28, 0x28, 0x28, 0x29, 0x28, 0x28, 0x28, 0x28, 0x28, 0x28, 0x28, 0x28, 0x29, 0x28, 0x28, 0x28, 0x28, 0x28, 0x28, 0x28, 0x28, 0x29,
    0x28, 0x28, 0x28, 0x28, 0x28, 0x28, 0x28, 0x28, 0x29, 0x28, 0x28, 0x28, 0x28, 0x28, 0x28, 0x28, 0x28, 0x29, 0x28, 0x28, 0x28, 0x28, 0x28, 0x28,
    0x28, 0x28, 0x29, 0x28, 0x28, 0x28, 0x28, 0x28, 0x28, 0x28, 0x28, 0x29, 0x28, 0x28, 0x28, 0x28, 0x28, 0x28, 0x28, 0x28, 0x29, 0x28, 0x28, 0x28,
    0x28, 0x28, 0x28, 0x28, 0x28, 0x29, 0x28, 0x28, 0x28, 0x28, 0x28, 0x28, 0x28, 0x28, 0x29, 0x28, 0x28, 0x28, 0x28, 0x28, 0x28, 0x28, 0x28, 0x29,
    0x28, 0x28, 0x28, 0x28, 0x28, 0x28, 0x28, 0x28, 0x29, 0x28, 0x28, 0x28, 0x28, 0x28, 0x28, 0x28, 0x28, 0x29, 0x28, 0x28, 0x28, 0x28, 0x28, 0x28,
    0x28, 0x28, 0x29, 0x28, 0x28, 0x28, 0x28, 0x28, 0x28, 0x28, 0x28, 0x29, 0x28, 0x28, 0x28, 0x28, 0x28, 0x28, 0x28, 0x28, 0x29, 0x28, 0x28, 0x28,
    0x28, 0x28, 0x28, 0x28, 0x28, 0x29, 0x28, 0x28, 0x28, 0x28, 0x28, 0x28, 0x28, 0x28, 0x29, 0x28, 0x28, 0x28, 0x28, 0x28, 0x28, 0x28, 0x28, 0x29,
    0x28, 0x28, 0x28, 0x28, 0x28, 0x28, 0x28, 0x28, 0x29, 0x28, 0x28, 0x28, 0x28, 0x28, 0x28, 0x28, 0x28, 0x29, 0x28, 0x28, 0x28, 0x28, 0x28, 0x28,
    0x28, 0x28, 0x29, 0x28, 0x28, 0x28, 0x28, 0x28, 0x28, 0x28, 0x28, 0x29, 0x28, 0x28, 0x28, 0x28, 0x28, 0x28, 0x28, 0x28, 0x29, 0x28, 0x28, 0x28,
    0x28, 0x28, 0x28, 0x28, 0x28, 0x29, 0x28, 0x28, 0x28, 0x28, 0x28, 0x28, 0x28, 0x28, 0x29, 0x28, 0x28, 0x28, 0x28, 0x28, 0x28, 0x28, 0x28, 0x29,
    0x28, 0x28, 0x28, 0x28, 0x28, 0x28, 0x28, 0x28, 0x29, 0x28, 0x28, 0x28, 0x28, 0x28, 0x28, 0x28, 0x28, 0x29, 0x28, 0x28, 0x28, 0x28, 0x28, 0x28,
    0x28, 0x28, 0x29, 0x28, 0x28, 0x28, 0x28, 0x28, 0x28, 0x28, 0x28, 0x29, 0x28, 0x28, 0x28, 0x28, 0x28, 0x28, 0x28, 0x28, 0x29, 0x28, 0x28, 0x28,
    0x28, 0x28, 0x28, 0x28, 0x28, 0x29, 0x28, 0x28, 0x28, 0x28, 0x28, 0x28, 0x28, 0x28, 0x28, 0x28, 0x28, 0x28, 0x28, 0x28, 0x28, 0x28, 0x28, 0x28,
    0x28, 0x28, 0x28, 0x28, 0x28, 0x28, 0x28, 0x28, 0x28, 0x28, 0x28, 0x28, 0x28, 0x28, 0x28, 0x28, 0x28, 0x28, 0x28, 0x28, 0x28, 0x28, 0x2A, 0x20,
    0x78, 0xA8, 0x9C, 0xAA, 0x35, 0x00, 0x02, 0x00, 0x00, 0x01, 0x00, 0x0A, 0x96, 0xA2, 0xA1, 0x99, 0x2F, 0x26, 0x29, 0x28, 0x28, 0x28, 0x28, 0x28,
    0x28, 0x28, 0x28, 0x28, 0x28, 0x29, 0x28, 0x25, 0x27, 0x27, 0x27, 0x27, 0x27, 0x27, 0x27, 0x27, 0x26, 0x27, 0x27, 0x27, 0x27, 0x27, 0x27, 0x27,
    0x27, 0x26, 0x27, 0x27, 0x27, 0x27, 0x27, 0x27, 0x27, 0x27, 0x26, 0x27, 0x27, 0x27, 0x27, 0x27, 0x27, 0x27, 0x27, 0x26, 0x27, 0x27, 0x27, 0x27,
    0x27, 0x27, 0x27, 0x27, 0x26, 0x27, 0x27, 0x27, 0x27, 0x27, 0x27, 0x27, 0x27, 0x26, 0x27, 0x27, 0x27, 0x27, 0x27, 0x27, 0x27, 0x27, 0x26, 0x27,
    0x27, 0x27, 0x27, 0x27, 0x27, 0x27, 0x27, 0x26, 0x27, 0x27, 0x27, 0x27, 0x27, 0x27, 0x27, 0x27, 0x26, 0x27, 0x27, 0x27, 0x27, 0x27, 0x27, 0x27,
    0x27, 0x26, 0x27, 0x27, 0x27, 0x27, 0x27, 0x27, 0x27, 0x27, 0x26, 0x27, 0x27, 0x27, 0x27, 0x27, 0x27, 0x27, 0x27, 0x26, 0x27, 0x27, 0x27, 0x27,
    0x27, 0x27, 0x27, 0x27, 0x26, 0x27, 0x27, 0x27, 0x27, 0x27, 0x27, 0x27, 0x27, 0x26, 0x27, 0x27, 0x27, 0x27, 0x27, 0x27, 0x27, 0x27, 0x26, 0x27,
    0x27, 0x27, 0x27, 0x27, 0x27, 0x27, 0x27, 0x26, 0x27, 0x27, 0x27, 0x27, 0x27, 0x27, 0x27, 0x27, 0x26, 0x27, 0x27, 0x27, 0x27, 0x27, 0x27, 0x27,
    0x27, 0x26, 0x27, 0x27, 0x27, 0x27, 0x27, 0x27, 0x27, 0x27, 0x26, 0x27, 0x27, 0x27, 0x27, 0x27, 0x27, 0x27, 0x27, 0x26, 0x27, 0x27, 0x27, 0x27,
    0x27, 0x27, 0x27, 0x27, 0x26, 0x27, 0x27, 0x27, 0x27, 0x27, 0x27, 0x27, 0x27, 0x26, 0x27, 0x27, 0x27, 0x27, 0x27, 0x27, 0x27, 0x27, 0x26, 0x27,
    0x27, 0x27, 0x27, 0x27, 0x27, 0x27, 0x27, 0x26, 0x27, 0x27, 0x27, 0x27, 0x27, 0x27, 0x27, 0x27, 0x26, 0x27, 0x27, 0x27, 0x27, 0x27, 0x27, 0x27,
    0x27, 0x26, 0x27, 0x27, 0x27, 0x27, 0x27, 0x27, 0x27, 0x27, 0x26, 0x27, 0x27, 0x27, 0x27, 0x27, 0x27, 0x27, 0x27, 0x26, 0x27, 0x27, 0x27, 0x27,
    0x27, 0x27, 0x27, 0x27, 0x26, 0x27, 0x27, 0x27, 0x27, 0x27, 0x27, 0x27, 0x27, 0x26, 0x27, 0x27, 0x27, 0x27, 0x27, 0x27, 0x27, 0x27, 0x26, 0x27,
    0x27, 0x27, 0x27, 0x27, 0x27, 0x27, 0x27, 0x26, 0x27, 0x27, 0x27, 0x27, 0x27, 0x27, 0x27, 0x27, 0x26, 0x27, 0x27, 0x27, 0x27, 0x27, 0x27, 0x27,
    0x27, 0x26, 0x27, 0x27, 0x27, 0x27, 0x27, 0x27, 0x27, 0x27, 0x26, 0x27, 0x27, 0x27, 0x27, 0x27, 0x27, 0x27, 0x27, 0x26, 0x27, 0x27, 0x27, 0x27,
    0x27, 0x27, 0x27, 0x27, 0x26, 0x27, 0x27, 0x27, 0x27, 0x27, 0x27, 0x27, 0x27, 0x26, 0x27, 0x27, 0x27, 0x27, 0x27, 0x27, 0x27, 0x27, 0x26, 0x27,
    0x27, 0x27, 0x27, 0x27, 0x27, 0x27, 0x27, 0x26, 0x27, 0x27, 0x27, 0x27, 0x27, 0x27, 0x27, 0x27, 0x26, 0x27, 0x27, 0x27, 0x27, 0x27, 0x27, 0x27,
    0x27, 0x26, 0x27, 0x27, 0x27, 0x27, 0x27, 0x27, 0x27, 0x27, 0x26, 0x27, 0x27, 0x27, 0x27, 0x27, 0x27, 0x27, 0x27, 0x26, 0x27, 0x27, 0x27, 0x27,
    0x27, 0x27, 0x27, 0x27, 0x26, 0x27, 0x27, 0x27, 0x27, 0x27, 0x27, 0x27, 0x27, 0x26, 0x27, 0x27, 0x27, 0x27, 0x27, 0x27, 0x27, 0x27, 0x26, 0x27,
    0x27, 0x27, 0x27, 0x27, 0x27, 0x27, 0x27, 0x26, 0x27, 0x27, 0x27, 0x27, 0x27, 0x27, 0x27, 0x27, 0x26, 0x27, 0x27, 0x27, 0x27, 0x27, 0x27, 0x27,
    0x27, 0x26, 0x27, 0x27, 0x27, 0x27, 0x27, 0x27, 0x27, 0x27, 0x26, 0x27, 0x27, 0x27, 0x27, 0x27, 0x27, 0x27, 0x27, 0x26, 0x27, 0x27, 0x27, 0x27,
    0x27, 0x27, 0x27, 0x27, 0x26, 0x27, 0x27, 0x27, 0x27, 0x27, 0x27, 0x27, 0x27, 0x26, 0x27, 0x27, 0x27, 0x27, 0x27, 0x27, 0x27, 0x27, 0x27, 0x27,
    0x27, 0x27, 0x27, 0x27, 0x27, 0x27, 0x27, 0x27, 0x27, 0x27, 0x27, 0x27, 0x27, 0x27, 0x27, 0x27, 0x26, 0x27, 0x2A, 0x29, 0x28, 0x28, 0x28, 0x28,
    0x28, 0x27, 0x28, 0x28, 0x28, 0x28, 0x2A, 0x20, 0x78, 0xA8, 0x9D, 0xAA, 0x35, 0x00, 0x02, 0x00, 0x00, 0x01, 0x00, 0x0A, 0x96, 0xA2, 0xA1, 0x99,
    0x2F, 0x26, 0x29, 0x28, 0x28, 0x28, 0x28, 0x28, 0x28, 0x28, 0x28, 0x28, 0x28, 0x21, 0x26, 0x33, 0x2D, 0x2D, 0x2D, 0x2D, 0x2D, 0x2D, 0x2D, 0x2D,
    0x32, 0x2D, 0x2D, 0x2D, 0x2D, 0x2D, 0x2D, 0x2D, 0x2D, 0x32, 0x2D, 0x2D, 0x2D, 0x2D, 0x2D, 0x2D, 0x2D, 0x2D, 0x32, 0x2D, 0x2D, 0x2D, 0x2D, 0x2D,
    0x2D, 0x2D, 0x2D, 0x32, 0x2D, 0x2D, 0x2D, 0x2D, 0x2D, 0x2D, 0x2D, 0x2D, 0x32, 0x2D, 0x2D, 0x2D, 0x2D, 0x2D, 0x2D, 0x2D, 0x2D, 0x32, 0x2D, 0x2D,
    0x2D, 0x2D, 0x2D, 0x2D, 0x2D, 0x2D, 0x32, 0x2D, 0x2D, 0x2D, 0x2D, 0x2D, 0x2D, 0x2D, 0x2D, 0x32, 0x2D, 0x2D, 0x2D, 0x2D, 0x2D, 0x2D, 0x2D, 0x2D,
    0x32, 0x2D, 0x2D, 0x2D, 0x2D, 0x2D, 0x2D, 0x2D, 0x2D, 0x32, 0x2D, 0x2D, 0x2D, 0x2D, 0x2D, 0x2D, 0x2D, 0x2D, 0x32, 0x2D, 0x2D, 0x2D, 0x2D, 0x2D,
    0x2D, 0x2D, 0x2D, 0x32, 0x2D, 0x2D, 0x2D, 0x2D, 0x2D, 0x2D, 0x2D, 0x2D, 0x32, 0x2D, 0x2D, 0x2D, 0x2D, 0x2D, 0x2D, 0x2D, 0x2D, 0x32, 0x2D, 0x2D,
    0x2D, 0x2D, 0x2D, 0x2D, 0x2D, 0x2D, 0x32, 0x2D, 0x2D, 0x2D, 0x2D, 0x2D, 0x2D, 0x2D, 0x2D, 0x32, 0x2D, 0x2D, 0x2D, 0x2D, 0x2D, 0x2D, 0x2D, 0x2D,
    0x32, 0x2D, 0x2D, 0x2D, 0x2D, 0x2D, 0x2D, 0x2D, 0x2D, 0x32, 0x2D, 0x2D, 0x2D, 0x2D, 0x2D, 0x2D, 0x2D, 0x2D, 0x32, 0x2D, 0x2D, 0x2D, 0x2D, 0x2D,
    0x2D, 0x2D, 0x2D, 0x32, 0x2D, 0x2D, 0x2D, 0x2D, 0x2D, 0x2D, 0x2D, 0x2D, 0x32, 0x2D, 0x2D, 0x2D, 0x2D, 0x2D, 0x2D, 0x2D, 0x2D, 0x32, 0x2D, 0x2D,
    0x2D, 0x2D, 0x2D, 0x2D, 0x2D, 0x2D, 0x32, 0x2D, 0x2D, 0x2D, 0x2D, 0x2D, 0x2D, 0x2D, 0x2D, 0x32, 0x2D, 0x2D, 0x2D, 0x2D, 0x2D, 0x2D, 0x2D, 0x2D,
    0x32, 0x2D, 0x2D, 0x2D, 0x2D, 0x2D, 0x2D, 0x2D, 0x2D, 0x32, 0x2D, 0x2D, 0x2D, 0x2D, 0x2D, 0x2D, 0x2D, 0x2D, 0x32, 0x2D, 0x2D, 0x2D, 0x2D, 0x2D,
    0x2D, 0x2D, 0x2D, 0x32, 0x2D, 0x2D, 0x2D, 0x2D, 0x2D, 0x2D, 0x2D, 0x2D, 0x32, 0x2D, 0x2D, 0x2D, 0x2D, 0x2D, 0x2D, 0x2D, 0x2D, 0x32, 0x2D, 0x2D,
    0x2D, 0x2D, 0x2D, 0x2D, 0x2D, 0x2D, 0x32, 0x2D, 0x2D, 0x2D, 0x2D, 0x2D, 0x2D, 0x2D, 0x2D, 0x32, 0x2D, 0x2D, 0x2D, 0x2D, 0x2D, 0x2D, 0x2D, 0x2D,
    0x32, 0x2D, 0x2D, 0x2D, 0x2D, 0x2D, 0x2D, 0x2D, 0x2D, 0x32, 0x2D, 0x2D, 0x2D, 0x2D, 0x2D, 0x2D, 0x2D, 0x2D, 0x32, 0x2D, 0x2D, 0x2D, 0x2D, 0x2D,
    0x2D, 0x2D, 0x2D, 0x32, 0x2D, 0x2D, 0x2D, 0x2D, 0x2D, 0x2D, 0x2D, 0x2D, 0x32, 0x2D, 0x2D, 0x2D, 0x2D, 0x2D, 0x2D, 0x2D, 0x2D, 0x32, 0x2D, 0x2D,
    0x2D, 0x2D, 0x2D, 0x2D, 0x2D, 0x2D, 0x32, 0x2D, 0x2D, 0x2D, 0x2D, 0x2D, 0x2D, 0x2D, 0x2D, 0x32, 0x2D, 0x2D, 0x2D, 0x2D, 0x2D, 0x2D, 0x2D, 0x2D,
    0x32, 0x2D, 0x2D, 0x2D, 0x2D, 0x2D, 0x2D, 0x2D, 0x2D, 0x32, 0x2D, 0x2D, 0x2D, 0x2D, 0x2D, 0x2D, 0x2D, 0x2D, 0x32, 0x2D, 0x2D, 0x2D, 0x2D, 0x2D,
    0x2D, 0x2D, 0x2D, 0x32, 0x2D, 0x2D, 0x2D, 0x2D, 0x2D, 0x2D, 0x2D, 0x2D, 0x32, 0x2D, 0x2D, 0x2D, 0x2D, 0x2D, 0x2D, 0x2D, 0x2D, 0x32, 0x2D, 0x2D,
    0x2D, 0x2D, 0x2D, 0x2D, 0x2D, 0x2D, 0x32, 0x2D, 0x2D, 0x2D, 0x2D, 0x2D, 0x2D, 0x2D, 0x2D, 0x32, 0x2D, 0x2D, 0x2D, 0x2D, 0x2D, 0x2D, 0x2D, 0x2D,
    0x32, 0x2D, 0x2D, 0x2D, 0x2D, 0x2D, 0x2D, 0x2D, 0x2D, 0x32, 0x2D, 0x2D, 0x2D, 0x2D, 0x2D, 0x2D, 0x2D, 0x2D, 0x32, 0x2D, 0x2D, 0x2D, 0x2D, 0x2D,
    0x2D, 0x2D, 0x2D, 0x32, 0x2D, 0x2D, 0x2D, 0x2D, 0x2D, 0x2D, 0x2D, 0x2D, 0x32, 0x2D, 0x2D, 0x2D, 0x2D, 0x2D, 0x2D, 0x2D, 0x2D, 0x32, 0x2D, 0x2D,
    0x2D, 0x2D, 0x2D, 0x2D, 0x2D, 0x2D, 0x2D, 0x2D, 0x2D, 0x2D, 0x2D, 0x2D, 0x2D, 0x2D, 0x2D, 0x2D, 0x2D, 0x2D, 0x2D, 0x2D, 0x2D, 0x2D, 0x2D, 0x2D,
    0x2E, 0x2A, 0x21, 0x26, 0x29, 0x28, 0x28, 0x28, 0x29, 0x2A, 0x28, 0x28, 0x28, 0x28, 0x2A, 0x20, 0x78, 0xA8, 0x98, 0xAA, 0x35, 0x00, 0x02, 0x00,
    0x00, 0x01, 0x00, 0x0A, 0x96, 0xA2, 0xA1, 0x99, 0x2F, 0x26, 0x29, 0x28, 0x28, 0x28, 0x28, 0x28, 0x28, 0x28, 0x29, 0x27, 0x26, 0x4D, 0x6D, 0x81,
    0x7D, 0x7D, 0x7E, 0x7E, 0x7E, 0x7E, 0x7E, 0x7E, 0x80, 0x7D, 0x7D, 0x7E, 0x7E, 0x7E, 0x7E, 0x7E, 0x7E, 0x80, 0x7D, 0x7D, 0x7E, 0x7E, 0x7E, 0x7E,
    0x7E, 0x7E, 0x80, 0x7D, 0x7D, 0x7E, 0x7E, 0x7E, 0x7E, 0x7E, 0x7E, 0x80, 0x7D, 0x7D, 0x7E, 0x7E, 0x7E, 0x7E, 0x7E, 0x7E, 0x80, 0x7D, 0x7D, 0x7E,
    0x7E, 0x7E, 0x7E, 0x7E, 0x7E, 0x80, 0x7D, 0x7D, 0x7E, 0x7E, 0x7E, 0x7E, 0x7E, 0x7E, 0x80, 0x7D, 0x7D, 0x7E, 0x7E, 0x7E, 0x7E, 0x7E, 0x7E, 0x80,
    0x7D, 0x7D, 0x7E, 0x7E, 0x7E, 0x7E, 0x7E, 0x7E, 0x80, 0x7D, 0x7D, 0x7E, 0x7E, 0x7E, 0x7E, 0x7E, 0x7E, 0x80, 0x7D, 0x7D, 0x7E, 0x7E, 0x7E, 0x7E,
    0x7E, 0x7E, 0x80, 0x7D, 0x7D, 0x7E, 0x7E, 0x7E, 0x7E, 0x7E, 0x7E, 0x80, 0x7D, 0x7D, 0x7E, 0x7E, 0x7E, 0x7E, 0x7E, 0x7E, 0x80, 0x7D, 0x7D, 0x7E,
    0x7E, 0x7E, 0x7E, 0x7E, 0x7E, 0x80, 0x7D, 0x7D, 0x7E, 0x7E, 0x7E, 0x7E, 0x7E, 0x7E, 0x80, 0x7D, 0x7D, 0x7E, 0x7E, 0x7E, 0x7E, 0x7E, 0x7E, 0x80,
    0x7D, 0x7D, 0x7E, 0x7E, 0x7E, 0x7E, 0x7E, 0x7E, 0x80, 0x7D, 0x7D, 0x7E, 0x7E, 0x7E, 0x7E, 0x7E, 0x7E, 0x80, 0x7D, 0x7D, 0x7E, 0x7E, 0x7E, 0x7E,
    0x7E, 0x7E, 0x80, 0x7D, 0x7D, 0x7E, 0x7E, 0x7E, 0x7E, 0x7E, 0x7E, 0x80, 0x7D, 0x7D, 0x7E, 0x7E, 0x7E, 0x7E, 0x7E, 0x7E, 0x80, 0x7D, 0x7D, 0x7E,
    0x7E, 0x7E, 0x7E, 0x7E, 0x7E, 0x80, 0x7D, 0x7D, 0x7E, 0x7E, 0x7E, 0x7E, 0x7E, 0x7E, 0x80, 0x7D, 0x7D, 0x7E, 0x7E, 0x7E, 0x7E, 0x7E, 0x7E, 0x80,
    0x7D, 0x7D, 0x7E, 0x7E, 0x7E, 0x7E, 0x7E, 0x7E, 0x80, 0x7D, 0x7D, 0x7E, 0x7E, 0x7E, 0x7E, 0x7E, 0x7E, 0x80, 0x7D, 0x7D, 0x7E, 0x7E, 0x7E, 0x7E,
    0x7E, 0x7E, 0x80, 0x7D, 0x7D, 0x7E, 0x7E, 0x7E, 0x7E, 0x7E, 0x7E, 0x80, 0x7D, 0x7D, 0x7E, 0x7E, 0x7E, 0x7E, 0x7E, 0x7E, 0x80, 0x7D, 0x7D, 0x7E,
    0x7E, 0x7E, 0x7E, 0x7E, 0x7E, 0x80, 0x7D, 0x7D, 0x7E, 0x7E, 0x7E, 0x7E, 0x7E, 0x7E, 0x80, 0x7D, 0x7D, 0x7E, 0x7E, 0x7E, 0x7E, 0x7E, 0x7E, 0x80,
    0x7D, 0x7D, 0x7E, 0x7E, 0x7E, 0x7E, 0x7E, 0x7E, 0x80, 0x7D, 0x7D, 0x7E, 0x7E, 0x7E, 0x7E, 0x7E, 0x7E, 0x80, 0x7D, 0x7D, 0x7E, 0x7E, 0x7E, 0x7E,
    0x7E, 0x7E, 0x80, 0x7D, 0x7D, 0x7E, 0x7E, 0x7E, 0x7E, 0x7E, 0x7E, 0x80, 0x7D, 0x7D, 0x7E, 0x7E, 0x7E, 0x7E, 0x7E, 0x7E, 0x80, 0x7D, 0x7D, 0x7E,
    0x7E, 0x7E, 0x7E, 0x7E, 0x7E, 0x80, 0x7D, 0x7D, 0x7E, 0x7E, 0x7E, 0x7E, 0x7E, 0x7E, 0x80, 0x7D, 0x7D, 0x7E, 0x7E, 0x7E, 0x7E, 0x7E, 0x7E, 0x80,
    0x7D, 0x7D, 0x7E, 0x7E, 0x7E, 0x7E, 0x7E, 0x7E, 0x80, 0x7D, 0x7D, 0x7E, 0x7E, 0x7E, 0x7E, 0x7E, 0x7E, 0x80, 0x7D, 0x7D, 0x7E, 0x7E, 0x7E, 0x7E,
    0x7E, 0x7E, 0x80, 0x7D, 0x7D, 0x7E, 0x7E, 0x7E, 0x7E, 0x7E, 0x7E, 0x80, 0x7D, 0x7D, 0x7E, 0x7E, 0x7E, 0x7E, 0x7E, 0x7E, 0x80, 0x7D, 0x7D, 0x7E,
    0x7E, 0x7E, 0x7E, 0x7E, 0x7E, 0x80, 0x7D, 0x7D, 0x7E, 0x7E, 0x7E, 0x7E, 0x7E, 0x7E, 0x80, 0x7D, 0x7D, 0x7E, 0x7E, 0x7E, 0x7E, 0x7E, 0x7E, 0x80,
    0x7D, 0x7D, 0x7E, 0x7E, 0x7E, 0x7E, 0x7E, 0x7E, 0x80, 0x7D, 0x7D, 0x7E, 0x7E, 0x7E, 0x7E, 0x7E, 0x7E, 0x80, 0x7D, 0x7D, 0x7E, 0x7E, 0x7E, 0x7E,
    0x7E, 0x7E, 0x80, 0x7D, 0x7D, 0x7E, 0x7E, 0x7E, 0x7E, 0x7E, 0x7E, 0x80, 0x7D, 0x7D, 0x7E, 0x7E, 0x7E, 0x7E, 0x7E, 0x7E, 0x80, 0x7D, 0x7D, 0x7E,
    0x7E, 0x7E, 0x7E, 0x7E, 0x7E, 0x80, 0x7D, 0x7E, 0x7E, 0x7E, 0x7E, 0x7E, 0x7E, 0x7E, 0x7D, 0x7D, 0x7E, 0x7E, 0x7E, 0x7E, 0x7E, 0x7E, 0x7E, 0x7D,
    0x7E, 0x7E, 0x7E, 0x7E, 0x7E, 0x7E, 0x7E, 0x7D, 0x7F, 0x75, 0x5A, 0x30, 0x24, 0x29, 0x29, 0x24, 0x3D, 0x4D, 0x24, 0x29, 0x28, 0x28, 0x2A, 0x1F,
    0x7D, 0x88, 0x76, 0xB0, 0x34, 0x00, 0x02, 0x00, 0x00, 0x01, 0x00, 0x0A, 0x96, 0xA2, 0xA1, 0x99, 0x2F, 0x26, 0x29, 0x28, 0x28, 0x28, 0x28, 0x28,
    0x28, 0x28, 0x27, 0x24, 0x61, 0x8D, 0x8B, 0x7E, 0x82, 0x81, 0x7D, 0x7F, 0x7F, 0x7F, 0x7F, 0x7F, 0x7E, 0x82, 0x81, 0x7D, 0x7F, 0x7F, 0x7F, 0x7F,
    0x7F, 0x7E, 0x82, 0x81, 0x7D, 0x7F, 0x7F, 0x7F, 0x7F, 0x7F, 0x7E, 0x82, 0x81, 0x7D, 0x7F, 0x7F, 0x7F, 0x7F, 0x7F, 0x7E, 0x82, 0x81, 0x7D, 0x7F,
    0x7F, 0x7F, 0x7F, 0x7F, 0x7E, 0x82, 0x81, 0x7D, 0x7F, 0x7F, 0x7F, 0x7F, 0x7F, 0x7E, 0x82, 0x81, 0x7D, 0x7F, 0x7F, 0x7F, 0x7F, 0x7F, 0x7E, 0x82,
    0x81, 0x7D, 0x7F, 0x7F, 0x7F, 0x7F, 0x7F, 0x7E, 0x82, 0x81, 0x7D, 0x7F, 0x7F, 0x7F, 0x7F, 0x7F, 0x7E, 0x82, 0x81, 0x7D, 0x7F, 0x7F, 0x7F, 0x7F,
    0x7F, 0x7E, 0x82, 0x81, 0x7D, 0x7F, 0x7F, 0x7F, 0x7F, 0x7F, 0x7E, 0x82, 0x81, 0x7D, 0x7F, 0x7F, 0x7F, 0x7F, 0x7F, 0x7E, 0x82, 0x81, 0x7D, 0x7F,
    0x7F, 0x7F, 0x7F, 0x7F, 0x7E, 0x82, 0x81, 0x7D, 0x7F, 0x7F, 0x7F, 0x7F, 0x7F, 0x7E, 0x82, 0x81, 0x7D, 0x7F, 0x7F, 0x7F, 0x7F, 0x7F, 0x7E, 0x82,
    0x81, 0x7D, 0x7F, 0x7F, 0x7F, 0x7F, 0x7F, 0x7E, 0x82, 0x81, 0x7D, 0x7F, 0x7F, 0x7F, 0x7F, 0x7F, 0x7E, 0x82, 0x81, 0x7D, 0x7F, 0x7F, 0x7F, 0x7F,
    0x7F, 0x7E, 0x82, 0x81, 0x7D, 0x7F, 0x7F, 0x7F, 0x7F, 0x7F, 0x7E, 0x82, 0x81, 0x7D, 0x7F, 0x7F, 0x7F, 0x7F, 0x7F, 0x7E, 0x82, 0x81, 0x7D, 0x7F,
    0x7F, 0x7F, 0x7F, 0x7F, 0x7E, 0x82, 0x81, 0x7D, 0x7F, 0x7F, 0x7F, 0x7F, 0x7F, 0x7E, 0x82, 0x81, 0x7D, 0x7F, 0x7F, 0x7F, 0x7F, 0x7F, 0x7E, 0x82,
    0x81, 0x7D, 0x7F, 0x7F, 0x7F, 0x7F, 0x7F, 0x7E, 0x82, 0x81, 0x7D, 0x7F, 0x7F, 0x7F, 0x7F, 0x7F, 0x7E, 0x82, 0x81, 0x7D, 0x7F, 0x7F, 0x7F, 0x7F,
    0x7F, 0x7E, 0x82, 0x81, 0x7D, 0x7F, 0x7F, 0x7F, 0x7F, 0x7F, 0x7E, 0x82, 0x81, 0x7D, 0x7F, 0x7F, 0x7F, 0x7F, 0x7F, 0x7E, 0x82, 0x81, 0x7D, 0x7F,
    0x7F, 0x7F, 0x7F, 0x7F, 0x7E, 0x82, 0x81, 0x7D, 0x7F, 0x7F, 0x7F, 0x7F, 0x7F, 0x7E, 0x82, 0x81, 0x7D, 0x7F, 0x7F, 0x7F, 0x7F, 0x7F, 0x7E, 0x82,
    0x81, 0x7D, 0x7F, 0x7F, 0x7F, 0x7F, 0x7F, 0x7E, 0x82, 0x81, 0x7D, 0x7F, 0x7F, 0x7F, 0x7F, 0x7F, 0x7E, 0x82, 0x81, 0x7D, 0x7F, 0x7F, 0x7F, 0x7F,
    0x7F, 0x7E, 0x82, 0x81, 0x7D, 0x7F, 0x7F, 0x7F, 0x7F, 0x7F, 0x7E, 0x82, 0x81, 0x7D, 0x7F, 0x7F, 0x7F, 0x7F, 0x7F, 0x7E, 0x82, 0x81, 0x7D, 0x7F,
    0x7F, 0x7F, 0x7F, 0x7F, 0x7E, 0x82, 0x81, 0x7D, 0x7F, 0x7F, 0x7F, 0x7F, 0x7F, 0x7E, 0x82, 0x81, 0x7D, 0x7F, 0x7F, 0x7F, 0x7F, 0x7F, 0x7E, 0x82,
    0x81, 0x7D, 0x7F, 0x7F, 0x7F, 0x7F, 0x7F, 0x7E, 0x82, 0x81, 0x7D, 0x7F, 0x7F, 0x7F, 0x7F, 0x7F, 0x7E, 0x82, 0x81, 0x7D, 0x7F, 0x7F, 0x7F, 0x7F,
    0x7F, 0x7E, 0x82, 0x81, 0x7D, 0x7F, 0x7F, 0x7F, 0x7F, 0x7F, 0x7E, 0x82, 0x81, 0x7D, 0x7F, 0x7F, 0x7F, 0x7F, 0x7F, 0x7E, 0x82, 0x81, 0x7D, 0x7F,
    0x7F, 0x7F, 0x7F, 0x7F, 0x7E, 0x82, 0x81, 0x7D, 0x7F, 0x7F, 0x7F, 0x7F, 0x7F, 0x7E, 0x82, 0x81, 0x7D, 0x7F, 0x7F, 0x7F, 0x7F, 0x7F, 0x7E, 0x82,
    0x81, 0x7D, 0x7F, 0x7F, 0x7F, 0x7F, 0x7F, 0x7E, 0x82, 0x81, 0x7D, 0x7F, 0x7F, 0x7F, 0x7F, 0x7F, 0x7E, 0x82, 0x81, 0x7D, 0x7F, 0x7F, 0x7F, 0x7F,
    0x7F, 0x7E, 0x82, 0x81, 0x7D, 0x7F, 0x7F, 0x7F, 0x7F, 0x7F, 0x7E, 0x82, 0x81, 0x7D, 0x7F, 0x7F, 0x7F, 0x7F, 0x7F, 0x7E, 0x82, 0x81, 0x7D, 0x7F,
    0x7F, 0x7F, 0x7F, 0x7F, 0x7E, 0x82, 0x81, 0x7D, 0x7F, 0x7F, 0x7F, 0x7F, 0x7F, 0x7F, 0x83, 0x7E, 0x7E, 0x7F, 0x7F, 0x7F, 0x7F, 0x7E, 0x81, 0x80,
    0x7E, 0x7F, 0x7F, 0x7F, 0x7F, 0x7F, 0x7F, 0x81, 0x7F, 0x7F, 0x7F, 0x7F, 0x7F, 0x7F, 0x7F, 0x7F, 0x80, 0x87, 0x8F, 0x77, 0x31, 0x24, 0x2A, 0x24,
    0x3D, 0x52, 0x24, 0x29, 0x28, 0x28, 0x2A, 0x1F, 0x7D, 0x75, 0x84, 0xB0, 0x34, 0x00, 0x02, 0x00, 0x00, 0x01, 0x00, 0x0A, 0x96, 0xA2, 0xA1, 0x99,
    0x2F, 0x26, 0x29, 0x28, 0x28, 0x28, 0x28, 0x28, 0x28, 0x28, 0x26, 0x61, 0x8E, 0x77, 0x4E, 0x3B, 0x47, 0x63, 0x4A, 0x37, 0x3C, 0x3B, 0x3B, 0x3C,
    0x39, 0x47, 0x63, 0x4A, 0x37, 0x3C, 0x3B, 0x3B, 0x3C, 0x39, 0x47, 0x63, 0x4A, 0x37, 0x3C, 0x3B, 0x3B, 0x3C, 0x39, 0x47, 0x63, 0x4A, 0x37, 0x3C,
    0x3B, 0x3B, 0x3C, 0x39, 0x47, 0x63, 0x4A, 0x37, 0x3C, 0x3B, 0x3B, 0x3C, 0x39, 0x47, 0x63, 0x4A, 0x37, 0x3C, 0x3B, 0x3B, 0x3C, 0x39, 0x47, 0x63,
    0x4A, 0x37, 0x3C, 0x3B, 0x3B, 0x3C, 0x39, 0x47, 0x63, 0x4A, 0x37, 0x3C, 0x3B, 0x3B, 0x3C, 0x39, 0x47, 0x63, 0x4A, 0x37, 0x3C, 0x3B, 0x3B, 0x3C,
    0x39, 0x47, 0x63, 0x4A, 0x37, 0x3C, 0x3B, 0x3B, 0x3C, 0x39, 0x47, 0x63, 0x4A, 0x37, 0x3C, 0x3B, 0x3B, 0x3C, 0x39, 0x47, 0x63, 0x4A, 0x37, 0x3C,
    0x3B, 0x3B, 0x3C, 0x39, 0x47, 0x63, 0x4A, 0x37, 0x3C, 0x3B, 0x3B, 0x3C, 0x39, 0x47, 0x63, 0x4A, 0x37, 0x3C, 0x3B, 0x3B, 0x3C, 0x39, 0x47, 0x63,
    0x4A, 0x37, 0x3C, 0x3B, 0x3B, 0x3C, 0x39, 0x47, 0x63, 0x4A, 0x37, 0x3C, 0x3B, 0x3B, 0x3C, 0x39, 0x47, 0x63, 0x4A, 0x37, 0x3C, 0x3B, 0x3B, 0x3C,
    0x39, 0x47, 0x63, 0x4A, 0x37, 0x3C, 0x3B, 0x3B, 0x3C, 0x39, 0x47, 0x63, 0x4A, 0x37, 0x3C, 0x3B, 0x3B, 0x3C, 0x39, 0x47, 0x63, 0x4A, 0x37, 0x3C,
    0x3B, 0x3B, 0x3C, 0x39, 0x47, 0x63, 0x4A, 0x37, 0x3C, 0x3B, 0x3B, 0x3C, 0x39, 0x47, 0x63, 0x4A, 0x37, 0x3C, 0x3B, 0x3B, 0x3C, 0x39, 0x47, 0x63,
    0x4A, 0x37, 0x3C, 0x3B, 0x3B, 0x3C, 0x39, 0x47, 0x63, 0x4A, 0x37, 0x3C, 0x3B, 0x3B, 0x3C, 0x39, 0x47, 0x63, 0x4A, 0x37, 0x3C, 0x3B, 0x3B, 0x3C,
    0x39, 0x47, 0x63, 0x4A, 0x37, 0x3C, 0x3B, 0x3B, 0x3C, 0x39, 0x47, 0x63, 0x4A, 0x37, 0x3C, 0x3B, 0x3B, 0x3C, 0x39, 0x47, 0x63, 0x4A, 0x37, 0x3C,
    0x3B, 0x3B, 0x3C, 0x39, 0x47, 0x63, 0x4A, 0x37, 0x3C, 0x3B, 0x3B, 0x3C, 0x39, 0x47, 0x63, 0x4A, 0x37, 0x3C, 0x3B, 0x3B, 0x3C, 0x39, 0x47, 0x63,
    0x4A, 0x37, 0x3C, 0x3B, 0x3B, 0x3C, 0x39, 0x47, 0x63, 0x4A, 0x37, 0x3C, 0x3B, 0x3B, 0x3C, 0x39, 0x47, 0x63, 0x4A, 0x37, 0x3C, 0x3B, 0x3B, 0x3C,
    0x39, 0x47, 0x63, 0x4A, 0x37, 0x3C, 0x3B, 0x3B, 0x3C, 0x39, 0x47, 0x63, 0x4A, 0x37, 0x3C, 0x3B, 0x3B, 0x3C, 0x39, 0x47, 0x63, 0x4A, 0x37, 0x3C,
    0x3B, 0x3B, 0x3C, 0x39, 0x47, 0x63, 0x4A, 0x37, 0x3C, 0x3B, 0x3B, 0x3C, 0x39, 0x47, 0x63, 0x4A, 0x37, 0x3C, 0x3B, 0x3B, 0x3C, 0x39, 0x47, 0x63,
    0x4A, 0x37, 0x3C, 0x3B, 0x3B, 0x3C, 0x39, 0x47, 0x63, 0x4A, 0x37, 0x3C, 0x3B, 0x3B, 0x3C, 0x39, 0x47, 0x63, 0x4A, 0x37, 0x3C, 0x3B, 0x3B, 0x3C,
    0x39, 0x47, 0x63, 0x4A, 0x37, 0x3C, 0x3B, 0x3B, 0x3C, 0x39, 0x47, 0x63, 0x4A, 0x37, 0x3C, 0x3B, 0x3B, 0x3C, 0x39, 0x47, 0x63, 0x4A, 0x37, 0x3C,
    0x3B, 0x3B, 0x3C, 0x39, 0x47, 0x63, 0x4A, 0x37, 0x3C, 0x3B, 0x3B, 0x3C, 0x39, 0x47, 0x63, 0x4A, 0x37, 0x3C, 0x3B, 0x3B, 0x3C, 0x39, 0x47, 0x63,
    0x4A, 0x37, 0x3C, 0x3B, 0x3B, 0x3C, 0x39, 0x47, 0x63, 0x4A, 0x37, 0x3C, 0x3B, 0x3B, 0x3C, 0x39, 0x47, 0x63, 0x4A, 0x37, 0x3C, 0x3B, 0x3B, 0x3C,
    0x39, 0x47, 0x63, 0x4A, 0x37, 0x3C, 0x3B, 0x3B, 0x3C, 0x39, 0x47, 0x63, 0x4A, 0x37, 0x3C, 0x3B, 0x3B, 0x3C, 0x39, 0x47, 0x63, 0x4A, 0x37, 0x3C,
    0x3B, 0x3B, 0x3C, 0x39, 0x47, 0x63, 0x4A, 0x37, 0x3C, 0x3B, 0x3B, 0x3C, 0x39, 0x47, 0x63, 0x4A, 0x37, 0x3C, 0x3B, 0x3B, 0x3C, 0x3A, 0x55, 0x57,
    0x3A, 0x3C, 0x3B, 0x3B, 0x3C, 0x3A, 0x40, 0x59, 0x40, 0x3A, 0x3C, 0x3B, 0x3B, 0x3C, 0x38, 0x4F, 0x4E, 0x38, 0x3C, 0x3B, 0x3B, 0x3B, 0x3A, 0x3F,
    0x5C, 0x47, 0x67, 0x8C, 0x78, 0x32, 0x26, 0x24, 0x44, 0x44, 0x24, 0x29, 0x28, 0x28, 0x29, 0x22, 0x72, 0x71, 0x96, 0xAC, 0x35, 0x00, 0x02, 0x00,
    0x00, 0x01, 0x00, 0x0A, 0x96, 0xA2, 0xA1, 0x99, 0x2F, 0x26, 0x29, 0x28, 0x28, 0x28, 0x28, 0x28, 0x29, 0x22, 0x4F, 0x8D, 0x77, 0x3F, 0x30, 0x37,
    0x33, 0x45, 0x61, 0x44, 0x32, 0x37, 0x36, 0x36, 0x36, 0x33, 0x45, 0x61, 0x44, 0x32, 0x37, 0x36, 0x36, 0x36, 0x33, 0x45, 0x61, 0x44, 0x32, 0x37,
    0x36, 0x36, 0x36, 0x33, 0x45, 0x61, 0x44, 0x32, 0x37, 0x36, 0x36, 0x36, 0x33, 0x45, 0x61, 0x44, 0x32, 0x37, 0x36, 0x36, 0x36, 0x33, 0x45, 0x61,
    0x44, 0x32, 0x37, 0x36, 0x36, 0x36, 0x33, 0x45, 0x61, 0x44, 0x32, 0x37, 0x36, 0x36, 0x36, 0x33, 0x45, 0x61, 0x44, 0x32, 0x37, 0x36, 0x36, 0x36,
    0x33, 0x45, 0x61, 0x44, 0x32, 0x37, 0x36, 0x36, 0x36, 0x33, 0x45, 0x61, 0x44, 0x32, 0x37, 0x36, 0x36, 0x36, 0x33, 0x45, 0x61, 0x44, 0x32, 0x37,
    0x36, 0x36, 0x36, 0x33, 0x45, 0x61, 0x44, 0x32, 0x37, 0x36, 0x36, 0x36, 0x33, 0x45, 0x61, 0x44, 0x32, 0x37, 0x36, 0x36, 0x36, 0x33, 0x45, 0x61,
    0x44, 0x32, 0x37, 0x36, 0x36, 0x36, 0x33, 0x45, 0x61, 0x44, 0x32, 0x37, 0x36, 0x36, 0x36, 0x33, 0x45, 0x61, 0x44, 0x32, 0x37, 0x36, 0x36, 0x36,
    0x33, 0x45, 0x61, 0x44, 0x32, 0x37, 0x36, 0x36, 0x36, 0x33, 0x45, 0x61, 0x44, 0x32, 0x37, 0x36, 0x36, 0x36, 0x33, 0x45, 0x61, 0x44, 0x32, 0x37,
    0x36, 0x36, 0x36, 0x33, 0x45, 0x61, 0x44, 0x32, 0x37, 0x36, 0x36, 0x36, 0x33, 0x45, 0x61, 0x44, 0x32, 0x37, 0x36, 0x36, 0x36, 0x33, 0x45, 0x61,
    0x44, 0x32, 0x37, 0x36, 0x36, 0x36, 0x33, 0x45, 0x61, 0x44, 0x32, 0x37, 0x36, 0x36, 0x36, 0x33, 0x45, 0x61, 0x44, 0x32, 0x37, 0x36, 0x36, 0x36,
    0x33, 0x45, 0x61, 0x44, 0x32, 0x37, 0x36, 0x36, 0x36, 0x33, 0x45, 0x61, 0x44, 0x32, 0x37, 0x36, 0x36, 0x36, 0x33, 0x45, 0x61, 0x44, 0x32, 0x37,
    0x36, 0x36, 0x36, 0x33, 0x45, 0x61, 0x44, 0x32, 0x37, 0x36, 0x36, 0x36, 0x33, 0x45, 0x61, 0x44, 0x32, 0x37, 0x36, 0x36, 0x36, 0x33, 0x45, 0x61,
    0x44, 0x32, 0x37, 0x36, 0x36, 0x36, 0x33, 0x45, 0x61, 0x44, 0x32, 0x37, 0x36, 0x36, 0x36, 0x33, 0x45, 0x61, 0x44, 0x32, 0x37, 0x36, 0x36, 0x36,
    0x33, 0x45, 0x61, 0x44, 0x32, 0x37, 0x36, 0x36, 0x36, 0x33, 0x45, 0x61, 0x44, 0x32, 0x37, 0x36, 0x36, 0x36, 0x33, 0x45, 0x61, 0x44, 0x32, 0x37,
    0x36, 0x36, 0x36, 0x33, 0x45, 0x61, 0x44, 0x32, 0x37, 0x36, 0x36, 0x36, 0x33, 0x45, 0x61, 0x44, 0x32, 0x37, 0x36, 0x36, 0x36, 0x33, 0x45, 0x61,
    0x44, 0x32, 0x37, 0x36, 0x36, 0x36, 0x33, 0x45, 0x61, 0x44, 0x32, 0x37, 0x36, 0x36, 0x36, 0x33, 0x45, 0x61, 0x44, 0x32, 0x37, 0x36, 0x36, 0x36,
    0x33, 0x45, 0x61, 0x44, 0x32, 0x37, 0x36, 0x36, 0x36, 0x33, 0x45, 0x61, 0x44, 0x32, 0x37, 0x36, 0x36, 0x36, 0x33, 0x45, 0x61, 0x44, 0x32, 0x37,
    0x36, 0x36, 0x36, 0x33, 0x45, 0x61, 0x44, 0x32, 0x37, 0x36, 0x36, 0x36, 0x33, 0x45, 0x61, 0x44, 0x32, 0x37, 0x36, 0x36, 0x36, 0x33, 0x45, 0x61,
    0x44, 0x32, 0x37, 0x36, 0x36, 0x36, 0x33, 0x45, 0x61, 0x44, 0x32, 0x37, 0x36, 0x36, 0x36, 0x33, 0x45, 0x61, 0x44, 0x32, 0x37, 0x36, 0x36, 0x36,
    0x33, 0x45, 0x61, 0x44, 0x32, 0x37, 0x36, 0x36, 0x36, 0x33, 0x45, 0x61, 0x44, 0x32, 0x37, 0x36, 0x36, 0x36, 0x33, 0x45, 0x61, 0x44, 0x32, 0x37,
    0x36, 0x36, 0x36, 0x33, 0x45, 0x61, 0x44, 0x32, 0x37, 0x36, 0x36, 0x36, 0x33, 0x45, 0x61, 0x44, 0x32, 0x37, 0x36, 0x36, 0x36, 0x33, 0x45, 0x61,
    0x44, 0x32, 0x37, 0x36, 0x36, 0x35, 0x39, 0x5D, 0x4D, 0x31, 0x37, 0x36, 0x36, 0x37, 0x32, 0x4A, 0x50, 0x32, 0x37, 0x36, 0x36, 0x36, 0x34, 0x3D,
    0x58, 0x36, 0x36, 0x36, 0x36, 0x36, 0x35, 0x37, 0x58, 0x3A, 0x32, 0x65, 0x8C, 0x6B, 0x25, 0x24, 0x51, 0x3D, 0x24, 0x29, 0x28, 0x28, 0x29, 0x25,
    0x61, 0x76, 0xA1, 0xAA, 0x35, 0x00, 0x02, 0x00, 0x00, 0x01, 0x00, 0x0A, 0x96, 0xA2, 0xA1, 0x99, 0x2F, 0x26, 0x29, 0x28, 0x28, 0x28, 0x28, 0x28,
    0x27, 0x2F, 0x79, 0x88, 0x4C, 0x31, 0x39, 0x37, 0x38, 0x33, 0x45, 0x63, 0x45, 0x34, 0x38, 0x37, 0x37, 0x38, 0x33, 0x45, 0x63, 0x45, 0x34, 0x38,
    0x37, 0x37, 0x38, 0x33, 0x45, 0x63, 0x45, 0x34, 0x38, 0x37, 0x37, 0x38, 0x33, 0x45, 0x63, 0x45, 0x34, 0x38, 0x37, 0x37, 0x38, 0x33, 0x45, 0x63,
    0x45, 0x34, 0x38, 0x37, 0x37, 0x38, 0x33, 0x45, 0x63, 0x45, 0x34, 0x38, 0x37, 0x37, 0x38, 0x33, 0x45, 0x63, 0x45, 0x34, 0x38, 0x37, 0x37, 0x38,
    0x33, 0x45, 0x63, 0x45, 0x34, 0x38, 0x37, 0x37, 0x38, 0x33, 0x45, 0x63, 0x45, 0x34, 0x38, 0x37, 0x37, 0x38, 0x33, 0x45, 0x63, 0x45, 0x34, 0x38,
    0x37, 0x37, 0x38, 0x33, 0x45, 0x63, 0x45, 0x34, 0x38, 0x37, 0x37, 0x38, 0x33, 0x45, 0x63, 0x45, 0x34, 0x38, 0x37, 0x37, 0x38, 0x33, 0x45, 0x63,
    0x45, 0x34, 0x38, 0x37, 0x37, 0x38, 0x33, 0x45, 0x63, 0x45, 0x34, 0x38, 0x37, 0x37, 0x38, 0x33, 0x45, 0x63, 0x45, 0x34, 0x38, 0x37, 0x37, 0x38,
    0x33, 0x45, 0x63, 0x45, 0x34, 0x38, 0x37, 0x37, 0x38, 0x33, 0x45, 0x63, 0x45, 0x34, 0x38, 0x37, 0x37, 0x38, 0x33, 0x45, 0x63, 0x45, 0x34, 0x38,
    0x37, 0x37, 0x38, 0x33, 0x45, 0x63, 0x45, 0x34, 0x38, 0x37, 0x37, 0x38, 0x33, 0x45, 0x63, 0x45, 0x34, 0x38, 0x37, 0x37, 0x38, 0x33, 0x45, 0x63,
    0x45, 0x34, 0x38, 0x37, 0x37, 0x38, 0x33, 0x45, 0x63, 0x45, 0x34, 0x38, 0x37, 0x37, 0x38, 0x33, 0x45, 0x63, 0x45, 0x34, 0x38, 0x37, 0x37, 0x38,
    0x33, 0x45, 0x63, 0x45, 0x34, 0x38, 0x37, 0x37, 0x38, 0x33, 0x45, 0x63, 0x45, 0x34, 0x38, 0x37, 0x37, 0x38, 0x33, 0x45, 0x63, 0x45, 0x34, 0x38,
    0x37, 0x37, 0x38, 0x33, 0x45, 0x63, 0x45, 0x34, 0x38, 0x37, 0x37, 0x38, 0x33, 0x45, 0x63, 0x45, 0x34, 0x38, 0x37, 0x37, 0x38, 0x33, 0x45, 0x63,
    0x45, 0x34, 0x38, 0x37, 0x37, 0x38, 0x33, 0x45, 0x63, 0x45, 0x34, 0x38, 0x37, 0x37, 0x38, 0x33, 0x45, 0x63, 0x45, 0x34, 0x38, 0x37, 0x37, 0x38,
    0x33, 0x45, 0x63, 0x45, 0x34, 0x38, 0x37, 0x37, 0x38, 0x33, 0x45, 0x63, 0x45, 0x34, 0x38, 0x37, 0x37, 0x38, 0x33, 0x45, 0x63, 0x45, 0x34, 0x38,
    0x37, 0x37, 0x38, 0x33, 0x45, 0x63, 0x45, 0x34, 0x38, 0x37, 0x37, 0x38, 0x33, 0x45, 0x63, 0x45, 0x34, 0x38, 0x37, 0x37, 0x38, 0x33, 0x45, 0x63,
    0x45, 0x34, 0x38, 0x37, 0x37, 0x38, 0x33, 0x45, 0x63, 0x45, 0x34, 0x38, 0x37, 0x37, 0x38, 0x33, 0x45, 0x63, 0x45, 0x34, 0x38, 0x37, 0x37, 0x38,
    0x33, 0x45, 0x63, 0x45, 0x34, 0x38, 0x37, 0x37, 0x38, 0x33, 0x45, 0x63, 0x45, 0x34, 0x38, 0x37, 0x37, 0x38, 0x33, 0x45, 0x63, 0x45, 0x34, 0x38,
    0x37, 0x37, 0x38, 0x33, 0x45, 0x63, 0x45, 0x34, 0x38, 0x37, 0x37, 0x38, 0x33, 0x45, 0x63, 0x45, 0x34, 0x38, 0x37, 0x37, 0x38, 0x33, 0x45, 0x63,
    0x45, 0x34, 0x38, 0x37, 0x37, 0x38, 0x33, 0x45, 0x63, 0x45, 0x34, 0x38, 0x37, 0x37, 0x38, 0x33, 0x45, 0x63, 0x45, 0x34, 0x38, 0x37, 0x37, 0x38,
    0x33, 0x45, 0x63, 0x45, 0x34, 0x38, 0x37, 0x37, 0x38, 0x33, 0x45, 0x63, 0x45, 0x34, 0x38, 0x37, 0x37, 0x38, 0x33, 0x45, 0x63, 0x45, 0x34, 0x38,
    0x37, 0x37, 0x38, 0x33, 0x45, 0x63, 0x45, 0x34, 0x38, 0x37, 0x37, 0x38, 0x33, 0x45, 0x63, 0x45, 0x34, 0x38, 0x37, 0x37, 0x38, 0x33, 0x45, 0x63,
    0x45, 0x34, 0x38, 0x37, 0x37, 0x38, 0x33, 0x45, 0x63, 0x45, 0x34, 0x38, 0x37, 0x38, 0x34, 0x40, 0x62, 0x45, 0x35, 0x38, 0x37, 0x37, 0x37, 0x38,
    0x58, 0x3F, 0x36, 0x38, 0x37, 0x37, 0x38, 0x36, 0x57, 0x43, 0x35, 0x38, 0x37, 0x37, 0x38, 0x34, 0x54, 0x49, 0x33, 0x3A, 0x7D, 0x83, 0x37, 0x20,
    0x51, 0x3E, 0x24, 0x29, 0x28, 0x28, 0x29, 0x25, 0x4E, 0x86, 0xA1, 0xAA, 0x35, 0x00, 0x02, 0x00, 0x00, 0x01, 0x00, 0x0A, 0x96, 0xA2, 0xA1, 0x99,
    0x2F, 0x26, 0x29, 0x28, 0x28, 0x28, 0x28, 0x28, 0x27, 0x2E, 0x7D, 0x83, 0x48, 0x33, 0x38, 0x37, 0x37, 0x38, 0x33, 0x45, 0x63, 0x45, 0x33, 0x38,
    0x37, 0x37, 0x38, 0x33, 0x45, 0x63, 0x45, 0x33, 0x38, 0x37, 0x37, 0x38, 0x33, 0x45, 0x63, 0x45, 0x33, 0x38, 0x37, 0x37, 0x38, 0x33, 0x45, 0x63,
    0x45, 0x33, 0x38, 0x37, 0x37, 0x38, 0x33, 0x45, 0x63, 0x45, 0x33, 0x38, 0x37, 0x37, 0x38, 0x33, 0x45, 0x63, 0x45, 0x33, 0x38, 0x37, 0x37, 0x38,
    0x33, 0x45, 0x63, 0x45, 0x33, 0x38, 0x37, 0x37, 0x38, 0x33, 0x45, 0x63, 0x45, 0x33, 0x38, 0x37, 0x37, 0x38, 0x33, 0x45, 0x63, 0x45, 0x33, 0x38,
    0x37, 0x37, 0x38, 0x33, 0x45, 0x63, 0x45, 0x33, 0x38, 0x37, 0x37, 0x38, 0x33, 0x45, 0x63, 0x45, 0x33, 0x38, 0x37, 0x37, 0x38, 0x33, 0x45, 0x63,
    0x45, 0x33, 0x38, 0x37, 0x37, 0x38, 0x33, 0x45, 0x63, 0x45, 0x33, 0x38, 0x37, 0x37, 0x38, 0x33, 0x45, 0x63, 0x45, 0x33, 0x38, 0x37, 0x37, 0x38,
    0x33, 0x45, 0x63, 0x45, 0x33, 0x38, 0x37, 0x37, 0x38, 0x33, 0x45, 0x63, 0x45, 0x33, 0x38, 0x37, 0x37, 0x38, 0x33, 0x45, 0x63, 0x45, 0x33, 0x38,
    0x37, 0x37, 0x38, 0x33, 0x45, 0x63, 0x45, 0x33, 0x38, 0x37, 0x37, 0x38, 0x33, 0x45, 0x63, 0x45, 0x33, 0x38, 0x37, 0x37, 0x38, 0x33, 0x45, 0x63,
    0x45, 0x33, 0x38, 0x37, 0x37, 0x38, 0x33, 0x45, 0x63, 0x45, 0x33, 0x38, 0x37, 0x37, 0x38, 0x33, 0x45, 0x63, 0x45, 0x33, 0x38, 0x37, 0x37, 0x38,
    0x33, 0x45, 0x63, 0x45, 0x33, 0x38, 0x37, 0x37, 0x38, 0x33, 0x45, 0x63, 0x45, 0x33, 0x38, 0x37, 0x37, 0x38, 0x33, 0x45, 0x63, 0x45, 0x33, 0x38,
    0x37, 0x37, 0x38, 0x33, 0x45, 0x63, 0x45, 0x33, 0x38, 0x37, 0x37, 0x38, 0x33, 0x45, 0x63, 0x45, 0x33, 0x38, 0x37, 0x37, 0x38, 0x33, 0x45, 0x63,
    0x45, 0x33, 0x38, 0x37, 0x37, 0x38, 0x33, 0x45, 0x63, 0x45, 0x33, 0x38, 0x37, 0x37, 0x38, 0x33, 0x45, 0x63, 0x45, 0x33, 0x38, 0x37, 0x37, 0x38,
    0x33, 0x45, 0x63, 0x45, 0x33, 0x38, 0x37, 0x37, 0x38, 0x33, 0x45, 0x63, 0x45, 0x33, 0x38, 0x37, 0x37, 0x38, 0x33, 0x45, 0x63, 0x45, 0x33, 0x38,
    0x37, 0x37, 0x38, 0x33, 0x45, 0x63, 0x45, 0x33, 0x38, 0x37, 0x37, 0x38, 0x33, 0x45, 0x63, 0x45, 0x33, 0x38, 0x37, 0x37, 0x38, 0x33, 0x45, 0x63,
    0x45, 0x33, 0x38, 0x37, 0x37, 0x38, 0x33, 0x45, 0x63, 0x45, 0x33, 0x38, 0x37, 0x37, 0x38, 0x33, 0x45, 0x63, 0x45, 0x33, 0x38, 0x37, 0x37, 0x38,
    0x33, 0x45, 0x63, 0x45, 0x33, 0x38, 0x37, 0x37, 0x38, 0x33, 0x45, 0x63, 0x45, 0x33, 0x38, 0x37, 0x37, 0x38, 0x33, 0x45, 0x63, 0x45, 0x33, 0x38,
    0x37, 0x37, 0x38, 0x33, 0x45, 0x63, 0x45, 0x33, 0x38, 0x37, 0x37, 0x38, 0x33, 0x45, 0x63, 0x45, 0x33, 0x38, 0x37, 0x37, 0x38, 0x33, 0x45, 0x63,
    0x45, 0x33, 0x38, 0x37, 0x37, 0x38, 0x33, 0x45, 0x63, 0x45, 0x33, 0x38, 0x37, 0x37, 0x38, 0x33, 0x45, 0x63, 0x45, 0x33, 0x38, 0x37, 0x37, 0x38,
    0x33, 0x45, 0x63, 0x45, 0x33, 0x38, 0x37, 0x37, 0x38, 0x33, 0x45, 0x63, 0x45, 0x33, 0x38, 0x37, 0x37, 0x38, 0x33, 0x45, 0x63, 0x45, 0x33, 0x38,
    0x37, 0x37, 0x38, 0x33, 0x45, 0x63, 0x45, 0x33, 0x38, 0x37, 0x37, 0x38, 0x33, 0x45, 0x63, 0x45, 0x33, 0x38, 0x37, 0x37, 0x38, 0x33, 0x45, 0x63,
    0x45, 0x33, 0x38, 0x37, 0x37, 0x38, 0x33, 0x45, 0x63, 0x45, 0x33, 0x38, 0x37, 0x37, 0x38, 0x33, 0x45, 0x63, 0x45, 0x33, 0x38, 0x37, 0x38, 0x34,
    0x46, 0x62, 0x3C, 0x35, 0x38, 0x37, 0x38, 0x34, 0x43, 0x57, 0x35, 0x38, 0x37, 0x37, 0x38, 0x34, 0x4C, 0x50, 0x34, 0x38, 0x37, 0x37, 0x38, 0x34,
    0x53, 0x48, 0x35, 0x34, 0x69, 0x8D, 0x47, 0x1E, 0x52, 0x3E, 0x24, 0x29, 0x28, 0x28, 0x28, 0x28, 0x55, 0x99, 0xA0, 0xAA, 0x35, 0x00, 0x02, 0x00,
    0x00, 0x01, 0x00, 0x0A, 0x96, 0xA2, 0xA1, 0x99, 0x2F, 0x26, 0x29, 0x28, 0x28, 0x28, 0x28, 0x28, 0x27, 0x2D, 0x7D, 0x81, 0x63, 0x45, 0x34, 0x38,
    0x37, 0x37, 0x38, 0x33, 0x45, 0x63, 0x45, 0x33, 0x38, 0x37, 0x37, 0x38, 0x33, 0x45, 0x63, 0x45, 0x33, 0x38, 0x37, 0x37, 0x38, 0x33, 0x45, 0x63,
    0x45, 0x33, 0x38, 0x37, 0x37, 0x38, 0x33, 0x45, 0x63, 0x45, 0x33, 0x38, 0x37, 0x37, 0x38, 0x33, 0x45, 0x63, 0x45, 0x33, 0x38, 0x37, 0x37, 0x38,
    0x33, 0x45, 0x63, 0x45, 0x33, 0x38, 0x37, 0x37, 0x38, 0x33, 0x45, 0x63, 0x45, 0x33, 0x38, 0x37, 0x37, 0x38, 0x33, 0x45, 0x63, 0x45, 0x33, 0x38,
    0x37, 0x37, 0x38, 0x33, 0x45, 0x63, 0x45, 0x33, 0x38, 0x37, 0x37, 0x38, 0x33, 0x45, 0x63, 0x45, 0x33, 0x38, 0x37, 0x37, 0x38, 0x33, 0x45, 0x63,
    0x45, 0x33, 0x38, 0x37, 0x37, 0x38, 0x33, 0x45, 0x63, 0x45, 0x33, 0x38, 0x37, 0x37, 0x38, 0x33, 0x45, 0x63, 0x45, 0x33, 0x38, 0x37, 0x37, 0x38,
    0x33, 0x45, 0x63, 0x45, 0x33, 0x38, 0x37, 0x37, 0x38, 0x33, 0x45, 0x63, 0x45, 0x33, 0x38, 0x37, 0x37, 0x38, 0x33, 0x45, 0x63, 0x45, 0x33, 0x38,
    0x37, 0x37, 0x38, 0x33, 0x45, 0x63, 0x45, 0x33, 0x38, 0x37, 0x37, 0x38, 0x33, 0x45, 0x63, 0x45, 0x33, 0x38, 0x37, 0x37, 0x38, 0x33, 0x45, 0x63,
    0x45, 0x33, 0x38, 0x37, 0x37, 0x38, 0x33, 0x45, 0x63, 0x45, 0x33, 0x38, 0x37, 0x37, 0x38, 0x33, 0x45, 0x63, 0x45, 0x33, 0x38, 0x37, 0x37, 0x38,
    0x33, 0x45, 0x63, 0x45, 0x33, 0x38, 0x37, 0x37, 0x38, 0x33, 0x45, 0x63, 0x45, 0x33, 0x38, 0x37, 0x37, 0x38, 0x33, 0x45, 0x63, 0x45, 0x33, 0x38,
    0x37, 0x37, 0x38, 0x33, 0x45, 0x63, 0x45, 0x33, 0x38, 0x37, 0x37, 0x38, 0x33, 0x45, 0x63, 0x45, 0x33, 0x38, 0x37, 0x37, 0x38, 0x33, 0x45, 0x63,
    0x45, 0x33, 0x38, 0x37, 0x37, 0x38, 0x33, 0x45, 0x63, 0x45, 0x33, 0x38, 0x37, 0x37, 0x38, 0x33, 0x45, 0x63, 0x45, 0x33, 0x38, 0x37, 0x37, 0x38,
    0x33, 0x45, 0x63, 0x45, 0x33, 0x38, 0x37, 0x37, 0x38, 0x33, 0x45, 0x63, 0x45, 0x33, 0x38, 0x37, 0x37, 0x38, 0x33, 0x45, 0x63, 0x45, 0x33, 0x38,
    0x37, 0x37, 0x38, 0x33, 0x45, 0x63, 0x45, 0x33, 0x38, 0x37, 0x37, 0x38, 0x33, 0x45, 0x63, 0x45, 0x33, 0x38, 0x37, 0x37, 0x38, 0x33, 0x45, 0x63,
    0x45, 0x33, 0x38, 0x37, 0x37, 0x38, 0x33, 0x45, 0x63, 0x45, 0x33, 0x38, 0x37, 0x37, 0x38, 0x33, 0x45, 0x63, 0x45, 0x33, 0x38, 0x37, 0x37, 0x38,
    0x33, 0x45, 0x63, 0x45, 0x33, 0x38, 0x37, 0x37, 0x38, 0x33, 0x45, 0x63, 0x45, 0x33, 0x38, 0x37, 0x37, 0x38, 0x33, 0x45, 0x63, 0x45, 0x33, 0x38,
    0x37, 0x37, 0x38, 0x33, 0x45, 0x63, 0x45, 0x33, 0x38, 0x37, 0x37, 0x38, 0x33, 0x45, 0x63, 0x45, 0x33, 0x38, 0x37, 0x37, 0x38, 0x33, 0x45, 0x63,
    0x45, 0x33, 0x38, 0x37, 0x37, 0x38, 0x33, 0x45, 0x63, 0x45, 0x33, 0x38, 0x37, 0x37, 0x38, 0x33, 0x45, 0x63, 0x45, 0x33, 0x38, 0x37, 0x37, 0x38,
    0x33, 0x45, 0x63, 0x45, 0x33, 0x38, 0x37, 0x37, 0x38, 0x33, 0x45, 0x63, 0x45, 0x33, 0x38, 0x37, 0x37, 0x38, 0x33, 0x45, 0x63, 0x45, 0x33, 0x38,
    0x37, 0x37, 0x38, 0x33, 0x45, 0x63, 0x45, 0x33, 0x38, 0x37, 0x37, 0x38, 0x33, 0x45, 0x63, 0x45, 0x33, 0x38, 0x37, 0x37, 0x38, 0x33, 0x45, 0x63,
    0x45, 0x33, 0x38, 0x37, 0x37, 0x38, 0x33, 0x45, 0x63, 0x45, 0x33, 0x38, 0x37, 0x37, 0x38, 0x33, 0x45, 0x63, 0x45, 0x33, 0x38, 0x37, 0x37, 0x38,
    0x33, 0x45, 0x63, 0x45, 0x33, 0x38, 0x37, 0x38, 0x34, 0x51, 0x5C, 0x36, 0x36, 0x37, 0x37, 0x38, 0x35, 0x57, 0x43, 0x34, 0x38, 0x37, 0x37, 0x35,
    0x3D, 0x58, 0x37, 0x37, 0x37, 0x37, 0x38, 0x34, 0x48, 0x53, 0x35, 0x33, 0x68, 0x8D, 0x46, 0x1E, 0x51, 0x3D, 0x24, 0x29, 0x28, 0x28, 0x26, 0x2D,
    0x68, 0xA0, 0x9E, 0xAA, 0x35, 0x00, 0x02, 0x00, 0x00, 0x01, 0x00, 0x0A, 0x96, 0xA2, 0xA1, 0x99, 0x2F, 0x26, 0x29, 0x28, 0x28, 0x28, 0x28, 0x28,
    0x27, 0x2D, 0x7E, 0x7D, 0x4A, 0x61, 0x46, 0x33, 0x38, 0x37, 0x37, 0x38, 0x33, 0x45, 0x63, 0x45, 0x33, 0x38, 0x37, 0x37, 0x38, 0x33, 0x45, 0x63,
    0x45, 0x33, 0x38, 0x37, 0x37, 0x38, 0x33, 0x45, 0x63, 0x45, 0x33, 0x38, 0x37, 0x37, 0x38, 0x33, 0x45, 0x63, 0x45, 0x33, 0x38, 0x37, 0x37, 0x38,
    0x33, 0x45, 0x63, 0x45, 0x33, 0x38, 0x37, 0x37, 0x38, 0x33, 0x45, 0x63, 0x45, 0x33, 0x38, 0x37, 0x37, 0x38, 0x33, 0x45, 0x63, 0x45, 0x33, 0x38,
    0x37, 0x37, 0x38, 0x33, 0x45, 0x63, 0x45, 0x33, 0x38, 0x37, 0x37, 0x38, 0x33, 0x45, 0x63, 0x45, 0x33, 0x38, 0x37, 0x37, 0x38, 0x33, 0x45, 0x63,
    0x45, 0x33, 0x38, 0x37, 0x37, 0x38, 0x33, 0x45, 0x63, 0x45, 0x33, 0x38, 0x37, 0x37, 0x38, 0x33, 0x45, 0x63, 0x45, 0x33, 0x38, 0x37, 0x37, 0x38,
    0x33, 0x45, 0x63, 0x45, 0x33, 0x38, 0x37, 0x37, 0x38, 0x33, 0x45, 0x63, 0x45, 0x33, 0x38, 0x37, 0x37, 0x38, 0x33, 0x45, 0x63, 0x45, 0x33, 0x38,
    0x37, 0x37, 0x38, 0x33, 0x45, 0x63, 0x45, 0x33, 0x38, 0x37, 0x37, 0x38, 0x33, 0x45, 0x63, 0x45, 0x33, 0x38, 0x37, 0x37, 0x38, 0x33, 0x45, 0x63,
    0x45, 0x33, 0x38, 0x37, 0x37, 0x38, 0x33, 0x45, 0x63, 0x45, 0x33, 0x38, 0x37, 0x37, 0x38, 0x33, 0x45, 0x63, 0x45, 0x33, 0x38, 0x37, 0x37, 0x38,
    0x33, 0x45, 0x63, 0x45, 0x33, 0x38, 0x37, 0x37, 0x38, 0x33, 0x45, 0x63, 0x45, 0x33, 0x38, 0x37, 0x37, 0x38, 0x33, 0x45, 0x63, 0x45, 0x33, 0x38,
    0x37, 0x37, 0x38, 0x33, 0x45, 0x63, 0x45, 0x33, 0x38, 0x37, 0x37, 0x38, 0x33, 0x45, 0x63, 0x45, 0x33, 0x38, 0x37, 0x37, 0x38, 0x33, 0x45, 0x63,
    0x45, 0x33, 0x38, 0x37, 0x37, 0x38, 0x33, 0x45, 0x63, 0x45, 0x33, 0x38, 0x37, 0x37, 0x38, 0x33, 0x45, 0x63, 0x45, 0x33, 0x38, 0x37, 0x37, 0x38,
    0x33, 0x45, 0x63, 0x45, 0x33, 0x38, 0x37, 0x37, 0x38, 0x33, 0x45, 0x63, 0x45, 0x33, 0x38, 0x37, 0x37, 0x38, 0x33, 0x45, 0x63, 0x45, 0x33, 0x38,
    0x37, 0x37, 0x38, 0x33, 0x45, 0x63, 0x45, 0x33, 0x38, 0x37, 0x37, 0x38, 0x33, 0x45, 0x63, 0x45, 0x33, 0x38, 0x37, 0x37, 0x38, 0x33, 0x45, 0x63,
    0x45, 0x33, 0x38, 0x37, 0x37, 0x38, 0x33, 0x45, 0x63, 0x45, 0x33, 0x38, 0x37, 0x37, 0x38, 0x33, 0x45, 0x63, 0x45, 0x33, 0x38, 0x37, 0x37, 0x38,
    0x33, 0x45, 0x63, 0x45, 0x33, 0x38, 0x37, 0x37, 0x38, 0x33, 0x45, 0x63, 0x45, 0x33, 0x38, 0x37, 0x37, 0x38, 0x33, 0x45, 0x63, 0x45, 0x33, 0x38,
    0x37, 0x37, 0x38, 0x33, 0x45, 0x63, 0x45, 0x33, 0x38, 0x37, 0x37, 0x38, 0x33, 0x45, 0x63, 0x45, 0x33, 0x38, 0x37, 0x37, 0x38, 0x33, 0x45, 0x63,
    0x45, 0x33, 0x38, 0x37, 0x37, 0x38, 0x33, 0x45, 0x63, 0x45, 0x33, 0x38, 0x37, 0x37, 0x38, 0x33, 0x45, 0x63, 0x45, 0x33, 0x38, 0x37, 0x37, 0x38,
    0x33, 0x45, 0x63, 0x45, 0x33, 0x38, 0x37, 0x37, 0x38, 0x33, 0x45, 0x63, 0x45, 0x33, 0x38, 0x37, 0x37, 0x38, 0x33, 0x45, 0x63, 0x45, 0x33, 0x38,
    0x37, 0x37, 0x38, 0x33, 0x45, 0x63, 0x45, 0x33, 0x38, 0x37, 0x37, 0x38, 0x33, 0x45, 0x63, 0x45, 0x33, 0x38, 0x37, 0x37, 0x38, 0x33, 0x45, 0x63,
    0x45, 0x33, 0x38, 0x37, 0x37, 0x38, 0x33, 0x45, 0x63, 0x45, 0x33, 0x38, 0x37, 0x37, 0x38, 0x33, 0x45, 0x63, 0x45, 0x33, 0x38, 0x37, 0x37, 0x38,
    0x33, 0x45, 0x63, 0x45, 0x33, 0x38, 0x37, 0x37, 0x38, 0x33, 0x45, 0x63, 0x45, 0x33, 0x38, 0x37, 0x37, 0x34, 0x58, 0x53, 0x35, 0x37, 0x37, 0x37,
    0x35, 0x3E, 0x58, 0x38, 0x37, 0x37, 0x37, 0x38, 0x34, 0x53, 0x44, 0x34, 0x38, 0x37, 0x38, 0x34, 0x48, 0x54, 0x35, 0x33, 0x68, 0x8D, 0x44, 0x24,
    0x55, 0x2E, 0x27, 0x28, 0x28, 0x29, 0x25, 0x3D, 0x81, 0xA3, 0x9D, 0xAA, 0x35, 0x00, 0x02, 0x00, 0x00, 0x01, 0x00, 0x0A, 0x96, 0xA2, 0xA1, 0x99,
    0x2F, 0x26, 0x29, 0x28, 0x28, 0x28, 0x28, 0x28, 0x27, 0x2D, 0x7E, 0x7F, 0x38, 0x44, 0x63, 0x45, 0x33, 0x38, 0x37, 0x37, 0x38, 0x33, 0x45, 0x63,
    0x45, 0x33, 0x38, 0x37, 0x37, 0x38, 0x33, 0x45, 0x63, 0x45, 0x33, 0x38, 0x37, 0x37, 0x38, 0x33, 0x45, 0x63, 0x45, 0x33, 0x38, 0x37, 0x37, 0x38,
    0x33, 0x45, 0x63, 0x45, 0x33, 0x38, 0x37, 0x37, 0x38, 0x33, 0x45, 0x63, 0x45, 0x33, 0x38, 0x37, 0x37, 0x38, 0x33, 0x45, 0x63, 0x45, 0x33, 0x38,
    0x37, 0x37, 0x38, 0x33, 0x45, 0x63, 0x45, 0x33, 0x38, 0x37, 0x37, 0x38, 0x33, 0x45, 0x63, 0x45, 0x33, 0x38, 0x37, 0x37, 0x38, 0x33, 0x45, 0x63,
    0x45, 0x33, 0x38, 0x37, 0x37, 0x38, 0x33, 0x45, 0x63, 0x45, 0x33, 0x38, 0x37, 0x37, 0x38, 0x33, 0x45, 0x63, 0x45, 0x33, 0x38, 0x37, 0x37, 0x38,
    0x33, 0x45, 0x63, 0x45, 0x33, 0x38, 0x37, 0x37, 0x38, 0x33, 0x45, 0x63, 0x45, 0x33, 0x38, 0x37, 0x37, 0x38, 0x33, 0x45, 0x63, 0x45, 0x33, 0x38,
    0x37, 0x37, 0x38, 0x33, 0x45, 0x63, 0x45, 0x33, 0x38, 0x37, 0x37, 0x38, 0x33, 0x45, 0x63, 0x45, 0x33, 0x38, 0x37, 0x37, 0x38, 0x33, 0x45, 0x63,
    0x45, 0x33, 0x38, 0x37, 0x37, 0x38, 0x33, 0x45, 0x63, 0x45, 0x33, 0x38, 0x37, 0x37, 0x38, 0x33, 0x45, 0x63, 0x45, 0x33, 0x38, 0x37, 0x37, 0x38,
    0x33, 0x45, 0x63, 0x45, 0x33, 0x38, 0x37, 0x37, 0x38, 0x33, 0x45, 0x63, 0x45, 0x33, 0x38, 0x37, 0x37, 0x38, 0x33, 0x45, 0x63, 0x45, 0x33, 0x38,
    0x37, 0x37, 0x38, 0x33, 0x45, 0x63, 0x45, 0x33, 0x38, 0x37, 0x37, 0x38, 0x33, 0x45, 0x63, 0x45, 0x33, 0x38, 0x37, 0x37, 0x38, 0x33, 0x45, 0x63,
    0x46, 0x34, 0x38, 0x37, 0x37, 0x38, 0x34, 0x46, 0x63, 0x46, 0x34, 0x38, 0x37, 0x37, 0x38, 0x34, 0x46, 0x63, 0x46, 0x34, 0x38, 0x37, 0x37, 0x38,
    0x34, 0x46, 0x63, 0x46, 0x34, 0x38, 0x37, 0x37, 0x38, 0x34, 0x46, 0x63, 0x46, 0x34, 0x38, 0x37, 0x37, 0x38, 0x34, 0x46, 0x63, 0x46, 0x34, 0x38,
    0x37, 0x37, 0x38, 0x34, 0x46, 0x63, 0x46, 0x34, 0x38, 0x37, 0x37, 0x38, 0x34, 0x46, 0x63, 0x46, 0x34, 0x38, 0x37, 0x37, 0x38, 0x33, 0x45, 0x63,
    0x45, 0x33, 0x38, 0x37, 0x37, 0x38, 0x33, 0x45, 0x63, 0x45, 0x33, 0x38, 0x37, 0x37, 0x38, 0x33, 0x45, 0x63, 0x45, 0x33, 0x38, 0x37, 0x37, 0x38,
    0x33, 0x45, 0x63, 0x45, 0x33, 0x38, 0x37, 0x37, 0x38, 0x33, 0x45, 0x63, 0x45, 0x33, 0x38, 0x37, 0x37, 0x38, 0x33, 0x45, 0x63, 0x45, 0x33, 0x38,
    0x37, 0x37, 0x38, 0x33, 0x45, 0x63, 0x45, 0x33, 0x38, 0x37, 0x37, 0x38, 0x33, 0x45, 0x63, 0x45, 0x33, 0x38, 0x37, 0x37, 0x38, 0x33, 0x45, 0x63,
    0x45, 0x33, 0x38, 0x37, 0x37, 0x38, 0x33, 0x45, 0x63, 0x45, 0x33, 0x38, 0x37, 0x37, 0x38, 0x33, 0x45, 0x63, 0x45, 0x33, 0x38, 0x37, 0x37, 0x38,
    0x33, 0x45, 0x63, 0x45, 0x33, 0x38, 0x37, 0x37, 0x38, 0x33, 0x45, 0x63, 0x45, 0x33, 0x38, 0x37, 0x37, 0x38, 0x33, 0x45, 0x63, 0x45, 0x33, 0x38,
    0x37, 0x37, 0x38, 0x33, 0x45, 0x63, 0x45, 0x33, 0x38, 0x37, 0x37, 0x38, 0x33, 0x45, 0x63, 0x45, 0x33, 0x38, 0x37, 0x37, 0x38, 0x33, 0x45, 0x63,
    0x45, 0x33, 0x38, 0x37, 0x37, 0x38, 0x33, 0x45, 0x63, 0x45, 0x33, 0x38, 0x37, 0x37, 0x38, 0x33, 0x45, 0x63, 0x45, 0x33, 0x38, 0x37, 0x37, 0x38,
    0x33, 0x45, 0x63, 0x45, 0x33, 0x38, 0x37, 0x37, 0x38, 0x33, 0x45, 0x63, 0x45, 0x33, 0x38, 0x37, 0x37, 0x38, 0x33, 0x45, 0x63, 0x45, 0x33, 0x38,
    0x38, 0x36, 0x3B, 0x60, 0x4A, 0x33, 0x38, 0x37, 0x38, 0x33, 0x52, 0x4B, 0x33, 0x38, 0x37, 0x38, 0x34, 0x47, 0x54, 0x34, 0x38, 0x37, 0x37, 0x35,
    0x3E, 0x58, 0x39, 0x32, 0x68, 0x8D, 0x44, 0x26, 0x5B, 0x2C, 0x27, 0x28, 0x28, 0x29, 0x25, 0x4A, 0x8E, 0xA3, 0x9D, 0xAA, 0x35, 0x00, 0x02, 0x00,
    0x00, 0x01, 0x00, 0x0A, 0x96, 0xA2, 0xA1, 0x99, 0x2F, 0x26, 0x29, 0x28, 0x28, 0x28, 0x28, 0x28, 0x27, 0x2D, 0x7E, 0x7F, 0x3C, 0x32, 0x45, 0x63,
    0x45, 0x33, 0x38, 0x37, 0x37, 0x38, 0x33, 0x45, 0x63, 0x45, 0x33, 0x38, 0x37, 0x37, 0x38, 0x33, 0x45, 0x63, 0x45, 0x33, 0x38, 0x37, 0x37, 0x38,
    0x33, 0x45, 0x63, 0x45, 0x33, 0x38, 0x37, 0x37, 0x38, 0x33, 0x45, 0x63, 0x45, 0x33, 0x38, 0x37, 0x37, 0x38, 0x33, 0x45, 0x63, 0x45, 0x33, 0x38,
    0x37, 0x37, 0x38, 0x33, 0x45, 0x63, 0x45, 0x33, 0x38, 0x37, 0x37, 0x38, 0x33, 0x45, 0x63, 0x45, 0x33, 0x38, 0x37, 0x37, 0x38, 0x33, 0x45, 0x63,
    0x45, 0x33, 0x38, 0x37, 0x37, 0x38, 0x33, 0x45, 0x63, 0x45, 0x33, 0x38, 0x37, 0x37, 0x38, 0x33, 0x45, 0x63, 0x45, 0x33, 0x38, 0x37, 0x37, 0x38,
    0x33, 0x45, 0x63, 0x45, 0x33, 0x38, 0x37, 0x37, 0x38, 0x33, 0x45, 0x63, 0x45, 0x33, 0x38, 0x37, 0x37, 0x38, 0x33, 0x45, 0x63, 0x45, 0x33, 0x38,
    0x37, 0x37, 0x38, 0x33, 0x45, 0x63, 0x45, 0x33, 0x38, 0x37, 0x37, 0x38, 0x33, 0x45, 0x63, 0x45, 0x33, 0x38, 0x37, 0x37, 0x38, 0x33, 0x45, 0x63,
    0x45, 0x33, 0x38, 0x37, 0x37, 0x38, 0x33, 0x45, 0x63, 0x45, 0x33, 0x38, 0x37, 0x37, 0x38, 0x33, 0x45, 0x63, 0x45, 0x33, 0x38, 0x37, 0x37, 0x38,
    0x33, 0x45, 0x63, 0x45, 0x33, 0x38, 0x37, 0x37, 0x38, 0x33, 0x45, 0x63, 0x45, 0x33, 0x38, 0x37, 0x37, 0x38, 0x33, 0x45, 0x63, 0x45, 0x33, 0x38,
    0x37, 0x37, 0x38, 0x33, 0x45, 0x63, 0x45, 0x33, 0x38, 0x37, 0x37, 0x38, 0x33, 0x45, 0x63, 0x45, 0x33, 0x38, 0x37, 0x37, 0x38, 0x33, 0x45, 0x63,
    0x45, 0x33, 0x38, 0x37, 0x37, 0x39, 0x35, 0x44, 0x61, 0x44, 0x32, 0x36, 0x35, 0x35, 0x36, 0x32, 0x44, 0x61, 0x44, 0x32, 0x36, 0x35, 0x35, 0x36,
    0x32, 0x44, 0x61, 0x44, 0x32, 0x36, 0x35, 0x35, 0x36, 0x32, 0x44, 0x61, 0x44, 0x32, 0x36, 0x35, 0x35, 0x36, 0x32, 0x44, 0x61, 0x44, 0x32, 0x36,
    0x35, 0x35, 0x36, 0x32, 0x44, 0x61, 0x44, 0x32, 0x36, 0x35, 0x35, 0x36, 0x32, 0x44, 0x61, 0x44, 0x32, 0x36, 0x35, 0x35, 0x36, 0x32, 0x44, 0x61,
    0x44, 0x34, 0x39, 0x37, 0x37, 0x38, 0x33, 0x45, 0x63, 0x45, 0x33, 0x38, 0x37, 0x37, 0x38, 0x33, 0x45, 0x63, 0x45, 0x33, 0x38, 0x37, 0x37, 0x38,
    0x33, 0x45, 0x63, 0x45, 0x33, 0x38, 0x37, 0x37, 0x38, 0x33, 0x45, 0x63, 0x45, 0x33, 0x38, 0x37, 0x37, 0x38, 0x33, 0x45, 0x63, 0x45, 0x33, 0x38,
    0x37, 0x37, 0x38, 0x33, 0x45, 0x63, 0x45, 0x33, 0x38, 0x37, 0x37, 0x38, 0x33, 0x45, 0x63, 0x45, 0x33, 0x38, 0x37, 0x37, 0x38, 0x33, 0x45, 0x63,
    0x45, 0x33, 0x38, 0x37, 0x37, 0x38, 0x33, 0x45, 0x63, 0x45, 0x33, 0x38, 0x37, 0x37, 0x38, 0x33, 0x45, 0x63, 0x45, 0x33, 0x38, 0x37, 0x37, 0x38,
    0x33, 0x45, 0x63, 0x45, 0x33, 0x38, 0x37, 0x37, 0x38, 0x33, 0x45, 0x63, 0x45, 0x33, 0x38, 0x37, 0x37, 0x38, 0x33, 0x45, 0x63, 0x45, 0x33, 0x38,
    0x37, 0x37, 0x38, 0x33, 0x45, 0x63, 0x45, 0x33, 0x38, 0x37, 0x37, 0x38, 0x33, 0x45, 0x63, 0x45, 0x33, 0x38, 0x37, 0x37, 0x38, 0x33, 0x45, 0x63,
    0x45, 0x33, 0x38, 0x37, 0x37, 0x38, 0x33, 0x45, 0x63, 0x45, 0x33, 0x38, 0x37, 0x37, 0x38, 0x33, 0x45, 0x63, 0x45, 0x33, 0x38, 0x37, 0x37, 0x38,
    0x33, 0x45, 0x63, 0x45, 0x33, 0x38, 0x37, 0x37, 0x38, 0x33, 0x45, 0x63, 0x45, 0x33, 0x38, 0x37, 0x37, 0x38, 0x33, 0x45, 0x63, 0x45, 0x33, 0x38,
    0x37, 0x37, 0x38, 0x33, 0x45, 0x63, 0x45, 0x33, 0x38, 0x38, 0x34, 0x43, 0x62, 0x43, 0x34, 0x38, 0x37, 0x36, 0x3B, 0x58, 0x3B, 0x36, 0x37, 0x37,
    0x36, 0x3A, 0x59, 0x3A, 0x36, 0x37, 0x37, 0x36, 0x3A, 0x5B, 0x3B, 0x31, 0x68, 0x8D, 0x44, 0x26, 0x5A, 0x2C, 0x27, 0x28, 0x28, 0x27, 0x2F, 0x4E,
    0x7C, 0xA7, 0x9C, 0xAA, 0x35, 0x00, 0x02, 0x00, 0x00, 0x01, 0x00, 0x0A, 0x96, 0xA2, 0xA1, 0x99, 0x2F, 0x26, 0x29, 0x28, 0x28, 0x28, 0x28, 0x28,
    0x27, 0x2D, 0x7E, 0x7F, 0x3B, 0x36, 0x34, 0x45, 0x63, 0x45, 0x33, 0x38, 0x37, 0x37, 0x38, 0x33, 0x45, 0x63, 0x45, 0x33, 0x38, 0x37, 0x37, 0x38,
    0x33, 0x45, 0x63, 0x45, 0x33, 0x38, 0x37, 0x37, 0x38, 0x33, 0x45, 0x63, 0x45, 0x33, 0x38, 0x37, 0x37, 0x38, 0x33, 0x45, 0x63, 0x45, 0x33, 0x38,
    0x37, 0x37, 0x38, 0x33, 0x45, 0x63, 0x45, 0x33, 0x38, 0x37, 0x37, 0x38, 0x33, 0x45, 0x63, 0x45, 0x33, 0x38, 0x37, 0x37, 0x38, 0x33, 0x45, 0x63,
    0x45, 0x33, 0x38, 0x37, 0x37, 0x38, 0x33, 0x45, 0x63, 0x45, 0x33, 0x38, 0x37, 0x37, 0x38, 0x33, 0x45, 0x63, 0x45, 0x33, 0x38, 0x37, 0x37, 0x38,
    0x33, 0x45, 0x63, 0x45, 0x33, 0x38, 0x37, 0x37, 0x38, 0x33, 0x45, 0x63, 0x45, 0x33, 0x38, 0x37, 0x37, 0x38, 0x33, 0x45, 0x63, 0x45, 0x33, 0x38,
    0x37, 0x37, 0x38, 0x33, 0x45, 0x63, 0x45, 0x33, 0x38, 0x37, 0x37, 0x38, 0x33, 0x45, 0x63, 0x45, 0x33, 0x38, 0x37, 0x37, 0x38, 0x33, 0x45, 0x63,
    0x45, 0x33, 0x38, 0x37, 0x37, 0x38, 0x33, 0x45, 0x63, 0x45, 0x33, 0x38, 0x37, 0x37, 0x38, 0x33, 0x45, 0x63, 0x45, 0x33, 0x38, 0x37, 0x37, 0x38,
    0x33, 0x45, 0x63, 0x45, 0x33, 0x38, 0x37, 0x37, 0x38, 0x33, 0x45, 0x63, 0x45, 0x33, 0x38, 0x37, 0x37, 0x38, 0x33, 0x45, 0x63, 0x45, 0x33, 0x38,
    0x37, 0x37, 0x38, 0x33, 0x45, 0x63, 0x45, 0x33, 0x38, 0x37, 0x37, 0x38, 0x33, 0x45, 0x63, 0x45, 0x33, 0x38, 0x37, 0x37, 0x38, 0x33, 0x45, 0x63,
    0x45, 0x33, 0x38, 0x37, 0x37, 0x38, 0x33, 0x45, 0x63, 0x45, 0x33, 0x38, 0x38, 0x35, 0x32, 0x38, 0x4C, 0x65, 0x49, 0x3B, 0x3D, 0x3D, 0x3D, 0x3E,
    0x39, 0x4B, 0x65, 0x49, 0x3B, 0x3D, 0x3D, 0x3D, 0x3E, 0x39, 0x4B, 0x65, 0x49, 0x3B, 0x3D, 0x3D, 0x3D, 0x3E, 0x39, 0x4B, 0x65, 0x49, 0x3B, 0x3D,
    0x3D, 0x3D, 0x3E, 0x39, 0x4B, 0x65, 0x49, 0x3B, 0x3D, 0x3D, 0x3D, 0x3E, 0x39, 0x4B, 0x65, 0x49, 0x3B, 0x3D, 0x3D, 0x3D, 0x3E, 0x39, 0x4B, 0x65,
    0x49, 0x3B, 0x3D, 0x3D, 0x3D, 0x3E, 0x39, 0x4B, 0x66, 0x43, 0x31, 0x39, 0x37, 0x37, 0x38, 0x33, 0x45, 0x63, 0x45, 0x33, 0x38, 0x37, 0x37, 0x38,
    0x33, 0x45, 0x63, 0x45, 0x33, 0x38, 0x37, 0x37, 0x38, 0x33, 0x45, 0x63, 0x45, 0x33, 0x38, 0x37, 0x37, 0x38, 0x33, 0x45, 0x63, 0x45, 0x33, 0x38,
    0x37, 0x37, 0x38, 0x33, 0x45, 0x63, 0x45, 0x33, 0x38, 0x37, 0x37, 0x38, 0x33, 0x45, 0x63, 0x45, 0x33, 0x38, 0x37, 0x37, 0x38, 0x33, 0x45, 0x63,
    0x45, 0x33, 0x38, 0x37, 0x37, 0x38, 0x33, 0x45, 0x63, 0x45, 0x33, 0x38, 0x37, 0x37, 0x38, 0x33, 0x45, 0x63, 0x45, 0x33, 0x38, 0x37, 0x37, 0x38,
    0x33, 0x45, 0x63, 0x45, 0x33, 0x38, 0x37, 0x37, 0x38, 0x33, 0x45, 0x63, 0x45, 0x33, 0x38, 0x37, 0x37, 0x38, 0x33, 0x45, 0x63, 0x45, 0x33, 0x38,
    0x37, 0x37, 0x38, 0x33, 0x45, 0x63, 0x45, 0x33, 0x38, 0x37, 0x37, 0x38, 0x33, 0x45, 0x63, 0x45, 0x33, 0x38, 0x37, 0x37, 0x38, 0x33, 0x45, 0x63,
    0x45, 0x33, 0x38, 0x37, 0x37, 0x38, 0x33, 0x45, 0x63, 0x45, 0x33, 0x38, 0x37, 0x37, 0x38, 0x33, 0x45, 0x63, 0x45, 0x33, 0x38, 0x37, 0x37, 0x38,
    0x33, 0x45, 0x63, 0x45, 0x33, 0x38, 0x37, 0x37, 0x38, 0x33, 0x45, 0x63, 0x45, 0x33, 0x38, 0x37, 0x37, 0x38, 0x33, 0x45, 0x63, 0x45, 0x33, 0x38,
    0x37, 0x37, 0x38, 0x33, 0x45, 0x63, 0x45, 0x33, 0x38, 0x37, 0x37, 0x38, 0x33, 0x45, 0x63, 0x45, 0x33, 0x38, 0x38, 0x33, 0x4A, 0x60, 0x3B, 0x36,
    0x37, 0x38, 0x33, 0x4B, 0x52, 0x33, 0x38, 0x37, 0x38, 0x34, 0x54, 0x47, 0x34, 0x38, 0x37, 0x37, 0x38, 0x58, 0x3F, 0x30, 0x68, 0x8D, 0x44, 0x26,
    0x5B, 0x2C, 0x27, 0x28, 0x29, 0x24, 0x3E, 0x4A, 0x74, 0xA9, 0x9C, 0xAA, 0x35, 0x00, 0x02, 0x00, 0x00, 0x01, 0x00, 0x0A, 0x96, 0xA2, 0xA1, 0x99,
    0x2F, 0x26, 0x29, 0x28, 0x28, 0x28, 0x28, 0x28, 0x27, 0x2D, 0x7E, 0x7F, 0x3B, 0x36, 0x38, 0x33, 0x45, 0x63, 0x45, 0x33, 0x38, 0x37, 0x37, 0x38,
    0x33, 0x45, 0x63, 0x45, 0x33, 0x38, 0x37, 0x37, 0x38, 0x33, 0x45, 0x63, 0x45, 0x33, 0x38, 0x37, 0x37, 0x38, 0x33, 0x45, 0x63, 0x45, 0x33, 0x38,
    0x37, 0x37, 0x38, 0x33, 0x45, 0x63, 0x45, 0x33, 0x38, 0x37, 0x37, 0x38, 0x33, 0x45, 0x63, 0x45, 0x33, 0x38, 0x37, 0x37, 0x38, 0x33, 0x45, 0x63,
    0x45, 0x33, 0x38, 0x37, 0x37, 0x38, 0x33, 0x45, 0x63, 0x45, 0x33, 0x38, 0x37, 0x37, 0x38, 0x33, 0x45, 0x63, 0x45, 0x33, 0x38, 0x37, 0x37, 0x38,
    0x33, 0x45, 0x63, 0x45, 0x33, 0x38, 0x37, 0x37, 0x38, 0x33, 0x45, 0x63, 0x45, 0x33, 0x38, 0x37, 0x37, 0x38, 0x33, 0x45, 0x63, 0x45, 0x33, 0x38,
    0x37, 0x37, 0x38, 0x33, 0x45, 0x63, 0x45, 0x33, 0x38, 0x37, 0x37, 0x38, 0x33, 0x45, 0x63, 0x45, 0x33, 0x38, 0x37, 0x37, 0x38, 0x33, 0x45, 0x63,
    0x45, 0x33, 0x38, 0x37, 0x37, 0x38, 0x33, 0x45, 0x63, 0x45, 0x33, 0x38, 0x37, 0x37, 0x38, 0x33, 0x45, 0x63, 0x45, 0x33, 0x38, 0x37, 0x37, 0x38,
    0x33, 0x45, 0x63, 0x45, 0x33, 0x38, 0x37, 0x37, 0x38, 0x33, 0x45, 0x63, 0x45, 0x33, 0x38, 0x37, 0x37, 0x38, 0x33, 0x45, 0x63, 0x45, 0x33, 0x38,
    0x37, 0x37, 0x38, 0x33, 0x45, 0x63, 0x45, 0x33, 0x38, 0x37, 0x37, 0x38, 0x33, 0x45, 0x63, 0x45, 0x33, 0x38, 0x37, 0x37, 0x38, 0x33, 0x45, 0x63,
    0x45, 0x33, 0x38, 0x37, 0x37, 0x38, 0x33, 0x45, 0x63, 0x45, 0x33, 0x38, 0x37, 0x37, 0x38, 0x33, 0x45, 0x63, 0x45, 0x34, 0x34, 0x3F, 0x70, 0x91,
    0x8F, 0x92, 0x94, 0x90, 0x90, 0x90, 0x90, 0x90, 0x91, 0x8E, 0x92, 0x94, 0x90, 0x90, 0x90, 0x90, 0x90, 0x91, 0x8E, 0x92, 0x94, 0x90, 0x90, 0x90,
    0x90, 0x90, 0x91, 0x8E, 0x92, 0x94, 0x90, 0x90, 0x90, 0x90, 0x90, 0x91, 0x8E, 0x92, 0x94, 0x90, 0x90, 0x90, 0x90, 0x90, 0x91, 0x8E, 0x92, 0x94,
    0x90, 0x90, 0x90, 0x90, 0x90, 0x91, 0x8E, 0x92, 0x94, 0x90, 0x90, 0x90, 0x90, 0x90, 0x91, 0x8E, 0x93, 0x8B, 0x52, 0x31, 0x38, 0x37, 0x37, 0x38,
    0x33, 0x45, 0x63, 0x45, 0x33, 0x38, 0x37, 0x37, 0x38, 0x33, 0x45, 0x63, 0x45, 0x33, 0x38, 0x37, 0x37, 0x38, 0x33, 0x45, 0x63, 0x45, 0x33, 0x38,
    0x37, 0x37, 0x38, 0x33, 0x45, 0x63, 0x45, 0x33, 0x38, 0x37, 0x37, 0x38, 0x33, 0x45, 0x63, 0x45, 0x33, 0x38, 0x37, 0x37, 0x38, 0x33, 0x45, 0x63,
    0x45, 0x33, 0x38, 0x37, 0x37, 0x38, 0x33, 0x45, 0x63, 0x45, 0x33, 0x38, 0x37, 0x37, 0x38, 0x33, 0x45, 0x63, 0x45, 0x33, 0x38, 0x37, 0x37, 0x38,
    0x33, 0x45, 0x63, 0x45, 0x33, 0x38, 0x37, 0x37, 0x38, 0x33, 0x45, 0x63, 0x45, 0x33, 0x38, 0x37, 0x37, 0x38, 0x33, 0x45, 0x63, 0x45, 0x33, 0x38,
    0x37, 0x37, 0x38, 0x33, 0x45, 0x63, 0x45, 0x33, 0x38, 0x37, 0x37, 0x38, 0x33, 0x45, 0x63, 0x45, 0x33, 0x38, 0x37, 0x37, 0x38, 0x33, 0x45, 0x63,
    0x45, 0x33, 0x38, 0x37, 0x37, 0x38, 0x33, 0x45, 0x63, 0x45, 0x33, 0x38, 0x37, 0x37, 0x38, 0x33, 0x45, 0x63, 0x45, 0x33, 0x38, 0x37, 0x37, 0x38,
    0x33, 0x45, 0x63, 0x45, 0x33, 0x38, 0x37, 0x37, 0x38, 0x33, 0x45, 0x63, 0x45, 0x33, 0x38, 0x37, 0x37, 0x38, 0x33, 0x45, 0x63, 0x45, 0x33, 0x38,
    0x37, 0x37, 0x38, 0x33, 0x45, 0x63, 0x45, 0x33, 0x38, 0x37, 0x37, 0x38, 0x33, 0x45, 0x63, 0x45, 0x33, 0x38, 0x37, 0x37, 0x38, 0x33, 0x45, 0x63,
    0x45, 0x33, 0x38, 0x37, 0x35, 0x53, 0x58, 0x34, 0x37, 0x37, 0x37, 0x38, 0x58, 0x3E, 0x35, 0x37, 0x38, 0x34, 0x44, 0x53, 0x34, 0x38, 0x37, 0x38,
    0x34, 0x54, 0x49, 0x2F, 0x68, 0x8D, 0x43, 0x28, 0x55, 0x2A, 0x28, 0x28, 0x29, 0x24, 0x4C, 0x3D, 0x74, 0xA9, 0x9C, 0xAA, 0x35, 0x00, 0x02, 0x00,
    0x00, 0x01, 0x00, 0x0A, 0x96, 0xA2, 0xA1, 0x99, 0x2F, 0x26, 0x29, 0x28, 0x28, 0x28, 0x28, 0x28, 0x27, 0x2D, 0x7E, 0x7F, 0x3B, 0x36, 0x37, 0x38,
    0x33, 0x45, 0x63, 0x45, 0x33, 0x38, 0x37, 0x37, 0x38, 0x33, 0x45, 0x63, 0x45, 0x33, 0x38, 0x37, 0x37, 0x38, 0x33, 0x45, 0x63, 0x45, 0x33, 0x38,
    0x37, 0x37, 0x38, 0x33, 0x45, 0x63, 0x45, 0x33, 0x38, 0x37, 0x37, 0x38, 0x33, 0x45, 0x63, 0x45, 0x33, 0x38, 0x37, 0x37, 0x38, 0x33, 0x45, 0x63,
    0x45, 0x33, 0x38, 0x37, 0x37, 0x38, 0x33, 0x45, 0x63, 0x45, 0x33, 0x38, 0x37, 0x37, 0x38, 0x33, 0x45, 0x63, 0x45, 0x33, 0x38, 0x37, 0x37, 0x38,
    0x33, 0x45, 0x63, 0x45, 0x33, 0x38, 0x37, 0x37, 0x38, 0x33, 0x45, 0x63, 0x45, 0x33, 0x38, 0x37, 0x37, 0x38, 0x33, 0x45, 0x63, 0x45, 0x33, 0x38,
    0x37, 0x37, 0x38, 0x33, 0x45, 0x63, 0x45, 0x33, 0x38, 0x37, 0x37, 0x38, 0x33, 0x45, 0x63, 0x45, 0x33, 0x38, 0x37, 0x37, 0x38, 0x33, 0x45, 0x63,
    0x45, 0x33, 0x38, 0x37, 0x37, 0x38, 0x33, 0x45, 0x63, 0x45, 0x33, 0x38, 0x37, 0x37, 0x38, 0x33, 0x45, 0x63, 0x45, 0x33, 0x38, 0x37, 0x37, 0x38,
    0x33, 0x45, 0x63, 0x45, 0x33, 0x38, 0x37, 0x37, 0x38, 0x33, 0x45, 0x63, 0x45, 0x33, 0x38, 0x37, 0x37, 0x38, 0x33, 0x45, 0x63, 0x45, 0x33, 0x38,
    0x37, 0x37, 0x38, 0x33, 0x45, 0x63, 0x45, 0x33, 0x38, 0x37, 0x37, 0x38, 0x33, 0x45, 0x63, 0x45, 0x33, 0x38, 0x37, 0x37, 0x38, 0x33, 0x45, 0x63,
    0x45, 0x33, 0x38, 0x37, 0x37, 0x38, 0x33, 0x45, 0x63, 0x45, 0x33, 0x38, 0x37, 0x37, 0x38, 0x33, 0x45, 0x63, 0x45, 0x33, 0x38, 0x37, 0x37, 0x38,
    0x33, 0x45, 0x64, 0x43, 0x3C, 0x8D, 0x9F, 0x97, 0x98, 0x97, 0x97, 0x98, 0x98, 0x98, 0x98, 0x98, 0x98, 0x98, 0x97, 0x97, 0x98, 0x98, 0x98, 0x98,
    0x98, 0x98, 0x98, 0x97, 0x97, 0x98, 0x98, 0x98, 0x98, 0x98, 0x98, 0x98, 0x97, 0x97, 0x98, 0x98, 0x98, 0x98, 0x98, 0x98, 0x98, 0x97, 0x97, 0x98,
    0x98, 0x98, 0x98, 0x98, 0x98, 0x98, 0x97, 0x97, 0x98, 0x98, 0x98, 0x98, 0x98, 0x98, 0x98, 0x97, 0x97, 0x98, 0x98, 0x98, 0x98, 0x98, 0x98, 0x98,
    0x97, 0x99, 0x9B, 0x57, 0x31, 0x38, 0x37, 0x37, 0x38, 0x33, 0x45, 0x63, 0x45, 0x33, 0x38, 0x37, 0x37, 0x38, 0x33, 0x45, 0x63, 0x45, 0x33, 0x38,
    0x37, 0x37, 0x38, 0x33, 0x45, 0x63, 0x45, 0x33, 0x38, 0x37, 0x37, 0x38, 0x33, 0x45, 0x63, 0x45, 0x33, 0x38, 0x37, 0x37, 0x38, 0x33, 0x45, 0x63,
    0x45, 0x33, 0x38, 0x37, 0x37, 0x38, 0x33, 0x45, 0x63, 0x45, 0x33, 0x38, 0x37, 0x37, 0x38, 0x33, 0x45, 0x63, 0x45, 0x33, 0x38, 0x37, 0x37, 0x38,
    0x33, 0x45, 0x63, 0x45, 0x33, 0x38, 0x37, 0x37, 0x38, 0x33, 0x45, 0x63, 0x45, 0x33, 0x38, 0x37, 0x37, 0x38, 0x33, 0x45, 0x63, 0x45, 0x33, 0x38,
    0x37, 0x37, 0x38, 0x33, 0x45, 0x63, 0x45, 0x33, 0x38, 0x37, 0x37, 0x38, 0x33, 0x45, 0x63, 0x45, 0x33, 0x38, 0x37, 0x37, 0x38, 0x33, 0x45, 0x63,
    0x45, 0x33, 0x38, 0x37, 0x37, 0x38, 0x33, 0x45, 0x63, 0x45, 0x33, 0x38, 0x37, 0x37, 0x38, 0x33, 0x45, 0x63, 0x45, 0x33, 0x38, 0x37, 0x37, 0x38,
    0x33, 0x45, 0x63, 0x45, 0x33, 0x38, 0x37, 0x37, 0x38, 0x33, 0x45, 0x63, 0x45, 0x33, 0x38, 0x37, 0x37, 0x38, 0x33, 0x45, 0x63, 0x45, 0x33, 0x38,
    0x37, 0x37, 0x38, 0x33, 0x45, 0x63, 0x45, 0x33, 0x38, 0x37, 0x37, 0x38, 0x33, 0x45, 0x63, 0x45, 0x33, 0x38, 0x37, 0x37, 0x38, 0x33, 0x45, 0x63,
    0x45, 0x33, 0x38, 0x37, 0x37, 0x38, 0x33, 0x45, 0x63, 0x45, 0x33, 0x38, 0x36, 0x36, 0x5C, 0x51, 0x34, 0x38, 0x38, 0x34, 0x43, 0x57, 0x35, 0x38,
    0x37, 0x37, 0x37, 0x58, 0x3D, 0x35, 0x37, 0x38, 0x34, 0x53, 0x49, 0x2F, 0x68, 0x8E, 0x40, 0x37, 0x51, 0x24, 0x29, 0x28, 0x28, 0x28, 0x59, 0x29,
    0x76, 0xA8, 0x9C, 0xAA, 0x35, 0x00, 0x02, 0x00, 0x00, 0x01, 0x00, 0x0A, 0x96, 0xA2, 0xA1, 0x99, 0x2F, 0x26, 0x29, 0x28, 0x28, 0x28, 0x28, 0x28,
    0x26, 0x32, 0x80, 0x7E, 0x39, 0x36, 0x37, 0x37, 0x38, 0x33, 0x45, 0x63, 0x45, 0x33, 0x38, 0x37, 0x37, 0x38, 0x33, 0x45, 0x63, 0x45, 0x33, 0x38,
    0x37, 0x37, 0x38, 0x33, 0x45, 0x63, 0x45, 0x33, 0x38, 0x37, 0x37, 0x38, 0x33, 0x45, 0x63, 0x45, 0x33, 0x38, 0x37, 0x37, 0x38, 0x33, 0x45, 0x63,
    0x45, 0x33, 0x38, 0x37, 0x37, 0x38, 0x33, 0x45, 0x63, 0x45, 0x33, 0x38, 0x37, 0x37, 0x38, 0x33, 0x45, 0x63, 0x45, 0x33, 0x38, 0x37, 0x37, 0x38,
    0x33, 0x45, 0x63, 0x45, 0x33, 0x38, 0x37, 0x37, 0x38, 0x33, 0x45, 0x63, 0x45, 0x33, 0x38, 0x37, 0x37, 0x38, 0x33, 0x45, 0x63, 0x45, 0x33, 0x38,
    0x37, 0x37, 0x38, 0x33, 0x45, 0x63, 0x45, 0x33, 0x38, 0x37, 0x37, 0x38, 0x33, 0x45, 0x63, 0x45, 0x33, 0x38, 0x37, 0x37, 0x38, 0x33, 0x45, 0x63,
    0x45, 0x33, 0x38, 0x37, 0x37, 0x38, 0x33, 0x45, 0x63, 0x45, 0x33, 0x38, 0x37, 0x37, 0x38, 0x33, 0x45, 0x63, 0x45, 0x33, 0x38, 0x37, 0x37, 0x38,
    0x33, 0x45, 0x63, 0x45, 0x33, 0x38, 0x37, 0x37, 0x38, 0x33, 0x45, 0x63, 0x45, 0x33, 0x38, 0x37, 0x37, 0x38, 0x33, 0x45, 0x63, 0x45, 0x33, 0x38,
    0x37, 0x37, 0x38, 0x33, 0x45, 0x63, 0x45, 0x33, 0x38, 0x37, 0x37, 0x38, 0x33, 0x45, 0x63, 0x45, 0x33, 0x38, 0x37, 0x37, 0x38, 0x33, 0x45, 0x63,
    0x45, 0x33, 0x38, 0x37, 0x37, 0x38, 0x33, 0x45, 0x63, 0x45, 0x33, 0x38, 0x37, 0x37, 0x38, 0x33, 0x45, 0x63, 0x45, 0x33, 0x38, 0x37, 0x37, 0x38,
    0x33, 0x45, 0x63, 0x45, 0x33, 0x38, 0x37, 0x37, 0x38, 0x33, 0x47, 0x5C, 0x79, 0x9D, 0x93, 0x96, 0x96, 0x96, 0x96, 0x96, 0x96, 0x96, 0x96, 0x96,
    0x96, 0x96, 0x96, 0x96, 0x96, 0x96, 0x96, 0x96, 0x96, 0x96, 0x96, 0x96, 0x96, 0x96, 0x96, 0x96, 0x96, 0x96, 0x96, 0x96, 0x96, 0x96, 0x96, 0x96,
    0x96, 0x96, 0x96, 0x96, 0x96, 0x96, 0x96, 0x96, 0x96, 0x96, 0x96, 0x96, 0x96, 0x96, 0x96, 0x96, 0x96, 0x96, 0x96, 0x96, 0x96, 0x96, 0x96, 0x96,
    0x96, 0x96, 0x96, 0x96, 0x96, 0x96, 0x96, 0x96, 0x96, 0x95, 0x98, 0x92, 0x47, 0x33, 0x38, 0x37, 0x37, 0x38, 0x33, 0x45, 0x63, 0x45, 0x33, 0x38,
    0x37, 0x37, 0x38, 0x33, 0x45, 0x63, 0x45, 0x33, 0x38, 0x37, 0x37, 0x38, 0x33, 0x45, 0x63, 0x45, 0x33, 0x38, 0x37, 0x37, 0x38, 0x33, 0x45, 0x63,
    0x45, 0x33, 0x38, 0x37, 0x37, 0x38, 0x33, 0x45, 0x63, 0x45, 0x33, 0x38, 0x37, 0x37, 0x38, 0x33, 0x45, 0x63, 0x45, 0x33, 0x38, 0x37, 0x37, 0x38,
    0x33, 0x45, 0x63, 0x45, 0x33, 0x38, 0x37, 0x37, 0x38, 0x33, 0x45, 0x63, 0x45, 0x33, 0x38, 0x37, 0x37, 0x38, 0x33, 0x45, 0x63, 0x45, 0x33, 0x38,
    0x37, 0x37, 0x38, 0x33, 0x45, 0x63, 0x45, 0x33, 0x38, 0x37, 0x37, 0x38, 0x33, 0x45, 0x63, 0x45, 0x33, 0x38, 0x37, 0x37, 0x38, 0x33, 0x45, 0x63,
    0x45, 0x33, 0x38, 0x37, 0x37, 0x38, 0x33, 0x45, 0x63, 0x45, 0x33, 0x38, 0x37, 0x37, 0x38, 0x33, 0x45, 0x63, 0x45, 0x33, 0x38, 0x37, 0x37, 0x38,
    0x33, 0x45, 0x63, 0x45, 0x33, 0x38, 0x37, 0x37, 0x38, 0x33, 0x45, 0x63, 0x45, 0x33, 0x38, 0x37, 0x37, 0x38, 0x33, 0x45, 0x63, 0x45, 0x33, 0x38,
    0x37, 0x37, 0x38, 0x33, 0x45, 0x63, 0x45, 0x33, 0x38, 0x37, 0x37, 0x38, 0x33, 0x45, 0x63, 0x45, 0x33, 0x38, 0x37, 0x37, 0x38, 0x33, 0x45, 0x63,
    0x45, 0x33, 0x38, 0x37, 0x37, 0x38, 0x33, 0x45, 0x63, 0x45, 0x33, 0x38, 0x37, 0x37, 0x38, 0x33, 0x45, 0x63, 0x45, 0x33, 0x39, 0x35, 0x3C, 0x62,
    0x46, 0x34, 0x38, 0x38, 0x35, 0x57, 0x43, 0x34, 0x38, 0x38, 0x34, 0x50, 0x4C, 0x34, 0x38, 0x38, 0x34, 0x48, 0x54, 0x2F, 0x68, 0x8E, 0x40, 0x38,
    0x52, 0x24, 0x29, 0x28, 0x26, 0x31, 0x59, 0x20, 0x78, 0xA8, 0x9C, 0xAA, 0x35, 0x00, 0x02, 0x00, 0x00, 0x01, 0x00, 0x0A, 0x96, 0xA2, 0xA1, 0x99,
    0x2F, 0x26, 0x29, 0x28, 0x28, 0x28, 0x28, 0x28, 0x27, 0x2D, 0x7D, 0x82, 0x47, 0x33, 0x38, 0x37, 0x37, 0x38, 0x33, 0x45, 0x63, 0x45, 0x33, 0x38,
    0x37, 0x37, 0x38, 0x33, 0x45, 0x63, 0x45, 0x33, 0x38, 0x37, 0x37, 0x38, 0x33, 0x45, 0x63, 0x45, 0x33, 0x38, 0x37, 0x37, 0x38, 0x33, 0x45, 0x63,
    0x45, 0x33, 0x38, 0x37, 0x37, 0x38, 0x33, 0x45, 0x63, 0x45, 0x33, 0x38, 0x37, 0x37, 0x38, 0x33, 0x45, 0x63, 0x45, 0x33, 0x38, 0x37, 0x37, 0x38,
    0x33, 0x45, 0x63, 0x45, 0x33, 0x38, 0x37, 0x37, 0x38, 0x33, 0x45, 0x63, 0x45, 0x33, 0x38, 0x37, 0x37, 0x38, 0x33, 0x45, 0x63, 0x45, 0x33, 0x38,
    0x37, 0x37, 0x38, 0x33, 0x45, 0x63, 0x45, 0x33, 0x38, 0x37, 0x37, 0x38, 0x33, 0x45, 0x63, 0x45, 0x33, 0x38, 0x37, 0x37, 0x38, 0x33, 0x45, 0x63,
    0x45, 0x33, 0x38, 0x37, 0x37, 0x38, 0x33, 0x45, 0x63, 0x45, 0x33, 0x38, 0x37, 0x37, 0x38, 0x33, 0x45, 0x63, 0x45, 0x33, 0x38, 0x37, 0x37, 0x38,
    0x33, 0x45, 0x63, 0x45, 0x33, 0x38, 0x37, 0x37, 0x38, 0x33, 0x45, 0x63, 0x45, 0x33, 0x38, 0x37, 0x37, 0x38, 0x33, 0x45, 0x63, 0x45, 0x33, 0x38,
    0x37, 0x37, 0x38, 0x33, 0x45, 0x63, 0x45, 0x33, 0x38, 0x37, 0x37, 0x38, 0x33, 0x45, 0x63, 0x45, 0x33, 0x38, 0x37, 0x37, 0x38, 0x33, 0x45, 0x63,
    0x45, 0x33, 0x38, 0x37, 0x37, 0x38, 0x33, 0x45, 0x63, 0x45, 0x33, 0x38, 0x37, 0x37, 0x38, 0x33, 0x45, 0x63, 0x45, 0x33, 0x38, 0x37, 0x37, 0x38,
    0x33, 0x45, 0x63, 0x45, 0x33, 0x38, 0x37, 0x37, 0x38, 0x33, 0x45, 0x63, 0x45, 0x33, 0x38, 0x37, 0x37, 0x38, 0x32, 0x49, 0x95, 0x96, 0x96, 0x96,
    0x96, 0x96, 0x96, 0x96, 0x96, 0x96, 0x96, 0x96, 0x96, 0x96, 0x96, 0x96, 0x96, 0x96, 0x96, 0x96, 0x96, 0x96, 0x96, 0x96, 0x96, 0x96, 0x96, 0x96,
    0x96, 0x96, 0x96, 0x96, 0x96, 0x96, 0x96, 0x96, 0x96, 0x96, 0x96, 0x96, 0x96, 0x96, 0x96, 0x96, 0x96, 0x96, 0x96, 0x96, 0x96, 0x96, 0x96, 0x96,
    0x96, 0x96, 0x96, 0x96, 0x96, 0x96, 0x96, 0x96, 0x96, 0x96, 0x96, 0x96, 0x96, 0x96, 0x96, 0x96, 0x96, 0x96, 0x94, 0x99, 0x75, 0x42, 0x34, 0x38,
    0x37, 0x37, 0x38, 0x33, 0x45, 0x63, 0x45, 0x33, 0x38, 0x37, 0x37, 0x38, 0x33, 0x45, 0x63, 0x45, 0x33, 0x38, 0x37, 0x37, 0x38, 0x33, 0x45, 0x63,
    0x45, 0x33, 0x38, 0x37, 0x37, 0x38, 0x33, 0x45, 0x63, 0x45, 0x33, 0x38, 0x37, 0x37, 0x38, 0x33, 0x45, 0x63, 0x45, 0x33, 0x38, 0x37, 0x37, 0x38,
    0x33, 0x45, 0x63, 0x45, 0x33, 0x38, 0x37, 0x37, 0x38, 0x33, 0x45, 0x63, 0x45, 0x33, 0x38, 0x37, 0x37, 0x38, 0x33, 0x45, 0x63, 0x45, 0x33, 0x38,
    0x37, 0x37, 0x38, 0x33, 0x45, 0x63, 0x45, 0x33, 0x38, 0x37, 0x37, 0x38, 0x33, 0x45, 0x63, 0x45, 0x33, 0x38, 0x37, 0x37, 0x38, 0x33, 0x45, 0x63,
    0x45, 0x33, 0x38, 0x37, 0x37, 0x38, 0x33, 0x45, 0x63, 0x45, 0x33, 0x38, 0x37, 0x37, 0x38, 0x33, 0x45, 0x63, 0x45, 0x33, 0x38, 0x37, 0x37, 0x38,
    0x33, 0x45, 0x63, 0x45, 0x33, 0x38, 0x37, 0x37, 0x38, 0x33, 0x45, 0x63, 0x45, 0x33, 0x38, 0x37, 0x37, 0x38, 0x33, 0x45, 0x63, 0x45, 0x33, 0x38,
    0x37, 0x37, 0x38, 0x33, 0x45, 0x63, 0x45, 0x33, 0x38, 0x37, 0x37, 0x38, 0x33, 0x45, 0x63, 0x45, 0x33, 0x38, 0x37, 0x37, 0x38, 0x33, 0x45, 0x63,
    0x45, 0x33, 0x38, 0x37, 0x37, 0x38, 0x33, 0x45, 0x63, 0x45, 0x33, 0x38, 0x37, 0x37, 0x38, 0x33, 0x45, 0x63, 0x45, 0x33, 0x38, 0x37, 0x37, 0x38,
    0x33, 0x45, 0x63, 0x45, 0x33, 0x38, 0x34, 0x45, 0x62, 0x40, 0x34, 0x38, 0x35, 0x3E, 0x58, 0x38, 0x37, 0x38, 0x35, 0x42, 0x57, 0x35, 0x37, 0x38,
    0x34, 0x48, 0x55, 0x2F, 0x68, 0x8E, 0x40, 0x38, 0x52, 0x24, 0x29, 0x29, 0x24, 0x45, 0x4C, 0x1C, 0x79, 0xA8, 0x9C, 0xAA, 0x35, 0x00, 0x02, 0x00,
    0x00, 0x01, 0x00, 0x0A, 0x96, 0xA2, 0xA1, 0x99, 0x2F, 0x26, 0x29, 0x28, 0x28, 0x28, 0x28, 0x28, 0x27, 0x2D, 0x7D, 0x81, 0x63, 0x45, 0x34, 0x38,
    0x37, 0x37, 0x38, 0x33, 0x45, 0x63, 0x45, 0x33, 0x38, 0x37, 0x37, 0x38, 0x33, 0x45, 0x63, 0x45, 0x33, 0x38, 0x37, 0x37, 0x38, 0x33, 0x45, 0x63,
    0x45, 0x33, 0x38, 0x37, 0x37, 0x38, 0x33, 0x45, 0x63, 0x45, 0x33, 0x38, 0x37, 0x37, 0x38, 0x33, 0x45, 0x63, 0x45, 0x33, 0x38, 0x37, 0x37, 0x38,
    0x33, 0x45, 0x63, 0x45, 0x33, 0x38, 0x37, 0x37, 0x38, 0x33, 0x45, 0x63, 0x45, 0x33, 0x38, 0x37, 0x37, 0x38, 0x33, 0x45, 0x63, 0x45, 0x33, 0x38,
    0x37, 0x37, 0x38, 0x33, 0x45, 0x63, 0x45, 0x33, 0x38, 0x37, 0x37, 0x38, 0x33, 0x45, 0x63, 0x45, 0x33, 0x38, 0x37, 0x37, 0x38, 0x33, 0x45, 0x63,
    0x45, 0x33, 0x38, 0x37, 0x37, 0x38, 0x33, 0x45, 0x63, 0x45, 0x33, 0x38, 0x37, 0x37, 0x38, 0x33, 0x45, 0x63, 0x45, 0x33, 0x38, 0x37, 0x37, 0x38,
    0x33, 0x45, 0x63, 0x45, 0x33, 0x38, 0x37, 0x37, 0x38, 0x33, 0x45, 0x63, 0x45, 0x33, 0x38, 0x37, 0x37, 0x38, 0x33, 0x45, 0x63, 0x45, 0x33, 0x38,
    0x37, 0x37, 0x38, 0x33, 0x45, 0x63, 0x45, 0x33, 0x38, 0x37, 0x37, 0x38, 0x33, 0x45, 0x63, 0x45, 0x33, 0x38, 0x37, 0x37, 0x38, 0x33, 0x45, 0x63,
    0x45, 0x33, 0x38, 0x37, 0x37, 0x38, 0x33, 0x45, 0x63, 0x45, 0x33, 0x38, 0x37, 0x37, 0x38, 0x33, 0x45, 0x63, 0x45, 0x33, 0x38, 0x37, 0x37, 0x38,
    0x33, 0x45, 0x63, 0x45, 0x33, 0x38, 0x37, 0x37, 0x38, 0x33, 0x45, 0x63, 0x45, 0x33, 0x38, 0x37, 0x37, 0x38, 0x33, 0x45, 0x63, 0x45, 0x33, 0x38,
    0x37, 0x37, 0x35, 0x3B, 0x8F, 0x98, 0x96, 0x96, 0x96, 0x96, 0x96, 0x96, 0x96, 0x96, 0x96, 0x96, 0x96, 0x96, 0x96, 0x96, 0x96, 0x96, 0x96, 0x96,
    0x96, 0x96, 0x96, 0x96, 0x96, 0x96, 0x96, 0x96, 0x96, 0x96, 0x96, 0x96, 0x96, 0x96, 0x96, 0x96, 0x96, 0x96, 0x96, 0x96, 0x96, 0x96, 0x96, 0x96,
    0x96, 0x96, 0x96, 0x96, 0x96, 0x96, 0x96, 0x96, 0x96, 0x96, 0x96, 0x96, 0x96, 0x96, 0x96, 0x96, 0x96, 0x96, 0x96, 0x96, 0x96, 0x96, 0x96, 0x96,
    0x96, 0x96, 0x95, 0x9A, 0x65, 0x5D, 0x46, 0x33, 0x38, 0x37, 0x37, 0x38, 0x33, 0x45, 0x63, 0x45, 0x33, 0x38, 0x37, 0x37, 0x38, 0x33, 0x45, 0x63,
    0x45, 0x33, 0x38, 0x37, 0x37, 0x38, 0x33, 0x45, 0x63, 0x45, 0x33, 0x38, 0x37, 0x37, 0x38, 0x33, 0x45, 0x63, 0x45, 0x33, 0x38, 0x37, 0x37, 0x38,
    0x33, 0x45, 0x63, 0x45, 0x33, 0x38, 0x37, 0x37, 0x38, 0x33, 0x45, 0x63, 0x45, 0x33, 0x38, 0x37, 0x37, 0x38, 0x33, 0x45, 0x63, 0x45, 0x33, 0x38,
    0x37, 0x37, 0x38, 0x33, 0x45, 0x63, 0x45, 0x33, 0x38, 0x37, 0x37, 0x38, 0x33, 0x45, 0x63, 0x45, 0x33, 0x38, 0x37, 0x37, 0x38, 0x33, 0x45, 0x63,
    0x45, 0x33, 0x38, 0x37, 0x37, 0x38, 0x33, 0x45, 0x63, 0x45, 0x33, 0x38, 0x37, 0x37, 0x38, 0x33, 0x45, 0x63, 0x45, 0x33, 0x38, 0x37, 0x37, 0x38,
    0x33, 0x45, 0x63, 0x45, 0x33, 0x38, 0x37, 0x37, 0x38, 0x33, 0x45, 0x63, 0x45, 0x33, 0x38, 0x37, 0x37, 0x38, 0x33, 0x45, 0x63, 0x45, 0x33, 0x38,
    0x37, 0x37, 0x38, 0x33, 0x45, 0x63, 0x45, 0x33, 0x38, 0x37, 0x37, 0x38, 0x33, 0x45, 0x63, 0x45, 0x33, 0x38, 0x37, 0x37, 0x38, 0x33, 0x45, 0x63,
    0x45, 0x33, 0x38, 0x37, 0x37, 0x38, 0x33, 0x45, 0x63, 0x45, 0x33, 0x38, 0x37, 0x37, 0x38, 0x33, 0x45, 0x63, 0x45, 0x33, 0x38, 0x37, 0x37, 0x38,
    0x33, 0x45, 0x63, 0x45, 0x33, 0x38, 0x37, 0x37, 0x38, 0x33, 0x45, 0x63, 0x45, 0x33, 0x39, 0x33, 0x4E, 0x5E, 0x39, 0x36, 0x38, 0x33, 0x52, 0x4B,
    0x33, 0x38, 0x37, 0x37, 0x59, 0x3E, 0x35, 0x38, 0x35, 0x3E, 0x59, 0x33, 0x67, 0x8E, 0x40, 0x37, 0x53, 0x24, 0x29, 0x29, 0x24, 0x52, 0x3E, 0x1C,
    0x79, 0xA8, 0x9C, 0xAA, 0x35, 0x00, 0x02, 0x00, 0x00, 0x01, 0x00, 0x0A, 0x96, 0xA2, 0xA1, 0x99, 0x2F, 0x26, 0x29, 0x28, 0x28, 0x28, 0x28, 0x28,
    0x27, 0x2D, 0x7E, 0x7D, 0x4A, 0x61, 0x46, 0x33, 0x38, 0x37, 0x37, 0x38, 0x33, 0x45, 0x63, 0x45, 0x33, 0x38, 0x37, 0x37, 0x38, 0x33, 0x45, 0x63,
    0x45, 0x33, 0x38, 0x37, 0x37, 0x38, 0x33, 0x45, 0x63, 0x45, 0x33, 0x38, 0x37, 0x37, 0x38, 0x33, 0x45, 0x63, 0x45, 0x33, 0x38, 0x37, 0x37, 0x38,
    0x33, 0x45, 0x63, 0x45, 0x33, 0x38, 0x37, 0x37, 0x38, 0x33, 0x45, 0x63, 0x45, 0x33, 0x38, 0x37, 0x37, 0x38, 0x33, 0x45, 0x63, 0x45, 0x33, 0x38,
    0x37, 0x37, 0x38, 0x33, 0x45, 0x63, 0x45, 0x33, 0x38, 0x37, 0x37, 0x38, 0x33, 0x45, 0x63, 0x45, 0x33, 0x38, 0x37, 0x37, 0x38, 0x33, 0x45, 0x63,
    0x45, 0x33, 0x38, 0x37, 0x37, 0x38, 0x33, 0x45, 0x63, 0x45, 0x33, 0x38, 0x37, 0x37, 0x38, 0x33, 0x45, 0x63, 0x45, 0x33, 0x38, 0x37, 0x37, 0x38,
    0x33, 0x45, 0x63, 0x45, 0x33, 0x38, 0x37, 0x37, 0x38, 0x33, 0x45, 0x63, 0x45, 0x33, 0x38, 0x37, 0x37, 0x38, 0x33, 0x45, 0x63, 0x45, 0x33, 0x38,
    0x37, 0x37, 0x38, 0x33, 0x45, 0x63, 0x45, 0x33, 0x38, 0x37, 0x37, 0x38, 0x33, 0x45, 0x63, 0x45, 0x33, 0x38, 0x37, 0x37, 0x38, 0x33, 0x45, 0x63,
    0x45, 0x33, 0x38, 0x37, 0x37, 0x38, 0x33, 0x45, 0x63, 0x45, 0x33, 0x38, 0x37, 0x37, 0x38, 0x33, 0x45, 0x63, 0x45, 0x33, 0x38, 0x37, 0x37, 0x38,
    0x33, 0x45, 0x63, 0x45, 0x33, 0x38, 0x37, 0x37, 0x38, 0x33, 0x45, 0x63, 0x45, 0x33, 0x38, 0x37, 0x37, 0x38, 0x33, 0x45, 0x63, 0x45, 0x33, 0x38,
    0x37, 0x37, 0x38, 0x33, 0x45, 0x63, 0x45, 0x33, 0x38, 0x37, 0x35, 0x3D, 0x90, 0x98, 0x96, 0x96, 0x96, 0x96, 0x96, 0x96, 0x96, 0x96, 0x96, 0x96,
    0x96, 0x96, 0x96, 0x96, 0x96, 0x96, 0x96, 0x96, 0x96, 0x96, 0x96, 0x96, 0x96, 0x96, 0x96, 0x96, 0x96, 0x96, 0x96, 0x96, 0x96, 0x96, 0x96, 0x96,
    0x96, 0x96, 0x96, 0x96, 0x96, 0x96, 0x96, 0x96, 0x96, 0x96, 0x96, 0x96, 0x96, 0x96, 0x96, 0x96, 0x96, 0x96, 0x96, 0x96, 0x96, 0x96, 0x96, 0x96,
    0x96, 0x96, 0x96, 0x96, 0x96, 0x96, 0x96, 0x96, 0x96, 0x96, 0x95, 0x9D, 0x53, 0x3F, 0x65, 0x45, 0x33, 0x38, 0x37, 0x37, 0x38, 0x33, 0x45, 0x63,
    0x45, 0x33, 0x38, 0x37, 0x37, 0x38, 0x33, 0x45, 0x63, 0x45, 0x33, 0x38, 0x37, 0x37, 0x38, 0x33, 0x45, 0x63, 0x45, 0x33, 0x38, 0x37, 0x37, 0x38,
    0x33, 0x45, 0x63, 0x45, 0x33, 0x38, 0x37, 0x37, 0x38, 0x33, 0x45, 0x63, 0x45, 0x33, 0x38, 0x37, 0x37, 0x38, 0x33, 0x45, 0x63, 0x45, 0x33, 0x38,
    0x37, 0x37, 0x38, 0x33, 0x45, 0x63, 0x45, 0x33, 0x38, 0x37, 0x37, 0x38, 0x33, 0x45, 0x63, 0x45, 0x33, 0x38, 0x37, 0x37, 0x38, 0x33, 0x45, 0x63,
    0x45, 0x33, 0x38, 0x37, 0x37, 0x38, 0x33, 0x45, 0x63, 0x45, 0x33, 0x38, 0x37, 0x37, 0x38, 0x33, 0x45, 0x63, 0x45, 0x33, 0x38, 0x37, 0x37, 0x38,
    0x33, 0x45, 0x63, 0x45, 0x33, 0x38, 0x37, 0x37, 0x38, 0x33, 0x45, 0x63, 0x45, 0x33, 0x38, 0x37, 0x37, 0x38, 0x33, 0x45, 0x63, 0x45, 0x33, 0x38,
    0x37, 0x37, 0x38, 0x33, 0x45, 0x63, 0x45, 0x33, 0x38, 0x37, 0x37, 0x38, 0x33, 0x45, 0x63, 0x45, 0x33, 0x38, 0x37, 0x37, 0x38, 0x33, 0x45, 0x63,
    0x45, 0x33, 0x38, 0x37, 0x37, 0x38, 0x33, 0x45, 0x63, 0x45, 0x33, 0x38, 0x37, 0x37, 0x38, 0x33, 0x45, 0x63, 0x45, 0x33, 0x38, 0x37, 0x37, 0x38,
    0x33, 0x45, 0x63, 0x45, 0x33, 0x38, 0x37, 0x37, 0x38, 0x33, 0x45, 0x63, 0x45, 0x33, 0x38, 0x37, 0x37, 0x38, 0x33, 0x45, 0x63, 0x45, 0x33, 0x38,
    0x35, 0x55, 0x55, 0x35, 0x38, 0x36, 0x3B, 0x58, 0x3B, 0x36, 0x38, 0x34, 0x4C, 0x4C, 0x34, 0x38, 0x36, 0x3A, 0x5C, 0x35, 0x67, 0x8E, 0x40, 0x3E,
    0x45, 0x24, 0x29, 0x27, 0x2D, 0x56, 0x2F, 0x1F, 0x78, 0xA8, 0x9C, 0xAA, 0x35, 0x00, 0x02, 0x00, 0x00, 0x01, 0x00, 0x0A, 0x96, 0xA2, 0xA1, 0x99,
    0x2F, 0x26, 0x29, 0x28, 0x28, 0x28, 0x28, 0x28, 0x27, 0x2D, 0x7E, 0x7F, 0x38, 0x44, 0x63, 0x45, 0x33, 0x38, 0x37, 0x37, 0x38, 0x33, 0x45, 0x63,
    0x45, 0x33, 0x38, 0x37, 0x37, 0x38, 0x33, 0x45, 0x63, 0x45, 0x33, 0x38, 0x37, 0x37, 0x38, 0x33, 0x45, 0x63, 0x45, 0x33, 0x38, 0x37, 0x37, 0x38,
    0x33, 0x45, 0x63, 0x45, 0x33, 0x38, 0x37, 0x37, 0x38, 0x33, 0x45, 0x63, 0x45, 0x33, 0x38, 0x37, 0x37, 0x38, 0x33, 0x45, 0x63, 0x45, 0x33, 0x38,
    0x37, 0x37, 0x38, 0x33, 0x45, 0x63, 0x45, 0x33, 0x38, 0x37, 0x37, 0x38, 0x33, 0x45, 0x63, 0x45, 0x33, 0x38, 0x37, 0x37, 0x38, 0x33, 0x45, 0x63,
    0x45, 0x33, 0x38, 0x37, 0x37, 0x38, 0x33, 0x45, 0x63, 0x45, 0x33, 0x38, 0x37, 0x37, 0x38, 0x33, 0x45, 0x63, 0x45, 0x33, 0x38, 0x37, 0x37, 0x38,
    0x33, 0x45, 0x63, 0x45, 0x33, 0x38, 0x37, 0x37, 0x38, 0x33, 0x45, 0x63, 0x45, 0x33, 0x38, 0x37, 0x37, 0x38, 0x33, 0x45, 0x63, 0x45, 0x33, 0x38,
    0x37, 0x37, 0x38, 0x33, 0x45, 0x63, 0x45, 0x33, 0x38, 0x37, 0x37, 0x38, 0x33, 0x45, 0x63, 0x45, 0x33, 0x38, 0x37, 0x37, 0x38, 0x33, 0x45, 0x63,
    0x45, 0x33, 0x38, 0x37, 0x37, 0x38, 0x33, 0x45, 0x63, 0x45, 0x33, 0x38, 0x37, 0x37, 0x38, 0x33, 0x45, 0x63, 0x45, 0x33, 0x38, 0x37, 0x37, 0x38,
    0x33, 0x45, 0x63, 0x45, 0x33, 0x38, 0x37, 0x37, 0x38, 0x33, 0x45, 0x63, 0x45, 0x33, 0x38, 0x37, 0x37, 0x38, 0x33, 0x45, 0x63, 0x45, 0x33, 0x38,
    0x37, 0x37, 0x38, 0x33, 0x45, 0x63, 0x45, 0x33, 0x38, 0x37, 0x37, 0x38, 0x33, 0x45, 0x63, 0x45, 0x33, 0x38, 0x35, 0x3D, 0x90, 0x98, 0x96, 0x96,
    0x96, 0x96, 0x96, 0x96, 0x96, 0x96, 0x96, 0x96, 0x96, 0x96, 0x96, 0x96, 0x96, 0x96, 0x96, 0x96, 0x96, 0x96, 0x96, 0x96, 0x96, 0x96, 0x96, 0x96,
    0x96, 0x96, 0x96, 0x96, 0x96, 0x96, 0x96, 0x96, 0x96, 0x96, 0x96, 0x96, 0x96, 0x96, 0x96, 0x96, 0x96, 0x96, 0x96, 0x96, 0x96, 0x96, 0x96, 0x96,
    0x96, 0x96, 0x96, 0x96, 0x96, 0x96, 0x96, 0x96, 0x96, 0x96, 0x96, 0x96, 0x96, 0x96, 0x96, 0x96, 0x96, 0x96, 0x95, 0x9C, 0x57, 0x2D, 0x47, 0x63,
    0x45, 0x33, 0x38, 0x37, 0x37, 0x38, 0x33, 0x45, 0x63, 0x45, 0x33, 0x38, 0x37, 0x37, 0x38, 0x33, 0x45, 0x63, 0x45, 0x33, 0x38, 0x37, 0x37, 0x38,
    0x33, 0x45, 0x63, 0x45, 0x33, 0x38, 0x37, 0x37, 0x38, 0x33, 0x45, 0x63, 0x45, 0x33, 0x38, 0x37, 0x37, 0x38, 0x33, 0x45, 0x63, 0x45, 0x33, 0x38,
    0x37, 0x37, 0x38, 0x33, 0x45, 0x63, 0x45, 0x33, 0x38, 0x37, 0x37, 0x38, 0x33, 0x45, 0x63, 0x45, 0x33, 0x38, 0x37, 0x37, 0x38, 0x33, 0x45, 0x63,
    0x45, 0x33, 0x38, 0x37, 0x37, 0x38, 0x33, 0x45, 0x63, 0x45, 0x33, 0x38, 0x37, 0x37, 0x38, 0x33, 0x45, 0x63, 0x45, 0x33, 0x38, 0x37, 0x37, 0x38,
    0x33, 0x45, 0x63, 0x45, 0x33, 0x38, 0x37, 0x37, 0x38, 0x33, 0x45, 0x63, 0x45, 0x33, 0x38, 0x37, 0x37, 0x38, 0x33, 0x45, 0x63, 0x45, 0x33, 0x38,
    0x37, 0x37, 0x38, 0x33, 0x45, 0x63, 0x45, 0x33, 0x38, 0x37, 0x37, 0x38, 0x33, 0x45, 0x63, 0x45, 0x33, 0x38, 0x37, 0x37, 0x38, 0x33, 0x45, 0x63,
    0x45, 0x33, 0x38, 0x37, 0x37, 0x38, 0x33, 0x45, 0x63, 0x45, 0x33, 0x38, 0x37, 0x37, 0x38, 0x33, 0x45, 0x63, 0x45, 0x33, 0x38, 0x37, 0x37, 0x38,
    0x33, 0x45, 0x63, 0x45, 0x33, 0x38, 0x37, 0x37, 0x38, 0x33, 0x45, 0x63, 0x45, 0x33, 0x38, 0x37, 0x37, 0x38, 0x33, 0x45, 0x63, 0x45, 0x33, 0x38,
    0x37, 0x37, 0x38, 0x33, 0x45, 0x63, 0x45, 0x34, 0x37, 0x39, 0x5E, 0x4E, 0x32, 0x39, 0x33, 0x4B, 0x52, 0x33, 0x38, 0x35, 0x3E, 0x59, 0x37, 0x37,
    0x37, 0x38, 0x59, 0x39, 0x66, 0x8E, 0x40, 0x4B, 0x3E, 0x24, 0x2A, 0x24, 0x3C, 0x52, 0x25, 0x21, 0x78, 0xA8, 0x9C, 0xAA, 0x35, 0x00, 0x02, 0x00,
    0x00, 0x01, 0x00, 0x0A, 0x96, 0xA2, 0xA1, 0x99, 0x2F, 0x26, 0x29, 0x28, 0x28, 0x28, 0x28, 0x28, 0x27, 0x2D, 0x7E, 0x7F, 0x3C, 0x32, 0x45, 0x63,
    0x45, 0x33, 0x38, 0x37, 0x37, 0x38, 0x33, 0x45, 0x63, 0x45, 0x33, 0x38, 0x37, 0x37, 0x38, 0x33, 0x45, 0x63, 0x45, 0x33, 0x38, 0x37, 0x37, 0x38,
    0x33, 0x45, 0x63, 0x45, 0x33, 0x38, 0x37, 0x37, 0x38, 0x33, 0x45, 0x63, 0x45, 0x33, 0x38, 0x37, 0x37, 0x38, 0x33, 0x45, 0x63, 0x45, 0x33, 0x38,
    0x37, 0x37, 0x38, 0x33, 0x45, 0x63, 0x45, 0x33, 0x38, 0x37, 0x37, 0x38, 0x33, 0x45, 0x63, 0x45, 0x33, 0x38, 0x37, 0x37, 0x38, 0x33, 0x45, 0x63,
    0x45, 0x33, 0x38, 0x37, 0x37, 0x38, 0x33, 0x45, 0x63, 0x45, 0x33, 0x38, 0x37, 0x37, 0x38, 0x33, 0x45, 0x63, 0x45, 0x33, 0x38, 0x37, 0x37, 0x38,
    0x33, 0x45, 0x63, 0x45, 0x33, 0x38, 0x37, 0x37, 0x38, 0x33, 0x45, 0x63, 0x45, 0x33, 0x38, 0x37, 0x37, 0x38, 0x33, 0x45, 0x63, 0x45, 0x33, 0x38,
    0x37, 0x37, 0x38, 0x33, 0x45, 0x63, 0x45, 0x33, 0x38, 0x37, 0x37, 0x38, 0x33, 0x45, 0x63, 0x45, 0x33, 0x38, 0x37, 0x37, 0x38, 0x33, 0x45, 0x63,
    0x45, 0x33, 0x38, 0x37, 0x37, 0x38, 0x33, 0x45, 0x63, 0x45, 0x33, 0x38, 0x37, 0x37, 0x38, 0x33, 0x45, 0x63, 0x45, 0x33, 0x38, 0x37, 0x37, 0x38,
    0x33, 0x45, 0x63, 0x45, 0x33, 0x38, 0x37, 0x37, 0x38, 0x33, 0x45, 0x63, 0x45, 0x33, 0x38, 0x37, 0x37, 0x38, 0x33, 0x45, 0x63, 0x45, 0x33, 0x38,
    0x37, 0x37, 0x38, 0x33, 0x45, 0x63, 0x45, 0x33, 0x38, 0x37, 0x37, 0x38, 0x33, 0x45, 0x63, 0x45, 0x33, 0x38, 0x37, 0x37, 0x38, 0x33, 0x45, 0x63,
    0x45, 0x34, 0x36, 0x3D, 0x90, 0x98, 0x96, 0x96, 0x96, 0x96, 0x96, 0x96, 0x96, 0x96, 0x96, 0x96, 0x96, 0x96, 0x96, 0x96, 0x96, 0x96, 0x96, 0x96,
    0x96, 0x96, 0x96, 0x96, 0x96, 0x96, 0x96, 0x96, 0x96, 0x96, 0x96, 0x96, 0x96, 0x96, 0x96, 0x96, 0x96, 0x96, 0x96, 0x96, 0x96, 0x96, 0x96, 0x96,
    0x96, 0x96, 0x96, 0x96, 0x96, 0x96, 0x96, 0x96, 0x96, 0x96, 0x96, 0x96, 0x96, 0x96, 0x96, 0x96, 0x96, 0x96, 0x96, 0x96, 0x96, 0x96, 0x96, 0x96,
    0x96, 0x96, 0x95, 0x9C, 0x57, 0x31, 0x35, 0x45, 0x63, 0x45, 0x33, 0x38, 0x37, 0x37, 0x38, 0x33, 0x45, 0x63, 0x45, 0x33, 0x38, 0x37, 0x37, 0x38,
    0x33, 0x45, 0x63, 0x45, 0x33, 0x38, 0x37, 0x37, 0x38, 0x33, 0x45, 0x63, 0x45, 0x33, 0x38, 0x37, 0x37, 0x38, 0x33, 0x45, 0x63, 0x45, 0x33, 0x38,
    0x37, 0x37, 0x38, 0x33, 0x45, 0x63, 0x45, 0x33, 0x38, 0x37, 0x37, 0x38, 0x33, 0x45, 0x63, 0x45, 0x33, 0x38, 0x37, 0x37, 0x38, 0x33, 0x45, 0x63,
    0x45, 0x33, 0x38, 0x37, 0x37, 0x38, 0x33, 0x45, 0x63, 0x45, 0x33, 0x38, 0x37, 0x37, 0x38, 0x33, 0x45, 0x63, 0x45, 0x33, 0x38, 0x37, 0x37, 0x38,
    0x33, 0x45, 0x63, 0x45, 0x33, 0x38, 0x37, 0x37, 0x38, 0x33, 0x45, 0x63, 0x45, 0x33, 0x38, 0x37, 0x37, 0x38, 0x33, 0x45, 0x63, 0x45, 0x33, 0x38,
    0x37, 0x37, 0x38, 0x33, 0x45, 0x63, 0x45, 0x33, 0x38, 0x37, 0x37, 0x38, 0x33, 0x45, 0x63, 0x45, 0x33, 0x38, 0x37, 0x37, 0x38, 0x33, 0x45, 0x63,
    0x45, 0x33, 0x38, 0x37, 0x37, 0x38, 0x33, 0x45, 0x63, 0x45, 0x33, 0x38, 0x37, 0x37, 0x38, 0x33, 0x45, 0x63, 0x45, 0x33, 0x38, 0x37, 0x37, 0x38,
    0x33, 0x45, 0x63, 0x45, 0x33, 0x38, 0x37, 0x37, 0x38, 0x33, 0x45, 0x63, 0x45, 0x33, 0x38, 0x37, 0x37, 0x38, 0x33, 0x45, 0x63, 0x45, 0x33, 0x38,
    0x37, 0x37, 0x38, 0x33, 0x45, 0x63, 0x45, 0x33, 0x38, 0x37, 0x37, 0x38, 0x33, 0x45, 0x63, 0x45, 0x34, 0x35, 0x40, 0x62, 0x45, 0x35, 0x37, 0x38,
    0x58, 0x3E, 0x35, 0x37, 0x35, 0x57, 0x42, 0x35, 0x38, 0x34, 0x55, 0x43, 0x65, 0x8E, 0x40, 0x4A, 0x3F, 0x24, 0x2A, 0x24, 0x4A, 0x45, 0x25, 0x21,
    0x78, 0xA8, 0x9C, 0xAA, 0x35, 0x00, 0x02, 0x00, 0x00, 0x01, 0x00, 0x0A, 0x96, 0xA2, 0xA1, 0x99, 0x2F, 0x26, 0x29, 0x28, 0x28, 0x28, 0x28, 0x28,
    0x27, 0x2D, 0x7E, 0x7F, 0x3B, 0x36, 0x34, 0x45, 0x63, 0x45, 0x33, 0x38, 0x37, 0x37, 0x38, 0x33, 0x45, 0x63, 0x45, 0x33, 0x38, 0x37, 0x37, 0x38,
    0x33, 0x45, 0x63, 0x45, 0x33, 0x38, 0x37, 0x37, 0x38, 0x33, 0x45, 0x63, 0x45, 0x33, 0x38, 0x37, 0x37, 0x38, 0x33, 0x45, 0x63, 0x45, 0x33, 0x38,
    0x37, 0x37, 0x38, 0x33, 0x45, 0x63, 0x45, 0x33, 0x38, 0x37, 0x37, 0x38, 0x33, 0x45, 0x63, 0x45, 0x33, 0x38, 0x37, 0x37, 0x38, 0x33, 0x45, 0x63,
    0x45, 0x33, 0x38, 0x37, 0x37, 0x38, 0x33, 0x45, 0x63, 0x45, 0x33, 0x38, 0x37, 0x37, 0x38, 0x33, 0x45, 0x63, 0x45, 0x33, 0x38, 0x37, 0x37, 0x38,
    0x33, 0x45, 0x63, 0x45, 0x33, 0x38, 0x37, 0x37, 0x38, 0x33, 0x45, 0x63, 0x45, 0x33, 0x38, 0x37, 0x37, 0x38, 0x33, 0x45, 0x63, 0x45, 0x33, 0x38,
    0x37, 0x37, 0x38, 0x33, 0x45, 0x63, 0x45, 0x33, 0x38, 0x37, 0x37, 0x38, 0x33, 0x45, 0x63, 0x45, 0x33, 0x38, 0x37, 0x37, 0x38, 0x33, 0x45, 0x63,
    0x45, 0x33, 0x38, 0x37, 0x37, 0x38, 0x33, 0x45, 0x63, 0x45, 0x33, 0x38, 0x37, 0x37, 0x38, 0x33, 0x45, 0x63, 0x45, 0x33, 0x38, 0x37, 0x37, 0x38,
    0x33, 0x45, 0x63, 0x45, 0x33, 0x38, 0x37, 0x37, 0x38, 0x33, 0x45, 0x63, 0x45, 0x33, 0x38, 0x37, 0x37, 0x38, 0x33, 0x45, 0x63, 0x45, 0x33, 0x38,
    0x37, 0x37, 0x38, 0x33, 0x45, 0x63, 0x45, 0x33, 0x38, 0x37, 0x37, 0x38, 0x33, 0x45, 0x63, 0x45, 0x33, 0x38, 0x37, 0x37, 0x38, 0x33, 0x45, 0x63,
    0x45, 0x33, 0x38, 0x37, 0x37, 0x38, 0x33, 0x45, 0x63, 0x46, 0x32, 0x3D, 0x90, 0x98, 0x96, 0x96, 0x96, 0x96, 0x96, 0x96, 0x96, 0x96, 0x96, 0x96,
    0x96, 0x96, 0x96, 0x96, 0x96, 0x96, 0x96, 0x96, 0x96, 0x96, 0x96, 0x96, 0x96, 0x96, 0x96, 0x96, 0x96, 0x96, 0x96, 0x96, 0x96, 0x96, 0x96, 0x96,
    0x96, 0x96, 0x96, 0x96, 0x96, 0x96, 0x96, 0x96, 0x96, 0x96, 0x96, 0x96, 0x96, 0x96, 0x96, 0x96, 0x96, 0x96, 0x96, 0x96, 0x96, 0x96, 0x96, 0x96,
    0x96, 0x96, 0x96, 0x96, 0x96, 0x96, 0x96, 0x96, 0x96, 0x96, 0x95, 0x9C, 0x57, 0x31, 0x39, 0x33, 0x45, 0x63, 0x45, 0x33, 0x38, 0x37, 0x37, 0x38,
    0x33, 0x45, 0x63, 0x45, 0x33, 0x38, 0x37, 0x37, 0x38, 0x33, 0x45, 0x63, 0x45, 0x33, 0x38, 0x37, 0x37, 0x38, 0x33, 0x45, 0x63, 0x45, 0x33, 0x38,
    0x37, 0x37, 0x38, 0x33, 0x45, 0x63, 0x45, 0x33, 0x38, 0x37, 0x37, 0x38, 0x33, 0x45, 0x63, 0x45, 0x33, 0x38, 0x37, 0x37, 0x38, 0x33, 0x45, 0x63,
    0x45, 0x33, 0x38, 0x37, 0x37, 0x38, 0x33, 0x45, 0x63, 0x45, 0x33, 0x38, 0x37, 0x37, 0x38, 0x33, 0x45, 0x63, 0x45, 0x33, 0x38, 0x37, 0x37, 0x38,
    0x33, 0x45, 0x63, 0x45, 0x33, 0x38, 0x37, 0x37, 0x38, 0x33, 0x45, 0x63, 0x45, 0x33, 0x38, 0x37, 0x37, 0x38, 0x33, 0x45, 0x63, 0x45, 0x33, 0x38,
    0x37, 0x37, 0x38, 0x33, 0x45, 0x63, 0x45, 0x33, 0x38, 0x37, 0x37, 0x38, 0x33, 0x45, 0x63, 0x45, 0x33, 0x38, 0x37, 0x37, 0x38, 0x33, 0x45, 0x63,
    0x45, 0x33, 0x38, 0x37, 0x37, 0x38, 0x33, 0x45, 0x63, 0x45, 0x33, 0x38, 0x37, 0x37, 0x38, 0x33, 0x45, 0x63, 0x45, 0x33, 0x38, 0x37, 0x37, 0x38,
    0x33, 0x45, 0x63, 0x45, 0x33, 0x38, 0x37, 0x37, 0x38, 0x33, 0x45, 0x63, 0x45, 0x33, 0x38, 0x37, 0x37, 0x38, 0x33, 0x45, 0x63, 0x45, 0x33, 0x38,
    0x37, 0x37, 0x38, 0x33, 0x45, 0x63, 0x45, 0x33, 0x38, 0x37, 0x37, 0x38, 0x33, 0x45, 0x63, 0x45, 0x33, 0x38, 0x37, 0x37, 0x38, 0x33, 0x45, 0x63,
    0x45, 0x34, 0x35, 0x46, 0x62, 0x3C, 0x36, 0x35, 0x43, 0x57, 0x35, 0x38, 0x34, 0x4C, 0x50, 0x34, 0x38, 0x34, 0x54, 0x43, 0x65, 0x8E, 0x40, 0x4A,
    0x3F, 0x24, 0x29, 0x28, 0x57, 0x31, 0x28, 0x20, 0x78, 0xA8, 0x9C, 0xAA, 0x35, 0x00, 0x02, 0x00, 0x00, 0x01, 0x00, 0x0A, 0x96, 0xA2, 0xA1, 0x99,
    0x2F, 0x26, 0x29, 0x28, 0x28, 0x28, 0x28, 0x28, 0x27, 0x2D, 0x7E, 0x7F, 0x3B, 0x36, 0x38, 0x33, 0x45, 0x63, 0x45, 0x33, 0x38, 0x37, 0x37, 0x38,
    0x33, 0x45, 0x63, 0x45, 0x33, 0x38, 0x37, 0x37, 0x38, 0x33, 0x45, 0x63, 0x45, 0x33, 0x38, 0x37, 0x37, 0x38, 0x33, 0x45, 0x63, 0x45, 0x33, 0x38,
    0x37, 0x37, 0x38, 0x33, 0x45, 0x63, 0x45, 0x33, 0x38, 0x37, 0x37, 0x38, 0x33, 0x45, 0x63, 0x45, 0x33, 0x38, 0x37, 0x37, 0x38, 0x33, 0x45, 0x63,
    0x45, 0x33, 0x38, 0x37, 0x37, 0x38, 0x33, 0x45, 0x63, 0x45, 0x33, 0x38, 0x37, 0x37, 0x38, 0x33, 0x45, 0x63, 0x45, 0x33, 0x38, 0x37, 0x37, 0x38,
    0x33, 0x45, 0x63, 0x45, 0x33, 0x38, 0x37, 0x37, 0x38, 0x33, 0x45, 0x63, 0x45, 0x33, 0x38, 0x37, 0x37, 0x38, 0x33, 0x45, 0x63, 0x45, 0x33, 0x38,
    0x37, 0x37, 0x38, 0x33, 0x45, 0x63, 0x45, 0x33, 0x38, 0x37, 0x37, 0x38, 0x33, 0x45, 0x63, 0x45, 0x33, 0x38, 0x37, 0x37, 0x38, 0x33, 0x45, 0x63,
    0x45, 0x33, 0x38, 0x37, 0x37, 0x38, 0x33, 0x45, 0x63, 0x45, 0x33, 0x38, 0x37, 0x37, 0x38, 0x33, 0x45, 0x63, 0x45, 0x33, 0x38, 0x37, 0x37, 0x38,
    0x33, 0x45, 0x63, 0x45, 0x33, 0x38, 0x37, 0x37, 0x38, 0x33, 0x45, 0x63, 0x45, 0x33, 0x38, 0x37, 0x37, 0x38, 0x33, 0x45, 0x63, 0x45, 0x33, 0x38,
    0x37, 0x37, 0x38, 0x33, 0x45, 0x63, 0x45, 0x33, 0x38, 0x37, 0x37, 0x38, 0x33, 0x45, 0x63, 0x45, 0x33, 0x38, 0x37, 0x37, 0x38, 0x33, 0x45, 0x63,
    0x45, 0x33, 0x38, 0x37, 0x37, 0x38, 0x33, 0x45, 0x63, 0x45, 0x33, 0x38, 0x37, 0x37, 0x38, 0x33, 0x45, 0x64, 0x44, 0x39, 0x91, 0x98, 0x96, 0x96,
    0x96, 0x96, 0x96, 0x96, 0x96, 0x96, 0x96, 0x96, 0x96, 0x96, 0x96, 0x96, 0x96, 0x96, 0x96, 0x96, 0x96, 0x96, 0x96, 0x96, 0x96, 0x96, 0x96, 0x96,
    0x96, 0x96, 0x96, 0x96, 0x96, 0x96, 0x96, 0x96, 0x96, 0x96, 0x96, 0x96, 0x96, 0x96, 0x96, 0x96, 0x96, 0x96, 0x96, 0x96, 0x96, 0x96, 0x96, 0x96,
    0x96, 0x96, 0x96, 0x96, 0x96, 0x96, 0x96, 0x96, 0x96, 0x96, 0x96, 0x96, 0x96, 0x96, 0x96, 0x96, 0x96, 0x96, 0x95, 0x9C, 0x57, 0x31, 0x38, 0x38,
    0x33, 0x45, 0x63, 0x45, 0x33, 0x38, 0x37, 0x37, 0x38, 0x33, 0x45, 0x63, 0x45, 0x33, 0x38, 0x37, 0x37, 0x38, 0x33, 0x45, 0x63, 0x45, 0x33, 0x38,
    0x37, 0x37, 0x38, 0x33, 0x45, 0x63, 0x45, 0x33, 0x38, 0x37, 0x37, 0x38, 0x33, 0x45, 0x63, 0x45, 0x33, 0x38, 0x37, 0x37, 0x38, 0x33, 0x45, 0x63,
    0x45, 0x33, 0x38, 0x37, 0x37, 0x38, 0x33, 0x45, 0x63, 0x45, 0x33, 0x38, 0x37, 0x37, 0x38, 0x33, 0x45, 0x63, 0x45, 0x33, 0x38, 0x37, 0x37, 0x38,
    0x33, 0x45, 0x63, 0x45, 0x33, 0x38, 0x37, 0x37, 0x38, 0x33, 0x45, 0x63, 0x45, 0x33, 0x38, 0x37, 0x37, 0x38, 0x33, 0x45, 0x63, 0x45, 0x33, 0x38,
    0x37, 0x37, 0x38, 0x33, 0x45, 0x63, 0x45, 0x33, 0x38, 0x37, 0x37, 0x38, 0x33, 0x45, 0x63, 0x45, 0x33, 0x38, 0x37, 0x37, 0x38, 0x33, 0x45, 0x63,
    0x45, 0x33, 0x38, 0x37, 0x37, 0x38, 0x33, 0x45, 0x63, 0x45, 0x33, 0x38, 0x37, 0x37, 0x38, 0x33, 0x45, 0x63, 0x45, 0x33, 0x38, 0x37, 0x37, 0x38,
    0x33, 0x45, 0x63, 0x45, 0x33, 0x38, 0x37, 0x37, 0x38, 0x33, 0x45, 0x63, 0x45, 0x33, 0x38, 0x37, 0x37, 0x38, 0x33, 0x45, 0x63, 0x45, 0x33, 0x38,
    0x37, 0x37, 0x38, 0x33, 0x45, 0x63, 0x45, 0x33, 0x38, 0x37, 0x37, 0x38, 0x33, 0x45, 0x63, 0x45, 0x33, 0x38, 0x37, 0x37, 0x38, 0x33, 0x45, 0x63,
    0x45, 0x33, 0x38, 0x37, 0x37, 0x38, 0x33, 0x45, 0x63, 0x45, 0x34, 0x35, 0x51, 0x5C, 0x36, 0x37, 0x35, 0x57, 0x43, 0x34, 0x36, 0x3D, 0x58, 0x37,
    0x37, 0x34, 0x49, 0x4E, 0x65, 0x8E, 0x40, 0x49, 0x3E, 0x24, 0x27, 0x31, 0x57, 0x28, 0x2A, 0x20, 0x78, 0xA8, 0x9C, 0xAA, 0x35, 0x00, 0x02, 0x00,
    0x00, 0x01, 0x00, 0x0A, 0x96, 0xA2, 0xA1, 0x99, 0x2F, 0x26, 0x29, 0x28, 0x28, 0x28, 0x28, 0x28, 0x27, 0x2D, 0x7E, 0x7F, 0x3B, 0x36, 0x37, 0x38,
    0x33, 0x45, 0x63, 0x45, 0x33, 0x38, 0x37, 0x37, 0x38, 0x33, 0x45, 0x63, 0x45, 0x33, 0x38, 0x37, 0x37, 0x38, 0x33, 0x45, 0x63, 0x45, 0x33, 0x38,
    0x37, 0x37, 0x38, 0x33, 0x45, 0x63, 0x45, 0x33, 0x38, 0x37, 0x37, 0x38, 0x33, 0x45, 0x63, 0x45, 0x33, 0x38, 0x37, 0x37, 0x38, 0x33, 0x45, 0x63,
    0x45, 0x33, 0x38, 0x37, 0x37, 0x38, 0x33, 0x45, 0x63, 0x45, 0x33, 0x38, 0x37, 0x37, 0x38, 0x33, 0x45, 0x63, 0x45, 0x33, 0x38, 0x37, 0x37, 0x38,
    0x33, 0x45, 0x63, 0x45, 0x33, 0x38, 0x37, 0x37, 0x38, 0x33, 0x45, 0x63, 0x45, 0x33, 0x38, 0x37, 0x37, 0x38, 0x33, 0x45, 0x63, 0x45, 0x33, 0x38,
    0x37, 0x37, 0x38, 0x33, 0x45, 0x63, 0x45, 0x33, 0x38, 0x37, 0x37, 0x38, 0x33, 0x45, 0x63, 0x45, 0x33, 0x38, 0x37, 0x37, 0x38, 0x33, 0x45, 0x63,
    0x45, 0x33, 0x38, 0x37, 0x37, 0x38, 0x33, 0x45, 0x63, 0x45, 0x33, 0x38, 0x37, 0x37, 0x38, 0x33, 0x45, 0x63, 0x45, 0x33, 0x38, 0x37, 0x37, 0x38,
    0x33, 0x45, 0x63, 0x45, 0x33, 0x38, 0x37, 0x37, 0x38, 0x33, 0x45, 0x63, 0x45, 0x33, 0x38, 0x37, 0x37, 0x38, 0x33, 0x45, 0x63, 0x45, 0x33, 0x38,
    0x37, 0x37, 0x38, 0x33, 0x45, 0x63, 0x45, 0x33, 0x38, 0x37, 0x37, 0x38, 0x33, 0x45, 0x63, 0x45, 0x33, 0x38, 0x37, 0x37, 0x38, 0x33, 0x45, 0x63,
    0x45, 0x33, 0x38, 0x37, 0x37, 0x38, 0x33, 0x45, 0x63, 0x45, 0x33, 0x38, 0x37, 0x37, 0x38, 0x33, 0x45, 0x63, 0x45, 0x33, 0x38, 0x37, 0x37, 0x38,
    0x33, 0x46, 0x62, 0x4C, 0x8E, 0x98, 0x96, 0x96, 0x96, 0x96, 0x96, 0x96, 0x96, 0x96, 0x96, 0x96, 0x96, 0x96, 0x96, 0x96, 0x96, 0x96, 0x96, 0x96,
    0x96, 0x96, 0x96, 0x96, 0x96, 0x96, 0x96, 0x96, 0x96, 0x96, 0x96, 0x96, 0x96, 0x96, 0x96, 0x96, 0x96, 0x96, 0x96, 0x96, 0x96, 0x96, 0x96, 0x96,
    0x96, 0x96, 0x96, 0x96, 0x96, 0x96, 0x96, 0x96, 0x96, 0x96, 0x96, 0x96, 0x96, 0x96, 0x96, 0x96, 0x96, 0x96, 0x96, 0x96, 0x96, 0x96, 0x96, 0x96,
    0x96, 0x96, 0x95, 0x9C, 0x56, 0x31, 0x38, 0x37, 0x38, 0x33, 0x45, 0x63, 0x45, 0x33, 0x38, 0x37, 0x37, 0x38, 0x33, 0x45, 0x63, 0x45, 0x33, 0x38,
    0x37, 0x37, 0x38, 0x33, 0x45, 0x63, 0x45, 0x33, 0x38, 0x37, 0x37, 0x38, 0x33, 0x45, 0x63, 0x45, 0x33, 0x38, 0x37, 0x37, 0x38, 0x33, 0x45, 0x63,
    0x45, 0x33, 0x38, 0x37, 0x37, 0x38, 0x33, 0x45, 0x63, 0x45, 0x33, 0x38, 0x37, 0x37, 0x38, 0x33, 0x45, 0x63, 0x45, 0x33, 0x38, 0x37, 0x37, 0x38,
    0x33, 0x45, 0x63, 0x45, 0x33, 0x38, 0x37, 0x37, 0x38, 0x33, 0x45, 0x63, 0x45, 0x33, 0x38, 0x37, 0x37, 0x38, 0x33, 0x45, 0x63, 0x45, 0x33, 0x38,
    0x37, 0x37, 0x38, 0x33, 0x45, 0x63, 0x45, 0x33, 0x38, 0x37, 0x37, 0x38, 0x33, 0x45, 0x63, 0x45, 0x33, 0x38, 0x37, 0x37, 0x38, 0x33, 0x45, 0x63,
    0x45, 0x33, 0x38, 0x37, 0x37, 0x38, 0x33, 0x45, 0x63, 0x45, 0x33, 0x38, 0x37, 0x37, 0x38, 0x33, 0x45, 0x63, 0x45, 0x33, 0x38, 0x37, 0x37, 0x38,
    0x33, 0x45, 0x63, 0x45, 0x33, 0x38, 0x37, 0x37, 0x38, 0x33, 0x45, 0x63, 0x45, 0x33, 0x38, 0x37, 0x37, 0x38, 0x33, 0x45, 0x63, 0x45, 0x33, 0x38,
    0x37, 0x37, 0x38, 0x33, 0x45, 0x63, 0x45, 0x33, 0x38, 0x37, 0x37, 0x38, 0x33, 0x45, 0x63, 0x45, 0x33, 0x38, 0x37, 0x37, 0x38, 0x33, 0x45, 0x63,
    0x45, 0x33, 0x38, 0x37, 0x37, 0x38, 0x33, 0x45, 0x63, 0x45, 0x33, 0x38, 0x37, 0x37, 0x38, 0x33, 0x45, 0x63, 0x45, 0x34, 0x35, 0x58, 0x53, 0x35,
    0x36, 0x3E, 0x58, 0x38, 0x38, 0x34, 0x53, 0x44, 0x35, 0x34, 0x49, 0x4F, 0x65, 0x8D, 0x47, 0x4D, 0x30, 0x27, 0x24, 0x45, 0x4A, 0x24, 0x2B, 0x20,
    0x78, 0xA8, 0x9C, 0xAA, 0x35, 0x00, 0x02, 0x00, 0x00, 0x01, 0x00, 0x0A, 0x96, 0xA2, 0xA1, 0x99, 0x2F, 0x26, 0x29, 0x28, 0x28, 0x28, 0x28, 0x28,
    0x26, 0x32, 0x80, 0x7E, 0x39, 0x36, 0x37, 0x37, 0x38, 0x33, 0x45, 0x63, 0x45, 0x33, 0x38, 0x37, 0x37, 0x38, 0x33, 0x45, 0x63, 0x45, 0x33, 0x38,
    0x37, 0x37, 0x38, 0x33, 0x45, 0x63, 0x45, 0x33, 0x38, 0x37, 0x37, 0x38, 0x33, 0x45, 0x63, 0x45, 0x33, 0x38, 0x37, 0x37, 0x38, 0x33, 0x45, 0x63,
    0x45, 0x33, 0x38, 0x37, 0x37, 0x38, 0x33, 0x45, 0x63, 0x45, 0x33, 0x38, 0x37, 0x37, 0x38, 0x33, 0x45, 0x63, 0x45, 0x33, 0x38, 0x37, 0x37, 0x38,
    0x33, 0x45, 0x63, 0x45, 0x33, 0x38, 0x37, 0x37, 0x38, 0x33, 0x45, 0x63, 0x45, 0x33, 0x38, 0x37, 0x37, 0x38, 0x33, 0x45, 0x63, 0x45, 0x33, 0x38,
    0x37, 0x37, 0x38, 0x33, 0x45, 0x63, 0x45, 0x33, 0x38, 0x37, 0x37, 0x38, 0x33, 0x45, 0x63, 0x45, 0x33, 0x38, 0x37, 0x37, 0x38, 0x33, 0x45, 0x63,
    0x45, 0x33, 0x38, 0x37, 0x37, 0x38, 0x33, 0x45, 0x63, 0x45, 0x33, 0x38, 0x37, 0x37, 0x38, 0x33, 0x45, 0x63, 0x45, 0x33, 0x38, 0x37, 0x37, 0x38,
    0x33, 0x45, 0x63, 0x45, 0x33, 0x38, 0x37, 0x37, 0x38, 0x33, 0x45, 0x63, 0x45, 0x33, 0x38, 0x37, 0x37, 0x38, 0x33, 0x45, 0x63, 0x45, 0x33, 0x38,
    0x37, 0x37, 0x38, 0x33, 0x45, 0x63, 0x45, 0x33, 0x38, 0x37, 0x37, 0x38, 0x33, 0x45, 0x63, 0x45, 0x33, 0x38, 0x37, 0x37, 0x38, 0x33, 0x45, 0x63,
    0x45, 0x33, 0x38, 0x37, 0x37, 0x38, 0x33, 0x45, 0x63, 0x45, 0x33, 0x38, 0x37, 0x37, 0x38, 0x33, 0x45, 0x63, 0x45, 0x33, 0x38, 0x37, 0x37, 0x38,
    0x33, 0x45, 0x63, 0x45, 0x33, 0x38, 0x37, 0x37, 0x38, 0x34, 0x44, 0x65, 0x92, 0x97, 0x96, 0x96, 0x96, 0x96, 0x96, 0x96, 0x96, 0x96, 0x96, 0x96,
    0x96, 0x96, 0x96, 0x96, 0x96, 0x96, 0x96, 0x96, 0x96, 0x96, 0x96, 0x96, 0x96, 0x96, 0x96, 0x96, 0x96, 0x96, 0x96, 0x96, 0x96, 0x96, 0x96, 0x96,
    0x96, 0x96, 0x96, 0x96, 0x96, 0x96, 0x96, 0x96, 0x96, 0x96, 0x96, 0x96, 0x96, 0x96, 0x96, 0x96, 0x96, 0x96, 0x96, 0x96, 0x96, 0x96, 0x96, 0x96,
    0x96, 0x96, 0x96, 0x96, 0x96, 0x96, 0x96, 0x96, 0x96, 0x96, 0x95, 0x9C, 0x5B, 0x30, 0x38, 0x37, 0x37, 0x38, 0x33, 0x45, 0x63, 0x45, 0x33, 0x38,
    0x37, 0x37, 0x38, 0x33, 0x45, 0x63, 0x45, 0x33, 0x38, 0x37, 0x37, 0x38, 0x33, 0x45, 0x63, 0x45, 0x33, 0x38, 0x37, 0x37, 0x38, 0x33, 0x45, 0x63,
    0x45, 0x33, 0x38, 0x37, 0x37, 0x38, 0x33, 0x45, 0x63, 0x45, 0x33, 0x38, 0x37, 0x37, 0x38, 0x33, 0x45, 0x63, 0x45, 0x33, 0x38, 0x37, 0x37, 0x38,
    0x33, 0x45, 0x63, 0x45, 0x33, 0x38, 0x37, 0x37, 0x38, 0x33, 0x45, 0x63, 0x45, 0x33, 0x38, 0x37, 0x37, 0x38, 0x33, 0x45, 0x63, 0x45, 0x33, 0x38,
    0x37, 0x37, 0x38, 0x33, 0x45, 0x63, 0x45, 0x33, 0x38, 0x37, 0x37, 0x38, 0x33, 0x45, 0x63, 0x45, 0x33, 0x38, 0x37, 0x37, 0x38, 0x33, 0x45, 0x63,
    0x45, 0x33, 0x38, 0x37, 0x37, 0x38, 0x33, 0x45, 0x63, 0x45, 0x33, 0x38, 0x37, 0x37, 0x38, 0x33, 0x45, 0x63, 0x45, 0x33, 0x38, 0x37, 0x37, 0x38,
    0x33, 0x45, 0x63, 0x45, 0x33, 0x38, 0x37, 0x37, 0x38, 0x33, 0x45, 0x63, 0x45, 0x33, 0x38, 0x37, 0x37, 0x38, 0x33, 0x45, 0x63, 0x45, 0x33, 0x38,
    0x37, 0x37, 0x38, 0x33, 0x45, 0x63, 0x45, 0x33, 0x38, 0x37, 0x37, 0x38, 0x33, 0x45, 0x63, 0x45, 0x33, 0x38, 0x37, 0x37, 0x38, 0x33, 0x45, 0x63,
    0x45, 0x33, 0x38, 0x37, 0x37, 0x38, 0x33, 0x45, 0x63, 0x45, 0x33, 0x38, 0x37, 0x37, 0x38, 0x33, 0x45, 0x63, 0x45, 0x33, 0x38, 0x37, 0x37, 0x38,
    0x33, 0x45, 0x63, 0x45, 0x33, 0x3B, 0x60, 0x4A, 0x34, 0x34, 0x52, 0x4B, 0x33, 0x35, 0x47, 0x54, 0x34, 0x36, 0x3F, 0x53, 0x69, 0x8B, 0x4A, 0x53,
    0x2E, 0x28, 0x24, 0x52, 0x3C, 0x24, 0x2B, 0x20, 0x78, 0xA8, 0x9C, 0xAA, 0x35, 0x00, 0x02, 0x00, 0x00, 0x01, 0x00, 0x0A, 0x96, 0xA2, 0xA1, 0x99,
    0x2F, 0x26, 0x29, 0x28, 0x28, 0x28, 0x28, 0x28, 0x27, 0x2D, 0x7D, 0x82, 0x47, 0x33, 0x38, 0x37, 0x37, 0x38, 0x33, 0x45, 0x63, 0x45, 0x33, 0x38,
    0x37, 0x37, 0x38, 0x33, 0x45, 0x63, 0x45, 0x33, 0x38, 0x37, 0x37, 0x38, 0x33, 0x45, 0x63, 0x45, 0x33, 0x38, 0x37, 0x37, 0x38, 0x33, 0x45, 0x63,
    0x45, 0x33, 0x38, 0x37, 0x37, 0x38, 0x33, 0x45, 0x63, 0x45, 0x33, 0x38, 0x37, 0x37, 0x38, 0x33, 0x45, 0x63, 0x45, 0x33, 0x38, 0x37, 0x37, 0x38,
    0x33, 0x45, 0x63, 0x45, 0x33, 0x38, 0x37, 0x37, 0x38, 0x33, 0x45, 0x63, 0x45, 0x33, 0x38, 0x37, 0x37, 0x38, 0x33, 0x45, 0x63, 0x45, 0x33, 0x38,
    0x37, 0x37, 0x38, 0x33, 0x45, 0x63, 0x45, 0x33, 0x38, 0x37, 0x37, 0x38, 0x33, 0x45, 0x63, 0x45, 0x33, 0x38, 0x37, 0x37, 0x38, 0x33, 0x45, 0x63,
    0x45, 0x33, 0x38, 0x37, 0x37, 0x38, 0x33, 0x45, 0x63, 0x45, 0x33, 0x38, 0x37, 0x37, 0x38, 0x33, 0x45, 0x63, 0x45, 0x33, 0x38, 0x37, 0x37, 0x38,
    0x33, 0x45, 0x63, 0x45, 0x33, 0x38, 0x37, 0x37, 0x38, 0x33, 0x45, 0x63, 0x45, 0x33, 0x38, 0x37, 0x37, 0x38, 0x33, 0x45, 0x63, 0x45, 0x33, 0x38,
    0x37, 0x37, 0x38, 0x33, 0x45, 0x63, 0x45, 0x33, 0x38, 0x37, 0x37, 0x38, 0x33, 0x45, 0x63, 0x45, 0x33, 0x38, 0x37, 0x37, 0x38, 0x33, 0x45, 0x63,
    0x45, 0x33, 0x38, 0x37, 0x37, 0x38, 0x33, 0x45, 0x63, 0x45, 0x33, 0x38, 0x37, 0x37, 0x38, 0x33, 0x45, 0x63, 0x45, 0x33, 0x38, 0x37, 0x37, 0x38,
    0x33, 0x45, 0x63, 0x45, 0x33, 0x38, 0x37, 0x37, 0x38, 0x33, 0x45, 0x63, 0x45, 0x33, 0x38, 0x37, 0x37, 0x38, 0x32, 0x49, 0x93, 0x97, 0x96, 0x96,
    0x96, 0x96, 0x96, 0x96, 0x96, 0x96, 0x96, 0x96, 0x96, 0x96, 0x96, 0x96, 0x96, 0x96, 0x96, 0x96, 0x96, 0x96, 0x96, 0x96, 0x96, 0x96, 0x96, 0x96,
    0x96, 0x96, 0x96, 0x96, 0x96, 0x96, 0x96, 0x96, 0x96, 0x96, 0x96, 0x96, 0x96, 0x96, 0x96, 0x96, 0x96, 0x96, 0x96, 0x96, 0x96, 0x96, 0x96, 0x96,
    0x96, 0x96, 0x96, 0x96, 0x96, 0x96, 0x96, 0x96, 0x96, 0x96, 0x96, 0x96, 0x96, 0x96, 0x96, 0x96, 0x96, 0x96, 0x95, 0x99, 0x74, 0x42, 0x34, 0x38,
    0x37, 0x37, 0x38, 0x33, 0x45, 0x63, 0x45, 0x33, 0x38, 0x37, 0x37, 0x38, 0x33, 0x45, 0x63, 0x45, 0x33, 0x38, 0x37, 0x37, 0x38, 0x33, 0x45, 0x63,
    0x45, 0x33, 0x38, 0x37, 0x37, 0x38, 0x33, 0x45, 0x63, 0x45, 0x33, 0x38, 0x37, 0x37, 0x38, 0x33, 0x45, 0x63, 0x45, 0x33, 0x38, 0x37, 0x37, 0x38,
    0x33, 0x45, 0x63, 0x45, 0x33, 0x38, 0x37, 0x37, 0x38, 0x33, 0x45, 0x63, 0x45, 0x33, 0x38, 0x37, 0x37, 0x38, 0x33, 0x45, 0x63, 0x45, 0x33, 0x38,
    0x37, 0x37, 0x38, 0x33, 0x45, 0x63, 0x45, 0x33, 0x38, 0x37, 0x37, 0x38, 0x33, 0x45, 0x63, 0x45, 0x33, 0x38, 0x37, 0x37, 0x38, 0x33, 0x45, 0x63,
    0x45, 0x33, 0x38, 0x37, 0x37, 0x38, 0x33, 0x45, 0x63, 0x45, 0x33, 0x38, 0x37, 0x37, 0x38, 0x33, 0x45, 0x63, 0x45, 0x33, 0x38, 0x37, 0x37, 0x38,
    0x33, 0x45, 0x63, 0x45, 0x33, 0x38, 0x37, 0x37, 0x38, 0x33, 0x45, 0x63, 0x45, 0x33, 0x38, 0x37, 0x37, 0x38, 0x33, 0x45, 0x63, 0x45, 0x33, 0x38,
    0x37, 0x37, 0x38, 0x33, 0x45, 0x63, 0x45, 0x33, 0x38, 0x37, 0x37, 0x38, 0x33, 0x45, 0x63, 0x45, 0x33, 0x38, 0x37, 0x37, 0x38, 0x33, 0x45, 0x63,
    0x45, 0x33, 0x38, 0x37, 0x37, 0x38, 0x33, 0x45, 0x63, 0x45, 0x33, 0x38, 0x37, 0x37, 0x38, 0x33, 0x45, 0x63, 0x45, 0x33, 0x38, 0x37, 0x37, 0x38,
    0x33, 0x45, 0x63, 0x45, 0x33, 0x38, 0x37, 0x37, 0x38, 0x33, 0x45, 0x63, 0x46, 0x31, 0x44, 0x62, 0x43, 0x33, 0x3C, 0x58, 0x3B, 0x35, 0x3A, 0x59,
    0x3A, 0x35, 0x3B, 0x56, 0x6B, 0x8B, 0x49, 0x52, 0x2E, 0x26, 0x2E, 0x56, 0x2D, 0x27, 0x2A, 0x20, 0x78, 0xA8, 0x9C, 0xAA, 0x35, 0x00, 0x02, 0x00,
    0x00, 0x01, 0x00, 0x0A, 0x96, 0xA2, 0xA1, 0x99, 0x2F, 0x26, 0x29, 0x28, 0x28, 0x28, 0x28, 0x28, 0x27, 0x2D, 0x7D, 0x81, 0x63, 0x45, 0x34, 0x38,
    0x37, 0x37, 0x38, 0x33, 0x45, 0x63, 0x45, 0x33, 0x38, 0x37, 0x37, 0x38, 0x33, 0x45, 0x63, 0x45, 0x33, 0x38, 0x37, 0x37, 0x38, 0x33, 0x45, 0x63,
    0x45, 0x33, 0x38, 0x37, 0x37, 0x38, 0x33, 0x45, 0x63, 0x45, 0x33, 0x38, 0x37, 0x37, 0x38, 0x33, 0x45, 0x63, 0x45, 0x33, 0x38, 0x37, 0x37, 0x38,
    0x33, 0x45, 0x63, 0x45, 0x33, 0x38, 0x37, 0x37, 0x38, 0x33, 0x45, 0x63, 0x45, 0x33, 0x38, 0x37, 0x37, 0x38, 0x33, 0x45, 0x63, 0x45, 0x33, 0x38,
    0x37, 0x37, 0x38, 0x33, 0x45, 0x63, 0x45, 0x33, 0x38, 0x37, 0x37, 0x38, 0x33, 0x45, 0x63, 0x45, 0x33, 0x38, 0x37, 0x37, 0x38, 0x33, 0x45, 0x63,
    0x45, 0x33, 0x38, 0x37, 0x37, 0x38, 0x33, 0x45, 0x63, 0x45, 0x33, 0x38, 0x37, 0x37, 0x38, 0x33, 0x45, 0x63, 0x45, 0x33, 0x38, 0x37, 0x37, 0x38,
    0x33, 0x45, 0x63, 0x45, 0x33, 0x38, 0x37, 0x37, 0x38, 0x33, 0x45, 0x63, 0x45, 0x33, 0x38, 0x37, 0x37, 0x38, 0x33, 0x45, 0x63, 0x45, 0x33, 0x38,
    0x37, 0x37, 0x38, 0x33, 0x45, 0x63, 0x45, 0x33, 0x38, 0x37, 0x37, 0x38, 0x33, 0x45, 0x63, 0x45, 0x33, 0x38, 0x37, 0x37, 0x38, 0x33, 0x45, 0x63,
    0x45, 0x33, 0x38, 0x37, 0x37, 0x38, 0x33, 0x45, 0x63, 0x45, 0x33, 0x38, 0x37, 0x37, 0x38, 0x33, 0x45, 0x63, 0x45, 0x33, 0x38, 0x37, 0x37, 0x38,
    0x33, 0x45, 0x63, 0x45, 0x33, 0x38, 0x37, 0x37, 0x38, 0x33, 0x45, 0x63, 0x45, 0x33, 0x38, 0x37, 0x37, 0x38, 0x33, 0x45, 0x63, 0x45, 0x33, 0x38,
    0x37, 0x37, 0x35, 0x3B, 0x8F, 0x98, 0x96, 0x96, 0x96, 0x96, 0x96, 0x96, 0x96, 0x96, 0x96, 0x96, 0x96, 0x96, 0x96, 0x96, 0x96, 0x96, 0x96, 0x96,
    0x96, 0x96, 0x96, 0x96, 0x96, 0x96, 0x96, 0x96, 0x96, 0x96, 0x96, 0x96, 0x96, 0x96, 0x96, 0x96, 0x96, 0x96, 0x96, 0x96, 0x96, 0x96, 0x96, 0x96,
    0x96, 0x96, 0x96, 0x96, 0x96, 0x96, 0x96, 0x96, 0x96, 0x96, 0x96, 0x96, 0x96, 0x96, 0x96, 0x96, 0x96, 0x96, 0x96, 0x96, 0x96, 0x96, 0x96, 0x96,
    0x96, 0x96, 0x95, 0x9A, 0x64, 0x5D, 0x46, 0x33, 0x38, 0x37, 0x37, 0x38, 0x33, 0x45, 0x63, 0x45, 0x33, 0x38, 0x37, 0x37, 0x38, 0x33, 0x45, 0x63,
    0x45, 0x33, 0x38, 0x37, 0x37, 0x38, 0x33, 0x45, 0x63, 0x45, 0x33, 0x38, 0x37, 0x37, 0x38, 0x33, 0x45, 0x63, 0x45, 0x33, 0x38, 0x37, 0x37, 0x38,
    0x33, 0x45, 0x63, 0x45, 0x33, 0x38, 0x37, 0x37, 0x38, 0x33, 0x45, 0x63, 0x45, 0x33, 0x38, 0x37, 0x37, 0x38, 0x33, 0x45, 0x63, 0x45, 0x33, 0x38,
    0x37, 0x37, 0x38, 0x33, 0x45, 0x63, 0x45, 0x33, 0x38, 0x37, 0x37, 0x38, 0x33, 0x45, 0x63, 0x45, 0x33, 0x38, 0x37, 0x37, 0x38, 0x33, 0x45, 0x63,
    0x45, 0x33, 0x38, 0x37, 0x37, 0x38, 0x33, 0x45, 0x63, 0x45, 0x33, 0x38, 0x37, 0x37, 0x38, 0x33, 0x45, 0x63, 0x45, 0x33, 0x38, 0x37, 0x37, 0x38,
    0x33, 0x45, 0x63, 0x45, 0x33, 0x38, 0x37, 0x37, 0x38, 0x33, 0x45, 0x63, 0x45, 0x33, 0x38, 0x37, 0x37, 0x38, 0x33, 0x45, 0x63, 0x45, 0x33, 0x38,
    0x37, 0x37, 0x38, 0x33, 0x45, 0x63, 0x45, 0x33, 0x38, 0x37, 0x37, 0x38, 0x33, 0x45, 0x63, 0x45, 0x33, 0x38, 0x37, 0x37, 0x38, 0x33, 0x45, 0x63,
    0x45, 0x33, 0x38, 0x37, 0x37, 0x38, 0x33, 0x45, 0x63, 0x45, 0x33, 0x38, 0x37, 0x37, 0x38, 0x33, 0x45, 0x63, 0x45, 0x33, 0x38, 0x37, 0x37, 0x38,
    0x33, 0x45, 0x63, 0x45, 0x33, 0x38, 0x37, 0x37, 0x38, 0x33, 0x45, 0x63, 0x45, 0x33, 0x38, 0x37, 0x37, 0x38, 0x33, 0x45, 0x63, 0x46, 0x30, 0x4B,
    0x60, 0x3B, 0x32, 0x4B, 0x52, 0x33, 0x34, 0x54, 0x47, 0x33, 0x3A, 0x53, 0x6F, 0x8A, 0x49, 0x53, 0x2E, 0x22, 0x3C, 0x52, 0x24, 0x29, 0x2A, 0x20,
    0x78, 0xA8, 0x9C, 0xAA, 0x35, 0x00, 0x02, 0x00, 0x00, 0x01, 0x00, 0x0A, 0x96, 0xA2, 0xA1, 0x99, 0x2F, 0x26, 0x29, 0x28, 0x28, 0x28, 0x28, 0x28,
    0x27, 0x2D, 0x7E, 0x7D, 0x4A, 0x61, 0x46, 0x33, 0x38, 0x37, 0x37, 0x38, 0x33, 0x45, 0x63, 0x45, 0x33, 0x38, 0x37, 0x37, 0x38, 0x33, 0x45, 0x63,
    0x45, 0x33, 0x38, 0x37, 0x37, 0x38, 0x33, 0x45, 0x63, 0x45, 0x33, 0x38, 0x37, 0x37, 0x38, 0x33, 0x45, 0x63, 0x45, 0x33, 0x38, 0x37, 0x37, 0x38,
    0x33, 0x45, 0x63, 0x45, 0x33, 0x38, 0x37, 0x37, 0x38, 0x33, 0x45, 0x63, 0x45, 0x33, 0x38, 0x37, 0x37, 0x38, 0x33, 0x45, 0x63, 0x45, 0x33, 0x38,
    0x37, 0x37, 0x38, 0x33, 0x45, 0x63, 0x45, 0x33, 0x38, 0x37, 0x37, 0x38, 0x33, 0x45, 0x63, 0x45, 0x33, 0x38, 0x37, 0x37, 0x38, 0x33, 0x45, 0x63,
    0x45, 0x33, 0x38, 0x37, 0x37, 0x38, 0x33, 0x45, 0x63, 0x45, 0x33, 0x38, 0x37, 0x37, 0x38, 0x33, 0x45, 0x63, 0x45, 0x33, 0x38, 0x37, 0x37, 0x38,
    0x33, 0x45, 0x63, 0x45, 0x33, 0x38, 0x37, 0x37, 0x38, 0x33, 0x45, 0x63, 0x45, 0x33, 0x38, 0x37, 0x37, 0x38, 0x33, 0x45, 0x63, 0x45, 0x33, 0x38,
    0x37, 0x37, 0x38, 0x33, 0x45, 0x63, 0x45, 0x33, 0x38, 0x37, 0x37, 0x38, 0x33, 0x45, 0x63, 0x45, 0x33, 0x38, 0x37, 0x37, 0x38, 0x33, 0x45, 0x63,
    0x45, 0x33, 0x38, 0x37, 0x37, 0x38, 0x33, 0x45, 0x63, 0x45, 0x33, 0x38, 0x37, 0x37, 0x38, 0x33, 0x45, 0x63, 0x45, 0x33, 0x38, 0x37, 0x37, 0x38,
    0x33, 0x45, 0x63, 0x45, 0x33, 0x38, 0x37, 0x37, 0x38, 0x33, 0x45, 0x63, 0x45, 0x33, 0x38, 0x37, 0x37, 0x38, 0x33, 0x45, 0x63, 0x45, 0x33, 0x38,
    0x37, 0x37, 0x38, 0x33, 0x45, 0x63, 0x45, 0x33, 0x38, 0x37, 0x35, 0x3E, 0x92, 0x97, 0x96, 0x96, 0x96, 0x96, 0x96, 0x96, 0x96, 0x96, 0x96, 0x96,
    0x96, 0x96, 0x96, 0x96, 0x96, 0x96, 0x96, 0x96, 0x96, 0x96, 0x96, 0x96, 0x96, 0x96, 0x96, 0x96, 0x96, 0x96, 0x96, 0x96, 0x96, 0x96, 0x96, 0x96,
    0x96, 0x96, 0x96, 0x96, 0x96, 0x96, 0x96, 0x96, 0x96, 0x96, 0x96, 0x96, 0x96, 0x96, 0x96, 0x96, 0x96, 0x96, 0x96, 0x96, 0x96, 0x96, 0x96, 0x96,
    0x96, 0x96, 0x96, 0x96, 0x96, 0x96, 0x96, 0x96, 0x96, 0x96, 0x95, 0x9D, 0x55, 0x3F, 0x65, 0x45, 0x33, 0x38, 0x37, 0x37, 0x38, 0x33, 0x45, 0x63,
    0x45, 0x33, 0x38, 0x37, 0x37, 0x38, 0x33, 0x45, 0x63, 0x45, 0x33, 0x38, 0x37, 0x37, 0x38, 0x33, 0x45, 0x63, 0x45, 0x33, 0x38, 0x37, 0x37, 0x38,
    0x33, 0x45, 0x63, 0x45, 0x33, 0x38, 0x37, 0x37, 0x38, 0x33, 0x45, 0x63, 0x45, 0x33, 0x38, 0x37, 0x37, 0x38, 0x33, 0x45, 0x63, 0x45, 0x33, 0x38,
    0x37, 0x37, 0x38, 0x33, 0x45, 0x63, 0x45, 0x33, 0x38, 0x37, 0x37, 0x38, 0x33, 0x45, 0x63, 0x45, 0x33, 0x38, 0x37, 0x37, 0x38, 0x33, 0x45, 0x63,
    0x45, 0x33, 0x38, 0x37, 0x37, 0x38, 0x33, 0x45, 0x63, 0x45, 0x33, 0x38, 0x37, 0x37, 0x38, 0x33, 0x45, 0x63, 0x45, 0x33, 0x38, 0x37, 0x37, 0x38,
    0x33, 0x45, 0x63, 0x45, 0x33, 0x38, 0x37, 0x37, 0x38, 0x33, 0x45, 0x63, 0x45, 0x33, 0x38, 0x37, 0x37, 0x38, 0x33, 0x45, 0x63, 0x45, 0x33, 0x38,
    0x37, 0x37, 0x38, 0x33, 0x45, 0x63, 0x45, 0x33, 0x38, 0x37, 0x37, 0x38, 0x33, 0x45, 0x63, 0x45, 0x33, 0x38, 0x37, 0x37, 0x38, 0x33, 0x45, 0x63,
    0x45, 0x33, 0x38, 0x37, 0x37, 0x38, 0x33, 0x45, 0x63, 0x45, 0x33, 0x38, 0x37, 0x37, 0x38, 0x33, 0x45, 0x63, 0x45, 0x33, 0x38, 0x37, 0x37, 0x38,
    0x33, 0x45, 0x63, 0x45, 0x33, 0x38, 0x37, 0x37, 0x38, 0x33, 0x45, 0x63, 0x45, 0x33, 0x38, 0x37, 0x37, 0x38, 0x33, 0x45, 0x63, 0x45, 0x33, 0x38,
    0x37, 0x37, 0x38, 0x33, 0x45, 0x63, 0x45, 0x31, 0x54, 0x58, 0x34, 0x38, 0x58, 0x3F, 0x33, 0x45, 0x53, 0x34, 0x35, 0x4F, 0x79, 0x88, 0x4C, 0x4D,
    0x2C, 0x22, 0x4A, 0x45, 0x24, 0x29, 0x2A, 0x20, 0x78, 0xA8, 0x9C, 0xAA, 0x35, 0x00, 0x02, 0x00, 0x00, 0x01, 0x00, 0x0A, 0x96, 0xA2, 0xA1, 0x99,
    0x2F, 0x26, 0x29, 0x28, 0x28, 0x28, 0x28, 0x28, 0x27, 0x2D, 0x7E, 0x7F, 0x38, 0x44, 0x63, 0x45, 0x33, 0x38, 0x37, 0x37, 0x38, 0x33, 0x45, 0x63,
    0x45, 0x33, 0x38, 0x37, 0x37, 0x38, 0x33, 0x45, 0x63, 0x45, 0x33, 0x38, 0x37, 0x37, 0x38, 0x33, 0x45, 0x63, 0x45, 0x33, 0x38, 0x37, 0x37, 0x38,
    0x33, 0x45, 0x63, 0x45, 0x33, 0x38, 0x37, 0x37, 0x38, 0x33, 0x45, 0x63, 0x45, 0x33, 0x38, 0x37, 0x37, 0x38, 0x33, 0x45, 0x63, 0x45, 0x33, 0x38,
    0x37, 0x37, 0x38, 0x33, 0x45, 0x63, 0x45, 0x33, 0x38, 0x37, 0x37, 0x38, 0x33, 0x45, 0x63, 0x45, 0x33, 0x38, 0x37, 0x37, 0x38, 0x33, 0x45, 0x63,
    0x45, 0x33, 0x38, 0x37, 0x37, 0x38, 0x33, 0x45, 0x63, 0x45, 0x33, 0x38, 0x37, 0x37, 0x38, 0x33, 0x45, 0x63, 0x45, 0x33, 0x38, 0x37, 0x37, 0x38,
    0x33, 0x45, 0x63, 0x45, 0x33, 0x38, 0x37, 0x37, 0x38, 0x33, 0x45, 0x63, 0x45, 0x33, 0x38, 0x37, 0x37, 0x38, 0x33, 0x45, 0x63, 0x45, 0x33, 0x38,
    0x37, 0x37, 0x38, 0x33, 0x45, 0x63, 0x45, 0x33, 0x38, 0x37, 0x37, 0x38, 0x33, 0x45, 0x63, 0x45, 0x33, 0x38, 0x37, 0x37, 0x38, 0x33, 0x45, 0x63,
    0x45, 0x33, 0x38, 0x37, 0x37, 0x38, 0x33, 0x45, 0x63, 0x45, 0x33, 0x38, 0x37, 0x37, 0x38, 0x33, 0x45, 0x63, 0x45, 0x33, 0x38, 0x37, 0x37, 0x38,
    0x33, 0x45, 0x63, 0x45, 0x33, 0x38, 0x37, 0x37, 0x38, 0x33, 0x45, 0x63, 0x45, 0x33, 0x38, 0x37, 0x37, 0x38, 0x33, 0x45, 0x63, 0x45, 0x33, 0x38,
    0x37, 0x37, 0x38, 0x33, 0x45, 0x63, 0x45, 0x33, 0x38, 0x37, 0x37, 0x38, 0x33, 0x45, 0x63, 0x45, 0x33, 0x38, 0x37, 0x35, 0x7F, 0x9B, 0x94, 0x96,
    0x96, 0x96, 0x96, 0x96, 0x96, 0x96, 0x96, 0x96, 0x96, 0x96, 0x96, 0x96, 0x96, 0x96, 0x96, 0x96, 0x96, 0x96, 0x96, 0x96, 0x96, 0x96, 0x96, 0x96,
    0x96, 0x96, 0x96, 0x96, 0x96, 0x96, 0x96, 0x96, 0x96, 0x96, 0x96, 0x96, 0x96, 0x96, 0x96, 0x96, 0x96, 0x96, 0x96, 0x96, 0x96, 0x96, 0x96, 0x96,
    0x96, 0x96, 0x96, 0x96, 0x96, 0x96, 0x96, 0x96, 0x96, 0x96, 0x96, 0x96, 0x96, 0x96, 0x96, 0x96, 0x96, 0x96, 0x96, 0x95, 0x45, 0x31, 0x46, 0x63,
    0x45, 0x33, 0x38, 0x37, 0x37, 0x38, 0x33, 0x45, 0x63, 0x45, 0x33, 0x38, 0x37, 0x37, 0x38, 0x33, 0x45, 0x63, 0x45, 0x33, 0x38, 0x37, 0x37, 0x38,
    0x33, 0x45, 0x63, 0x45, 0x33, 0x38, 0x37, 0x37, 0x38, 0x33, 0x45, 0x63, 0x45, 0x33, 0x38, 0x37, 0x37, 0x38, 0x33, 0x45, 0x63, 0x45, 0x33, 0x38,
    0x37, 0x37, 0x38, 0x33, 0x45, 0x63, 0x45, 0x33, 0x38, 0x37, 0x37, 0x38, 0x33, 0x45, 0x63, 0x45, 0x33, 0x38, 0x37, 0x37, 0x38, 0x33, 0x45, 0x63,
    0x45, 0x33, 0x38, 0x37, 0x37, 0x38, 0x33, 0x45, 0x63, 0x45, 0x33, 0x38, 0x37, 0x37, 0x38, 0x33, 0x45, 0x63, 0x45, 0x33, 0x38, 0x37, 0x37, 0x38,
    0x33, 0x45, 0x63, 0x45, 0x33, 0x38, 0x37, 0x37, 0x38, 0x33, 0x45, 0x63, 0x45, 0x33, 0x38, 0x37, 0x37, 0x38, 0x33, 0x45, 0x63, 0x45, 0x33, 0x38,
    0x37, 0x37, 0x38, 0x33, 0x45, 0x63, 0x45, 0x33, 0x38, 0x37, 0x37, 0x38, 0x33, 0x45, 0x63, 0x45, 0x33, 0x38, 0x37, 0x37, 0x38, 0x33, 0x45, 0x63,
    0x45, 0x33, 0x38, 0x37, 0x37, 0x38, 0x33, 0x45, 0x63, 0x45, 0x33, 0x38, 0x37, 0x37, 0x38, 0x33, 0x45, 0x63, 0x45, 0x33, 0x38, 0x37, 0x37, 0x38,
    0x33, 0x45, 0x63, 0x45, 0x33, 0x38, 0x37, 0x37, 0x38, 0x33, 0x45, 0x63, 0x45, 0x33, 0x38, 0x37, 0x37, 0x38, 0x33, 0x45, 0x63, 0x45, 0x33, 0x38,
    0x37, 0x37, 0x38, 0x33, 0x45, 0x63, 0x45, 0x33, 0x38, 0x37, 0x37, 0x38, 0x33, 0x45, 0x63, 0x45, 0x32, 0x5D, 0x52, 0x31, 0x44, 0x56, 0x35, 0x38,
    0x58, 0x3E, 0x34, 0x4F, 0x78, 0x85, 0x5A, 0x49, 0x24, 0x29, 0x57, 0x31, 0x26, 0x28, 0x2A, 0x20, 0x78, 0xA8, 0x9C, 0xAA, 0x35, 0x00, 0x02, 0x00,
    0x00, 0x01, 0x00, 0x0A, 0x96, 0xA2, 0xA1, 0x99, 0x2F, 0x26, 0x29, 0x28, 0x28, 0x28, 0x28, 0x28, 0x27, 0x2D, 0x7E, 0x7F, 0x3C, 0x32, 0x45, 0x63,
    0x45, 0x33, 0x38, 0x37, 0x37, 0x38, 0x33, 0x45, 0x63, 0x45, 0x33, 0x38, 0x37, 0x37, 0x38, 0x33, 0x45, 0x63, 0x45, 0x33, 0x38, 0x37, 0x37, 0x38,
    0x33, 0x45, 0x63, 0x45, 0x33, 0x38, 0x37, 0x37, 0x38, 0x33, 0x45, 0x63, 0x45, 0x33, 0x38, 0x37, 0x37, 0x38, 0x33, 0x45, 0x63, 0x45, 0x33, 0x38,
    0x37, 0x37, 0x38, 0x33, 0x45, 0x63, 0x45, 0x33, 0x38, 0x37, 0x37, 0x38, 0x33, 0x45, 0x63, 0x45, 0x33, 0x38, 0x37, 0x37, 0x38, 0x33, 0x45, 0x63,
    0x45, 0x33, 0x38, 0x37, 0x37, 0x38, 0x33, 0x45, 0x63, 0x45, 0x33, 0x38, 0x37, 0x37, 0x38, 0x33, 0x45, 0x63, 0x45, 0x33, 0x38, 0x37, 0x37, 0x38,
    0x33, 0x45, 0x63, 0x45, 0x33, 0x38, 0x37, 0x37, 0x38, 0x33, 0x45, 0x63, 0x45, 0x33, 0x38, 0x37, 0x37, 0x38, 0x33, 0x45, 0x63, 0x45, 0x33, 0x38,
    0x37, 0x37, 0x38, 0x33, 0x45, 0x63, 0x45, 0x33, 0x38, 0x37, 0x37, 0x38, 0x33, 0x45, 0x63, 0x45, 0x33, 0x38, 0x37, 0x37, 0x38, 0x33, 0x45, 0x63,
    0x45, 0x33, 0x38, 0x37, 0x37, 0x38, 0x33, 0x45, 0x63, 0x45, 0x33, 0x38, 0x37, 0x37, 0x38, 0x33, 0x45, 0x63, 0x45, 0x33, 0x38, 0x37, 0x37, 0x38,
    0x33, 0x45, 0x63, 0x45, 0x33, 0x38, 0x37, 0x37, 0x38, 0x33, 0x45, 0x63, 0x45, 0x33, 0x38, 0x37, 0x37, 0x38, 0x33, 0x45, 0x63, 0x45, 0x33, 0x38,
    0x37, 0x37, 0x38, 0x33, 0x45, 0x63, 0x45, 0x33, 0x38, 0x37, 0x37, 0x38, 0x33, 0x45, 0x63, 0x45, 0x33, 0x38, 0x37, 0x37, 0x38, 0x33, 0x45, 0x63,
    0x45, 0x33, 0x39, 0x32, 0x4D, 0x9B, 0x9A, 0x94, 0x95, 0x95, 0x95, 0x95, 0x95, 0x95, 0x95, 0x95, 0x95, 0x95, 0x95, 0x95, 0x95, 0x95, 0x95, 0x95,
    0x95, 0x95, 0x95, 0x95, 0x95, 0x95, 0x95, 0x95, 0x95, 0x95, 0x95, 0x95, 0x95, 0x95, 0x95, 0x95, 0x95, 0x95, 0x95, 0x95, 0x95, 0x95, 0x95, 0x95,
    0x95, 0x95, 0x95, 0x95, 0x95, 0x95, 0x95, 0x95, 0x95, 0x95, 0x95, 0x95, 0x95, 0x95, 0x95, 0x95, 0x95, 0x95, 0x95, 0x95, 0x95, 0x95, 0x95, 0x95,
    0x94, 0x96, 0xA1, 0x6B, 0x30, 0x39, 0x33, 0x45, 0x63, 0x45, 0x33, 0x38, 0x37, 0x37, 0x38, 0x33, 0x45, 0x63, 0x45, 0x33, 0x38, 0x37, 0x37, 0x38,
    0x33, 0x45, 0x63, 0x45, 0x33, 0x38, 0x37, 0x37, 0x38, 0x33, 0x45, 0x63, 0x45, 0x33, 0x38, 0x37, 0x37, 0x38, 0x33, 0x45, 0x63, 0x45, 0x33, 0x38,
    0x37, 0x37, 0x38, 0x33, 0x45, 0x63, 0x45, 0x33, 0x38, 0x37, 0x37, 0x38, 0x33, 0x45, 0x63, 0x45, 0x33, 0x38, 0x37, 0x37, 0x38, 0x33, 0x45, 0x63,
    0x45, 0x33, 0x38, 0x37, 0x37, 0x38, 0x33, 0x45, 0x63, 0x45, 0x33, 0x38, 0x37, 0x37, 0x38, 0x33, 0x45, 0x63, 0x45, 0x33, 0x38, 0x37, 0x37, 0x38,
    0x33, 0x45, 0x63, 0x45, 0x33, 0x38, 0x37, 0x37, 0x38, 0x33, 0x45, 0x63, 0x45, 0x33, 0x38, 0x37, 0x37, 0x38, 0x33, 0x45, 0x63, 0x45, 0x33, 0x38,
    0x37, 0x37, 0x38, 0x33, 0x45, 0x63, 0x45, 0x33, 0x38, 0x37, 0x37, 0x38, 0x33, 0x45, 0x63, 0x45, 0x33, 0x38, 0x37, 0x37, 0x38, 0x33, 0x45, 0x63,
    0x45, 0x33, 0x38, 0x37, 0x37, 0x38, 0x33, 0x45, 0x63, 0x45, 0x33, 0x38, 0x37, 0x37, 0x38, 0x33, 0x45, 0x63, 0x45, 0x33, 0x38, 0x37, 0x37, 0x38,
    0x33, 0x45, 0x63, 0x45, 0x33, 0x38, 0x37, 0x37, 0x38, 0x33, 0x45, 0x63, 0x45, 0x33, 0x38, 0x37, 0x37, 0x38, 0x33, 0x45, 0x63, 0x45, 0x33, 0x38,
    0x37, 0x37, 0x38, 0x33, 0x45, 0x63, 0x45, 0x33, 0x38, 0x37, 0x37, 0x38, 0x33, 0x45, 0x63, 0x45, 0x33, 0x38, 0x37, 0x37, 0x38, 0x33, 0x45, 0x63,
    0x44, 0x38, 0x63, 0x47, 0x32, 0x57, 0x44, 0x31, 0x51, 0x4D, 0x32, 0x44, 0x78, 0x85, 0x5B, 0x4B, 0x23, 0x32, 0x57, 0x28, 0x28, 0x28, 0x2A, 0x20,
    0x78, 0xA8, 0x9C, 0xAA, 0x35, 0x00, 0x02, 0x00, 0x00, 0x01, 0x00, 0x0A, 0x96, 0xA2, 0xA1, 0x99, 0x2F, 0x26, 0x29, 0x28, 0x28, 0x28, 0x28, 0x28,
    0x27, 0x2D, 0x7E, 0x7F, 0x3B, 0x36, 0x34, 0x45, 0x63, 0x45, 0x33, 0x38, 0x37, 0x37, 0x38, 0x33, 0x45, 0x63, 0x45, 0x33, 0x38, 0x37, 0x37, 0x38,
    0x33, 0x45, 0x63, 0x45, 0x33, 0x38, 0x37, 0x37, 0x38, 0x33, 0x45, 0x63, 0x45, 0x33, 0x38, 0x37, 0x37, 0x38, 0x33, 0x45, 0x63, 0x45, 0x33, 0x38,
    0x37, 0x37, 0x38, 0x33, 0x45, 0x63, 0x45, 0x33, 0x38, 0x37, 0x37, 0x38, 0x33, 0x45, 0x63, 0x45, 0x33, 0x38, 0x37, 0x37, 0x38, 0x33, 0x45, 0x63,
    0x45, 0x33, 0x38, 0x37, 0x37, 0x38, 0x33, 0x45, 0x63, 0x45, 0x33, 0x38, 0x37, 0x37, 0x38, 0x33, 0x45, 0x63, 0x45, 0x33, 0x38, 0x37, 0x37, 0x38,
    0x33, 0x45, 0x63, 0x45, 0x33, 0x38, 0x37, 0x37, 0x38, 0x33, 0x45, 0x63, 0x45, 0x33, 0x38, 0x37, 0x37, 0x38, 0x33, 0x45, 0x63, 0x45, 0x33, 0x38,
    0x37, 0x37, 0x38, 0x33, 0x45, 0x63, 0x45, 0x33, 0x38, 0x37, 0x37, 0x38, 0x33, 0x45, 0x63, 0x45, 0x33, 0x38, 0x37, 0x37, 0x38, 0x33, 0x45, 0x63,
    0x45, 0x33, 0x38, 0x37, 0x37, 0x38, 0x33, 0x45, 0x63, 0x45, 0x33, 0x38, 0x37, 0x37, 0x38, 0x33, 0x45, 0x63, 0x45, 0x33, 0x38, 0x37, 0x37, 0x38,
    0x33, 0x45, 0x63, 0x45, 0x33, 0x38, 0x37, 0x37, 0x38, 0x33, 0x45, 0x63, 0x45, 0x33, 0x38, 0x37, 0x37, 0x38, 0x33, 0x45, 0x63, 0x45, 0x33, 0x38,
    0x37, 0x37, 0x38, 0x33, 0x45, 0x63, 0x45, 0x33, 0x38, 0x37, 0x37, 0x38, 0x33, 0x45, 0x63, 0x45, 0x33, 0x38, 0x37, 0x37, 0x38, 0x33, 0x45, 0x63,
    0x45, 0x33, 0x38, 0x37, 0x37, 0x38, 0x33, 0x45, 0x63, 0x45, 0x33, 0x39, 0x32, 0x56, 0x8C, 0x9C, 0x9C, 0x9C, 0x99, 0x9A, 0x9D, 0x9C, 0x9C, 0x9C,
    0x9C, 0x9C, 0x9C, 0x99, 0x9A, 0x9D, 0x9C, 0x9C, 0x9C, 0x9C, 0x9C, 0x9C, 0x99, 0x9A, 0x9D, 0x9C, 0x9C, 0x9C, 0x9C, 0x9C, 0x9C, 0x99, 0x9A, 0x9D,
    0x9C, 0x9C, 0x9C, 0x9C, 0x9C, 0x9C, 0x99, 0x9A, 0x9D, 0x9C, 0x9C, 0x9C, 0x9C, 0x9C, 0x9C, 0x99, 0x9A, 0x9D, 0x9C, 0x9C, 0x9C, 0x9C, 0x9C, 0x9C,
    0x99, 0x9A, 0x9D, 0x9C, 0x9C, 0x9C, 0x9C, 0x9C, 0x9D, 0x95, 0x6A, 0x36, 0x37, 0x37, 0x38, 0x33, 0x45, 0x63, 0x45, 0x33, 0x38, 0x37, 0x37, 0x38,
    0x33, 0x45, 0x63, 0x45, 0x33, 0x38, 0x37, 0x37, 0x38, 0x33, 0x45, 0x63, 0x45, 0x33, 0x38, 0x37, 0x37, 0x38, 0x33, 0x45, 0x63, 0x45, 0x33, 0x38,
    0x37, 0x37, 0x38, 0x33, 0x45, 0x63, 0x45, 0x33, 0x38, 0x37, 0x37, 0x38, 0x33, 0x45, 0x63, 0x45, 0x33, 0x38, 0x37, 0x37, 0x38, 0x33, 0x45, 0x63,
    0x45, 0x33, 0x38, 0x37, 0x37, 0x38, 0x33, 0x45, 0x63, 0x45, 0x33, 0x38, 0x37, 0x37, 0x38, 0x33, 0x45, 0x63, 0x45, 0x33, 0x38, 0x37, 0x37, 0x38,
    0x33, 0x45, 0x63, 0x45, 0x33, 0x38, 0x37, 0x37, 0x38, 0x33, 0x45, 0x63, 0x45, 0x33, 0x38, 0x37, 0x37, 0x38, 0x33, 0x45, 0x63, 0x45, 0x33, 0x38,
    0x37, 0x37, 0x38, 0x33, 0x45, 0x63, 0x45, 0x33, 0x38, 0x37, 0x37, 0x38, 0x33, 0x45, 0x63, 0x45, 0x33, 0x38, 0x37, 0x37, 0x38, 0x33, 0x45, 0x63,
    0x45, 0x33, 0x38, 0x37, 0x37, 0x38, 0x33, 0x45, 0x63, 0x45, 0x33, 0x38, 0x37, 0x37, 0x38, 0x33, 0x45, 0x63, 0x45, 0x33, 0x38, 0x37, 0x37, 0x38,
    0x33, 0x45, 0x63, 0x45, 0x33, 0x38, 0x37, 0x37, 0x38, 0x33, 0x45, 0x63, 0x45, 0x33, 0x38, 0x37, 0x37, 0x38, 0x33, 0x45, 0x63, 0x45, 0x33, 0x38,
    0x37, 0x37, 0x38, 0x33, 0x45, 0x63, 0x45, 0x33, 0x38, 0x37, 0x37, 0x38, 0x33, 0x45, 0x63, 0x45, 0x33, 0x38, 0x37, 0x37, 0x38, 0x33, 0x45, 0x63,
    0x45, 0x33, 0x38, 0x37, 0x37, 0x38, 0x33, 0x45, 0x63, 0x43, 0x42, 0x63, 0x3E, 0x3C, 0x5A, 0x35, 0x42, 0x58, 0x33, 0x43, 0x79, 0x85, 0x5B, 0x4B,
    0x21, 0x46, 0x4A, 0x24, 0x29, 0x28, 0x2A, 0x20, 0x78, 0xA8, 0x9C, 0xAA, 0x35, 0x00, 0x02, 0x00, 0x00, 0x01, 0x00, 0x0A, 0x96, 0xA2, 0xA1, 0x99,
    0x2F, 0x26, 0x29, 0x28, 0x28, 0x28, 0x28, 0x28, 0x27, 0x2D, 0x7E, 0x7F, 0x3B, 0x36, 0x38, 0x33, 0x45, 0x63, 0x45, 0x33, 0x38, 0x37, 0x37, 0x38,
    0x33, 0x45, 0x63, 0x45, 0x33, 0x38, 0x37, 0x37, 0x38, 0x33, 0x45, 0x63, 0x45, 0x33, 0x38, 0x37, 0x37, 0x38, 0x33, 0x45, 0x63, 0x45, 0x33, 0x38,
    0x37, 0x37, 0x38, 0x33, 0x45, 0x63, 0x45, 0x33, 0x38, 0x37, 0x37, 0x38, 0x33, 0x45, 0x63, 0x45, 0x33, 0x38, 0x37, 0x37, 0x38, 0x33, 0x45, 0x63,
    0x45, 0x33, 0x38, 0x37, 0x37, 0x38, 0x33, 0x45, 0x63, 0x45, 0x33, 0x38, 0x37, 0x37, 0x38, 0x33, 0x45, 0x63, 0x45, 0x33, 0x38, 0x37, 0x37, 0x38,
    0x33, 0x45, 0x63, 0x45, 0x33, 0x38, 0x37, 0x37, 0x38, 0x33, 0x45, 0x63, 0x45, 0x33, 0x38, 0x37, 0x37, 0x38, 0x33, 0x45, 0x63, 0x45, 0x33, 0x38,
    0x37, 0x37, 0x38, 0x33, 0x45, 0x63, 0x45, 0x33, 0x38, 0x37, 0x37, 0x38, 0x33, 0x45, 0x63, 0x45, 0x33, 0x38, 0x37, 0x37, 0x38, 0x33, 0x45, 0x63,
    0x45, 0x33, 0x38, 0x37, 0x37, 0x38, 0x33, 0x45, 0x63, 0x45, 0x33, 0x38, 0x37, 0x37, 0x38, 0x33, 0x45, 0x63, 0x45, 0x33, 0x38, 0x37, 0x37, 0x38,
    0x33, 0x45, 0x63, 0x45, 0x33, 0x38, 0x37, 0x37, 0x38, 0x33, 0x45, 0x63, 0x45, 0x33, 0x38, 0x37, 0x37, 0x38, 0x33, 0x45, 0x63, 0x45, 0x33, 0x38,
    0x37, 0x37, 0x38, 0x33, 0x45, 0x63, 0x45, 0x33, 0x38, 0x37, 0x37, 0x38, 0x33, 0x45, 0x63, 0x45, 0x33, 0x38, 0x37, 0x37, 0x38, 0x33, 0x45, 0x63,
    0x45, 0x33, 0x38, 0x37, 0x37, 0x38, 0x33, 0x45, 0x63, 0x45, 0x33, 0x38, 0x37, 0x37, 0x38, 0x33, 0x45, 0x63, 0x45, 0x33, 0x39, 0x31, 0x3A, 0x56,
    0x56, 0x5B, 0x74, 0x65, 0x53, 0x58, 0x57, 0x57, 0x57, 0x55, 0x5B, 0x74, 0x65, 0x53, 0x58, 0x57, 0x57, 0x57, 0x55, 0x5B, 0x74, 0x65, 0x53, 0x58,
    0x57, 0x57, 0x57, 0x55, 0x5B, 0x74, 0x65, 0x53, 0x58, 0x57, 0x57, 0x57, 0x55, 0x5B, 0x74, 0x65, 0x53, 0x58, 0x57, 0x57, 0x57, 0x55, 0x5B, 0x74,
    0x65, 0x53, 0x58, 0x57, 0x57, 0x57, 0x55, 0x5B, 0x74, 0x65, 0x53, 0x58, 0x57, 0x57, 0x57, 0x55, 0x5C, 0x69, 0x3F, 0x33, 0x38, 0x37, 0x37, 0x38,
    0x33, 0x45, 0x63, 0x45, 0x33, 0x38, 0x37, 0x37, 0x38, 0x33, 0x45, 0x63, 0x45, 0x33, 0x38, 0x37, 0x37, 0x38, 0x33, 0x45, 0x63, 0x45, 0x33, 0x38,
    0x37, 0x37, 0x38, 0x33, 0x45, 0x63, 0x45, 0x33, 0x38, 0x37, 0x37, 0x38, 0x33, 0x45, 0x63, 0x45, 0x33, 0x38, 0x37, 0x37, 0x38, 0x33, 0x45, 0x63,
    0x45, 0x33, 0x38, 0x37, 0x37, 0x38, 0x33, 0x45, 0x63, 0x45, 0x33, 0x38, 0x37, 0x37, 0x38, 0x33, 0x45, 0x63, 0x45, 0x33, 0x38, 0x37, 0x37, 0x38,
    0x33, 0x45, 0x63, 0x45, 0x33, 0x38, 0x37, 0x37, 0x38, 0x33, 0x45, 0x63, 0x45, 0x33, 0x38, 0x37, 0x37, 0x38, 0x33, 0x45, 0x63, 0x45, 0x33, 0x38,
    0x37, 0x37, 0x38, 0x33, 0x45, 0x63, 0x45, 0x33, 0x38, 0x37, 0x37, 0x38, 0x33, 0x45, 0x63, 0x45, 0x33, 0x38, 0x37, 0x37, 0x38, 0x33, 0x45, 0x63,
    0x45, 0x33, 0x38, 0x37, 0x37, 0x38, 0x33, 0x45, 0x63, 0x45, 0x33, 0x38, 0x37, 0x37, 0x38, 0x33, 0x45, 0x63, 0x45, 0x33, 0x38, 0x37, 0x37, 0x38,
    0x33, 0x45, 0x63, 0x45, 0x33, 0x38, 0x37, 0x37, 0x38, 0x33, 0x45, 0x63, 0x45, 0x33, 0x38, 0x37, 0x37, 0x38, 0x33, 0x45, 0x63, 0x45, 0x33, 0x38,
    0x37, 0x37, 0x38, 0x33, 0x45, 0x63, 0x45, 0x33, 0x38, 0x37, 0x37, 0x38, 0x33, 0x45, 0x63, 0x45, 0x33, 0x38, 0x37, 0x37, 0x38, 0x33, 0x45, 0x63,
    0x45, 0x33, 0x38, 0x37, 0x37, 0x38, 0x33, 0x45, 0x63, 0x45, 0x33, 0x38, 0x37, 0x37, 0x38, 0x33, 0x45, 0x64, 0x41, 0x4B, 0x60, 0x35, 0x51, 0x4B,
    0x33, 0x5A, 0x3D, 0x39, 0x76, 0x86, 0x5A, 0x4C, 0x21, 0x53, 0x3C, 0x24, 0x29, 0x28, 0x2A, 0x20, 0x78, 0xA8, 0x9C, 0xAA, 0x35, 0x00, 0x02, 0x00,
    0x00, 0x01, 0x00, 0x0A, 0x96, 0xA2, 0xA1, 0x99, 0x2F, 0x26, 0x29, 0x28, 0x28, 0x28, 0x28, 0x28, 0x27, 0x2D, 0x7E, 0x7F, 0x3B, 0x36, 0x37, 0x38,
    0x33, 0x45, 0x63, 0x45, 0x33, 0x38, 0x37, 0x37, 0x38, 0x33, 0x45, 0x63, 0x45, 0x33, 0x38, 0x37, 0x37, 0x38, 0x33, 0x45, 0x63, 0x45, 0x33, 0x38,
    0x37, 0x37, 0x38, 0x33, 0x45, 0x63, 0x45, 0x33, 0x38, 0x37, 0x37, 0x38, 0x33, 0x45, 0x63, 0x45, 0x33, 0x38, 0x37, 0x37, 0x38, 0x33, 0x45, 0x63,
    0x45, 0x33, 0x38, 0x37, 0x37, 0x38, 0x33, 0x45, 0x63, 0x45, 0x33, 0x38, 0x37, 0x37, 0x38, 0x33, 0x45, 0x63, 0x45, 0x33, 0x38, 0x37, 0x37, 0x38,
    0x33, 0x45, 0x63, 0x45, 0x33, 0x38, 0x37, 0x37, 0x38, 0x33, 0x45, 0x63, 0x45, 0x33, 0x38, 0x37, 0x37, 0x38, 0x33, 0x45, 0x63, 0x45, 0x33, 0x38,
    0x37, 0x37, 0x38, 0x33, 0x45, 0x63, 0x45, 0x33, 0x38, 0x37, 0x37, 0x38, 0x33, 0x45, 0x63, 0x45, 0x33, 0x38, 0x37, 0x37, 0x38, 0x33, 0x45, 0x63,
    0x45, 0x33, 0x38, 0x37, 0x37, 0x38, 0x33, 0x45, 0x63, 0x45, 0x33, 0x38, 0x37, 0x37, 0x38, 0x33, 0x45, 0x63, 0x45, 0x33, 0x38, 0x37, 0x37, 0x38,
    0x33, 0x45, 0x63, 0x45, 0x33, 0x38, 0x37, 0x37, 0x38, 0x33, 0x45, 0x63, 0x45, 0x33, 0x38, 0x37, 0x37, 0x38, 0x33, 0x45, 0x63, 0x45, 0x33, 0x38,
    0x37, 0x37, 0x38, 0x33, 0x45, 0x63, 0x45, 0x33, 0x38, 0x37, 0x37, 0x38, 0x33, 0x45, 0x63, 0x45, 0x33, 0x38, 0x37, 0x37, 0x38, 0x33, 0x45, 0x63,
    0x45, 0x33, 0x38, 0x37, 0x37, 0x38, 0x33, 0x45, 0x63, 0x45, 0x33, 0x38, 0x37, 0x37, 0x38, 0x33, 0x45, 0x63, 0x45, 0x33, 0x38, 0x37, 0x37, 0x38,
    0x33, 0x45, 0x63, 0x45, 0x33, 0x39, 0x36, 0x31, 0x31, 0x2F, 0x42, 0x5C, 0x3F, 0x2D, 0x32, 0x31, 0x31, 0x31, 0x2F, 0x42, 0x5C, 0x3F, 0x2D, 0x32,
    0x31, 0x31, 0x31, 0x2F, 0x42, 0x5C, 0x3F, 0x2D, 0x32, 0x31, 0x31, 0x31, 0x2F, 0x42, 0x5C, 0x3F, 0x2D, 0x32, 0x31, 0x31, 0x31, 0x2F, 0x42, 0x5C,
    0x3F, 0x2D, 0x32, 0x31, 0x31, 0x31, 0x2F, 0x42, 0x5C, 0x3F, 0x2D, 0x32, 0x31, 0x31, 0x31, 0x2F, 0x42, 0x5C, 0x3F, 0x2D, 0x32, 0x31, 0x31, 0x31,
    0x2F, 0x44, 0x64, 0x45, 0x33, 0x38, 0x37, 0x37, 0x38, 0x33, 0x45, 0x63, 0x45, 0x33, 0x38, 0x37, 0x37, 0x38, 0x33, 0x45, 0x63, 0x45, 0x33, 0x38,
    0x37, 0x37, 0x38, 0x33, 0x45, 0x63, 0x45, 0x33, 0x38, 0x37, 0x37, 0x38, 0x33, 0x45, 0x63, 0x45, 0x33, 0x38, 0x37, 0x37, 0x38, 0x33, 0x45, 0x63,
    0x45, 0x33, 0x38, 0x37, 0x37, 0x38, 0x33, 0x45, 0x63, 0x45, 0x33, 0x38, 0x37, 0x37, 0x38, 0x33, 0x45, 0x63, 0x45, 0x33, 0x38, 0x37, 0x37, 0x38,
    0x33, 0x45, 0x63, 0x45, 0x33, 0x38, 0x37, 0x37, 0x38, 0x33, 0x45, 0x63, 0x45, 0x33, 0x38, 0x37, 0x37, 0x38, 0x33, 0x45, 0x63, 0x45, 0x33, 0x38,
    0x37, 0x37, 0x38, 0x33, 0x45, 0x63, 0x45, 0x33, 0x38, 0x37, 0x37, 0x38, 0x33, 0x45, 0x63, 0x45, 0x33, 0x38, 0x37, 0x37, 0x38, 0x33, 0x45, 0x63,
    0x45, 0x33, 0x38, 0x37, 0x37, 0x38, 0x33, 0x45, 0x63, 0x45, 0x33, 0x38, 0x37, 0x37, 0x38, 0x33, 0x45, 0x63, 0x45, 0x33, 0x38, 0x37, 0x37, 0x38,
    0x33, 0x45, 0x63, 0x45, 0x33, 0x38, 0x37, 0x37, 0x38, 0x33, 0x45, 0x63, 0x45, 0x33, 0x38, 0x37, 0x37, 0x38, 0x33, 0x45, 0x63, 0x45, 0x33, 0x38,
    0x37, 0x37, 0x38, 0x33, 0x45, 0x63, 0x45, 0x33, 0x38, 0x37, 0x37, 0x38, 0x33, 0x45, 0x63, 0x45, 0x33, 0x38, 0x37, 0x37, 0x38, 0x33, 0x45, 0x63,
    0x45, 0x33, 0x38, 0x37, 0x37, 0x38, 0x33, 0x45, 0x63, 0x45, 0x33, 0x38, 0x37, 0x37, 0x38, 0x33, 0x45, 0x63, 0x45, 0x33, 0x38, 0x37, 0x37, 0x38,
    0x33, 0x45, 0x63, 0x43, 0x52, 0x55, 0x39, 0x59, 0x38, 0x4B, 0x4C, 0x33, 0x74, 0x86, 0x61, 0x3D, 0x2A, 0x57, 0x2D, 0x27, 0x28, 0x28, 0x2A, 0x20,
    0x78, 0xA8, 0x9C, 0xAA, 0x35, 0x00, 0x02, 0x00, 0x00, 0x01, 0x00, 0x0A, 0x96, 0xA2, 0xA1, 0x99, 0x2F, 0x26, 0x29, 0x28, 0x28, 0x28, 0x28, 0x28,
    0x26, 0x32, 0x80, 0x7E, 0x39, 0x36, 0x37, 0x37, 0x38, 0x33, 0x45, 0x63, 0x45, 0x33, 0x38, 0x37, 0x37, 0x38, 0x33, 0x45, 0x63, 0x45, 0x33, 0x38,
    0x37, 0x37, 0x38, 0x33, 0x45, 0x63, 0x45, 0x33, 0x38, 0x37, 0x37, 0x38, 0x33, 0x45, 0x63, 0x45, 0x33, 0x38, 0x37, 0x37, 0x38, 0x33, 0x45, 0x63,
    0x45, 0x33, 0x38, 0x37, 0x37, 0x38, 0x33, 0x45, 0x63, 0x45, 0x33, 0x38, 0x37, 0x37, 0x38, 0x33, 0x45, 0x63, 0x45, 0x33, 0x38, 0x37, 0x37, 0x38,
    0x33, 0x45, 0x63, 0x45, 0x33, 0x38, 0x37, 0x37, 0x38, 0x33, 0x45, 0x63, 0x45, 0x33, 0x38, 0x37, 0x37, 0x38, 0x33, 0x45, 0x63, 0x45, 0x33, 0x38,
    0x37, 0x37, 0x38, 0x33, 0x45, 0x63, 0x45, 0x33, 0x38, 0x37, 0x37, 0x38, 0x33, 0x45, 0x63, 0x45, 0x33, 0x38, 0x37, 0x37, 0x38, 0x33, 0x45, 0x63,
    0x45, 0x33, 0x38, 0x37, 0x37, 0x38, 0x33, 0x45, 0x63, 0x45, 0x33, 0x38, 0x37, 0x37, 0x38, 0x33, 0x45, 0x63, 0x45, 0x33, 0x38, 0x37, 0x37, 0x38,
    0x33, 0x45, 0x63, 0x45, 0x33, 0x38, 0x37, 0x37, 0x38, 0x33, 0x45, 0x63, 0x45, 0x33, 0x38, 0x37, 0x37, 0x38, 0x33, 0x45, 0x63, 0x45, 0x33, 0x38,
    0x37, 0x37, 0x38, 0x33, 0x45, 0x63, 0x45, 0x33, 0x38, 0x37, 0x37, 0x38, 0x33, 0x45, 0x63, 0x45, 0x33, 0x38, 0x37, 0x37, 0x38, 0x33, 0x45, 0x63,
    0x45, 0x33, 0x38, 0x37, 0x37, 0x38, 0x33, 0x45, 0x63, 0x45, 0x33, 0x38, 0x37, 0x37, 0x38, 0x33, 0x45, 0x63, 0x45, 0x33, 0x38, 0x37, 0x37, 0x38,
    0x33, 0x45, 0x63, 0x45, 0x33, 0x38, 0x37, 0x37, 0x38, 0x33, 0x45, 0x63, 0x45, 0x33, 0x38, 0x38, 0x38, 0x39, 0x34, 0x47, 0x64, 0x47, 0x35, 0x39,
    0x38, 0x38, 0x39, 0x34, 0x47, 0x64, 0x47, 0x35, 0x39, 0x38, 0x38, 0x39, 0x34, 0x47, 0x64, 0x47, 0x35, 0x39, 0x38, 0x38, 0x39, 0x34, 0x47, 0x64,
    0x47, 0x35, 0x39, 0x38, 0x38, 0x39, 0x34, 0x47, 0x64, 0x47, 0x35, 0x39, 0x38, 0x38, 0x39, 0x34, 0x47, 0x64, 0x47, 0x35, 0x39, 0x38, 0x38, 0x39,
    0x34, 0x47, 0x64, 0x47, 0x35, 0x39, 0x38, 0x38, 0x39, 0x34, 0x45, 0x63, 0x45, 0x33, 0x38, 0x37, 0x37, 0x38, 0x33, 0x45, 0x63, 0x45, 0x33, 0x38,
    0x37, 0x37, 0x38, 0x33, 0x45, 0x63, 0x45, 0x33, 0x38, 0x37, 0x37, 0x38, 0x33, 0x45, 0x63, 0x45, 0x33, 0x38, 0x37, 0x37, 0x38, 0x33, 0x45, 0x63,
    0x45, 0x33, 0x38, 0x37, 0x37, 0x38, 0x33, 0x45, 0x63, 0x45, 0x33, 0x38, 0x37, 0x37, 0x38, 0x33, 0x45, 0x63, 0x45, 0x33, 0x38, 0x37, 0x37, 0x38,
    0x33, 0x45, 0x63, 0x45, 0x33, 0x38, 0x37, 0x37, 0x38, 0x33, 0x45, 0x63, 0x45, 0x33, 0x38, 0x37, 0x37, 0x38, 0x33, 0x45, 0x63, 0x45, 0x33, 0x38,
    0x37, 0x37, 0x38, 0x33, 0x45, 0x63, 0x45, 0x33, 0x38, 0x37, 0x37, 0x38, 0x33, 0x45, 0x63, 0x45, 0x33, 0x38, 0x37, 0x37, 0x38, 0x33, 0x45, 0x63,
    0x45, 0x33, 0x38, 0x37, 0x37, 0x38, 0x33, 0x45, 0x63, 0x45, 0x33, 0x38, 0x37, 0x37, 0x38, 0x33, 0x45, 0x63, 0x45, 0x33, 0x38, 0x37, 0x37, 0x38,
    0x33, 0x45, 0x63, 0x45, 0x33, 0x38, 0x37, 0x37, 0x38, 0x33, 0x45, 0x63, 0x45, 0x33, 0x38, 0x37, 0x37, 0x38, 0x33, 0x45, 0x63, 0x45, 0x33, 0x38,
    0x37, 0x37, 0x38, 0x33, 0x45, 0x63, 0x45, 0x33, 0x38, 0x37, 0x37, 0x38, 0x33, 0x45, 0x63, 0x45, 0x33, 0x38, 0x37, 0x37, 0x38, 0x33, 0x45, 0x63,
    0x45, 0x33, 0x38, 0x37, 0x37, 0x38, 0x33, 0x45, 0x63, 0x45, 0x33, 0x38, 0x37, 0x37, 0x38, 0x33, 0x45, 0x63, 0x45, 0x33, 0x38, 0x37, 0x37, 0x38,
    0x33, 0x45, 0x63, 0x45, 0x33, 0x38, 0x37, 0x37, 0x38, 0x33, 0x46, 0x62, 0x47, 0x5C, 0x4B, 0x46, 0x51, 0x3A, 0x5A, 0x36, 0x70, 0x87, 0x6F, 0x33,
    0x39, 0x53, 0x24, 0x29, 0x28, 0x28, 0x2A, 0x20, 0x78, 0xA8, 0x9C, 0xAA, 0x35, 0x00, 0x02, 0x00, 0x00, 0x01, 0x00, 0x0A, 0x96, 0xA2, 0xA1, 0x99,
    0x2F, 0x26, 0x29, 0x28, 0x28, 0x28, 0x28, 0x28, 0x27, 0x2D, 0x7D, 0x82, 0x47, 0x33, 0x38, 0x37, 0x37, 0x38, 0x33, 0x45, 0x63, 0x45, 0x33, 0x38,
    0x37, 0x37, 0x38, 0x33, 0x45, 0x63, 0x45, 0x33, 0x38, 0x37, 0x37, 0x38, 0x33, 0x45, 0x63, 0x45, 0x33, 0x38, 0x37, 0x37, 0x38, 0x33, 0x45, 0x63,
    0x45, 0x33, 0x38, 0x37, 0x37, 0x38, 0x33, 0x45, 0x63, 0x45, 0x33, 0x38, 0x37, 0x37, 0x38, 0x33, 0x45, 0x63, 0x45, 0x33, 0x38, 0x37, 0x37, 0x38,
    0x33, 0x45, 0x63, 0x45, 0x33, 0x38, 0x37, 0x37, 0x38, 0x33, 0x45, 0x63, 0x45, 0x33, 0x38, 0x37, 0x37, 0x38, 0x33, 0x45, 0x63, 0x45, 0x33, 0x38,
    0x37, 0x37, 0x38, 0x33, 0x45, 0x63, 0x45, 0x33, 0x38, 0x37, 0x37, 0x38, 0x33, 0x45, 0x63, 0x45, 0x33, 0x38, 0x37, 0x37, 0x38, 0x33, 0x45, 0x63,
    0x45, 0x33, 0x38, 0x37, 0x37, 0x38, 0x33, 0x45, 0x63, 0x45, 0x33, 0x38, 0x37, 0x37, 0x38, 0x33, 0x45, 0x63, 0x45, 0x33, 0x38, 0x37, 0x37, 0x38,
    0x33, 0x45, 0x63, 0x45, 0x33, 0x38, 0x37, 0x37, 0x38, 0x33, 0x45, 0x63, 0x45, 0x33, 0x38, 0x37, 0x37, 0x38, 0x33, 0x45, 0x63, 0x45, 0x33, 0x38,
    0x37, 0x37, 0x38, 0x33, 0x45, 0x63, 0x45, 0x33, 0x38, 0x37, 0x37, 0x38, 0x33, 0x45, 0x63, 0x45, 0x33, 0x38, 0x37, 0x37, 0x38, 0x33, 0x45, 0x63,
    0x45, 0x33, 0x38, 0x37, 0x37, 0x38, 0x33, 0x45, 0x63, 0x45, 0x33, 0x38, 0x37, 0x37, 0x38, 0x33, 0x45, 0x63, 0x45, 0x33, 0x38, 0x37, 0x37, 0x38,
    0x33, 0x45, 0x63, 0x45, 0x33, 0x38, 0x37, 0x37, 0x38, 0x33, 0x45, 0x63, 0x45, 0x33, 0x38, 0x37, 0x37, 0x38, 0x33, 0x45, 0x63, 0x45, 0x33, 0x38,
    0x37, 0x37, 0x38, 0x33, 0x45, 0x63, 0x45, 0x33, 0x38, 0x37, 0x37, 0x38, 0x33, 0x45, 0x63, 0x45, 0x33, 0x38, 0x37, 0x37, 0x38, 0x33, 0x45, 0x63,
    0x45, 0x33, 0x38, 0x37, 0x37, 0x38, 0x33, 0x45, 0x63, 0x45, 0x33, 0x38, 0x37, 0x37, 0x38, 0x33, 0x45, 0x63, 0x45, 0x33, 0x38, 0x37, 0x37, 0x38,
    0x33, 0x45, 0x63, 0x45, 0x33, 0x38, 0x37, 0x37, 0x38, 0x33, 0x45, 0x63, 0x45, 0x33, 0x38, 0x37, 0x37, 0x38, 0x33, 0x45, 0x63, 0x45, 0x33, 0x38,
    0x37, 0x37, 0x38, 0x33, 0x45, 0x63, 0x45, 0x33, 0x38, 0x37, 0x37, 0x38, 0x33, 0x45, 0x63, 0x45, 0x33, 0x38, 0x37, 0x37, 0x38, 0x33, 0x45, 0x63,
    0x45, 0x33, 0x38, 0x37, 0x37, 0x38, 0x33, 0x45, 0x63, 0x45, 0x33, 0x38, 0x37, 0x37, 0x38, 0x33, 0x45, 0x63, 0x45, 0x33, 0x38, 0x37, 0x37, 0x38,
    0x33, 0x45, 0x63, 0x45, 0x33, 0x38, 0x37, 0x37, 0x38, 0x33, 0x45, 0x63, 0x45, 0x33, 0x38, 0x37, 0x37, 0x38, 0x33, 0x45, 0x63, 0x45, 0x33, 0x38,
    0x37, 0x37, 0x38, 0x33, 0x45, 0x63, 0x45, 0x33, 0x38, 0x37, 0x37, 0x38, 0x33, 0x45, 0x63, 0x45, 0x33, 0x38, 0x37, 0x37, 0x38, 0x33, 0x45, 0x63,
    0x45, 0x33, 0x38, 0x37, 0x37, 0x38, 0x33, 0x45, 0x63, 0x45, 0x33, 0x38, 0x37, 0x37, 0x38, 0x33, 0x45, 0x63, 0x45, 0x33, 0x38, 0x37, 0x37, 0x38,
    0x33, 0x45, 0x63, 0x45, 0x33, 0x38, 0x37, 0x37, 0x38, 0x33, 0x45, 0x63, 0x45, 0x33, 0x38, 0x37, 0x37, 0x38, 0x33, 0x45, 0x63, 0x45, 0x33, 0x38,
    0x37, 0x37, 0x38, 0x33, 0x45, 0x63, 0x45, 0x33, 0x38, 0x37, 0x37, 0x38, 0x33, 0x45, 0x63, 0x45, 0x33, 0x38, 0x37, 0x37, 0x38, 0x33, 0x45, 0x63,
    0x45, 0x33, 0x38, 0x37, 0x37, 0x38, 0x33, 0x45, 0x63, 0x45, 0x33, 0x38, 0x37, 0x37, 0x38, 0x33, 0x45, 0x63, 0x45, 0x33, 0x38, 0x37, 0x37, 0x38,
    0x33, 0x45, 0x63, 0x45, 0x33, 0x38, 0x37, 0x37, 0x38, 0x33, 0x45, 0x63, 0x45, 0x33, 0x38, 0x37, 0x37, 0x38, 0x33, 0x46, 0x60, 0x4E, 0x5F, 0x46,
    0x56, 0x3D, 0x56, 0x3D, 0x65, 0x89, 0x6E, 0x34, 0x47, 0x46, 0x24, 0x29, 0x28, 0x28, 0x2A, 0x20, 0x78, 0xA8, 0x9C, 0xAA, 0x35, 0x00, 0x02, 0x00,
    0x00, 0x01, 0x00, 0x0A, 0x96, 0xA2, 0xA1, 0x99, 0x2F, 0x26, 0x29, 0x28, 0x28, 0x28, 0x28, 0x28, 0x27, 0x2D, 0x7D, 0x81, 0x63, 0x45, 0x34, 0x38,
    0x37, 0x37, 0x38, 0x33, 0x45, 0x63, 0x45, 0x33, 0x38, 0x37, 0x37, 0x38, 0x33, 0x45, 0x63, 0x45, 0x33, 0x38, 0x37, 0x37, 0x38, 0x33, 0x45, 0x63,
    0x45, 0x33, 0x38, 0x37, 0x37, 0x38, 0x33, 0x45, 0x63, 0x45, 0x33, 0x38, 0x37, 0x37, 0x38, 0x33, 0x45, 0x63, 0x45, 0x33, 0x38, 0x37, 0x37, 0x38,
    0x33, 0x45, 0x63, 0x45, 0x33, 0x38, 0x37, 0x37, 0x38, 0x33, 0x45, 0x63, 0x45, 0x33, 0x38, 0x37, 0x37, 0x38, 0x33, 0x45, 0x63, 0x45, 0x33, 0x38,
    0x37, 0x37, 0x38, 0x33, 0x45, 0x63, 0x45, 0x33, 0x38, 0x37, 0x37, 0x38, 0x33, 0x45, 0x63, 0x45, 0x33, 0x38, 0x37, 0x37, 0x38, 0x33, 0x45, 0x63,
    0x45, 0x33, 0x38, 0x37, 0x37, 0x38, 0x33, 0x45, 0x63, 0x45, 0x33, 0x38, 0x37, 0x37, 0x38, 0x33, 0x45, 0x63, 0x45, 0x33, 0x38, 0x37, 0x37, 0x38,
    0x33, 0x45, 0x63, 0x45, 0x33, 0x38, 0x37, 0x37, 0x38, 0x33, 0x45, 0x63, 0x45, 0x33, 0x38, 0x37, 0x37, 0x38, 0x33, 0x45, 0x63, 0x45, 0x33, 0x38,
    0x37, 0x37, 0x38, 0x33, 0x45, 0x63, 0x45, 0x33, 0x38, 0x37, 0x37, 0x38, 0x33, 0x45, 0x63, 0x45, 0x33, 0x38, 0x37, 0x37, 0x38, 0x33, 0x45, 0x63,
    0x45, 0x33, 0x38, 0x37, 0x37, 0x38, 0x33, 0x45, 0x63, 0x45, 0x33, 0x38, 0x37, 0x37, 0x38, 0x33, 0x45, 0x63, 0x45, 0x33, 0x38, 0x37, 0x37, 0x38,
    0x33, 0x45, 0x63, 0x45, 0x33, 0x38, 0x37, 0x37, 0x38, 0x33, 0x45, 0x63, 0x45, 0x33, 0x38, 0x37, 0x37, 0x38, 0x33, 0x45, 0x63, 0x45, 0x33, 0x38,
    0x37, 0x37, 0x38, 0x33, 0x45, 0x63, 0x45, 0x33, 0x38, 0x37, 0x37, 0x38, 0x33, 0x45, 0x63, 0x45, 0x33, 0x38, 0x37, 0x37, 0x38, 0x33, 0x45, 0x63,
    0x45, 0x33, 0x38, 0x37, 0x37, 0x38, 0x33, 0x45, 0x63, 0x45, 0x33, 0x38, 0x37, 0x37, 0x38, 0x33, 0x45, 0x63, 0x45, 0x33, 0x38, 0x37, 0x37, 0x38,
    0x33, 0x45, 0x63, 0x45, 0x33, 0x38, 0x37, 0x37, 0x38, 0x33, 0x45, 0x63, 0x45, 0x33, 0x38, 0x37, 0x37, 0x38, 0x33, 0x45, 0x63, 0x45, 0x33, 0x38,
    0x37, 0x37, 0x38, 0x33, 0x45, 0x63, 0x45, 0x33, 0x38, 0x37, 0x37, 0x38, 0x33, 0x45, 0x63, 0x45, 0x33, 0x38, 0x37, 0x37, 0x38, 0x33, 0x45, 0x63,
    0x45, 0x33, 0x38, 0x37, 0x37, 0x38, 0x33, 0x45, 0x63, 0x45, 0x33, 0x38, 0x37, 0x37, 0x38, 0x33, 0x45, 0x63, 0x45, 0x33, 0x38, 0x37, 0x37, 0x38,
    0x33, 0x45, 0x63, 0x45, 0x33, 0x38, 0x37, 0x37, 0x38, 0x33, 0x45, 0x63, 0x45, 0x33, 0x38, 0x37, 0x37, 0x38, 0x33, 0x45, 0x63, 0x45, 0x33, 0x38,
    0x37, 0x37, 0x38, 0x33, 0x45, 0x63, 0x45, 0x33, 0x38, 0x37, 0x37, 0x38, 0x33, 0x45, 0x63, 0x45, 0x33, 0x38, 0x37, 0x37, 0x38, 0x33, 0x45, 0x63,
    0x45, 0x33, 0x38, 0x37, 0x37, 0x38, 0x33, 0x45, 0x63, 0x45, 0x33, 0x38, 0x37, 0x37, 0x38, 0x33, 0x45, 0x63, 0x45, 0x33, 0x38, 0x37, 0x37, 0x38,
    0x33, 0x45, 0x63, 0x45, 0x33, 0x38, 0x37, 0x37, 0x38, 0x33, 0x45, 0x63, 0x45, 0x33, 0x38, 0x37, 0x37, 0x38, 0x33, 0x45, 0x63, 0x45, 0x33, 0x38,
    0x37, 0x37, 0x38, 0x33, 0x45, 0x63, 0x45, 0x33, 0x38, 0x37, 0x37, 0x38, 0x33, 0x45, 0x63, 0x45, 0x33, 0x38, 0x37, 0x37, 0x38, 0x33, 0x45, 0x63,
    0x45, 0x33, 0x38, 0x37, 0x37, 0x38, 0x33, 0x45, 0x63, 0x45, 0x33, 0x38, 0x37, 0x37, 0x38, 0x33, 0x45, 0x63, 0x45, 0x33, 0x38, 0x37, 0x37, 0x38,
    0x33, 0x45, 0x63, 0x45, 0x33, 0x38, 0x37, 0x37, 0x38, 0x33, 0x45, 0x63, 0x45, 0x33, 0x38, 0x37, 0x37, 0x38, 0x33, 0x45, 0x63, 0x45, 0x33, 0x38,
    0x37, 0x37, 0x38, 0x33, 0x46, 0x60, 0x55, 0x5B, 0x4A, 0x51, 0x4B, 0x4C, 0x65, 0x89, 0x6D, 0x39, 0x54, 0x32, 0x26, 0x28, 0x28, 0x28, 0x2A, 0x20,
    0x78, 0xA8, 0x9C, 0xAA, 0x35, 0x00, 0x02, 0x00, 0x00, 0x01, 0x00, 0x0A, 0x96, 0xA2, 0xA1, 0x99, 0x2F, 0x26, 0x29, 0x28, 0x28, 0x28, 0x28, 0x28,
    0x27, 0x2D, 0x7E, 0x7D, 0x4A, 0x61, 0x46, 0x33, 0x38, 0x37, 0x37, 0x38, 0x33, 0x45, 0x63, 0x45, 0x33, 0x38, 0x37, 0x37, 0x38, 0x33, 0x45, 0x63,
    0x45, 0x33, 0x38, 0x37, 0x37, 0x38, 0x33, 0x45, 0x63, 0x45, 0x33, 0x38, 0x37, 0x37, 0x38, 0x33, 0x45, 0x63, 0x45, 0x33, 0x38, 0x37, 0x37, 0x38,
    0x33, 0x45, 0x63, 0x45, 0x33, 0x38, 0x37, 0x37, 0x38, 0x33, 0x45, 0x63, 0x45, 0x33, 0x38, 0x37, 0x37, 0x38, 0x33, 0x45, 0x63, 0x45, 0x33, 0x38,
    0x37, 0x37, 0x38, 0x33, 0x45, 0x63, 0x45, 0x33, 0x38, 0x37, 0x37, 0x38, 0x33, 0x45, 0x63, 0x45, 0x33, 0x38, 0x37, 0x37, 0x38, 0x33, 0x45, 0x63,
    0x45, 0x33, 0x38, 0x37, 0x37, 0x38, 0x33, 0x45, 0x63, 0x45, 0x33, 0x38, 0x37, 0x37, 0x38, 0x33, 0x45, 0x63, 0x45, 0x33, 0x38, 0x37, 0x37, 0x38,
    0x33, 0x45, 0x63, 0x45, 0x33, 0x38, 0x37, 0x37, 0x38, 0x33, 0x45, 0x63, 0x45, 0x33, 0x38, 0x37, 0x37, 0x38, 0x33, 0x45, 0x63, 0x45, 0x33, 0x38,
    0x37, 0x37, 0x38, 0x33, 0x45, 0x63, 0x45, 0x33, 0x38, 0x37, 0x37, 0x38, 0x33, 0x45, 0x63, 0x45, 0x33, 0x38, 0x37, 0x37, 0x38, 0x33, 0x45, 0x63,
    0x45, 0x33, 0x38, 0x37, 0x37, 0x38, 0x33, 0x45, 0x63, 0x45, 0x33, 0x38, 0x37, 0x37, 0x38, 0x33, 0x45, 0x63, 0x45, 0x33, 0x38, 0x37, 0x37, 0x38,
    0x33, 0x45, 0x63, 0x45, 0x33, 0x38, 0x37, 0x37, 0x38, 0x33, 0x45, 0x63, 0x45, 0x33, 0x38, 0x37, 0x37, 0x38, 0x33, 0x45, 0x63, 0x45, 0x33, 0x38,
    0x37, 0x37, 0x38, 0x33, 0x45, 0x63, 0x45, 0x33, 0x38, 0x37, 0x37, 0x38, 0x33, 0x45, 0x63, 0x45, 0x33, 0x38, 0x37, 0x37, 0x38, 0x33, 0x45, 0x63,
    0x45, 0x33, 0x38, 0x37, 0x37, 0x38, 0x33, 0x45, 0x63, 0x45, 0x33, 0x38, 0x37, 0x37, 0x38, 0x33, 0x45, 0x63, 0x45, 0x33, 0x38, 0x37, 0x37, 0x38,
    0x33, 0x45, 0x63, 0x45, 0x33, 0x38, 0x37, 0x37, 0x38, 0x33, 0x45, 0x63, 0x45, 0x33, 0x38, 0x37, 0x37, 0x38, 0x33, 0x45, 0x63, 0x45, 0x33, 0x38,
    0x37, 0x37, 0x38, 0x33, 0x45, 0x63, 0x45, 0x33, 0x38, 0x37, 0x37, 0x38, 0x33, 0x45, 0x63, 0x45, 0x33, 0x38, 0x37, 0x37, 0x38, 0x33, 0x45, 0x63,
    0x45, 0x33, 0x38, 0x37, 0x37, 0x38, 0x33, 0x45, 0x63, 0x45, 0x33, 0x38, 0x37, 0x37, 0x38, 0x33, 0x45, 0x63, 0x45, 0x33, 0x38, 0x37, 0x37, 0x38,
    0x33, 0x45, 0x63, 0x45, 0x33, 0x38, 0x37, 0x37, 0x38, 0x33, 0x45, 0x63, 0x45, 0x33, 0x38, 0x37, 0x37, 0x38, 0x33, 0x45, 0x63, 0x45, 0x33, 0x38,
    0x37, 0x37, 0x38, 0x33, 0x45, 0x63, 0x45, 0x33, 0x38, 0x37, 0x37, 0x38, 0x33, 0x45, 0x63, 0x45, 0x33, 0x38, 0x37, 0x37, 0x38, 0x33, 0x45, 0x63,
    0x45, 0x33, 0x38, 0x37, 0x37, 0x38, 0x33, 0x45, 0x63, 0x45, 0x33, 0x38, 0x37, 0x37, 0x38, 0x33, 0x45, 0x63, 0x45, 0x33, 0x38, 0x37, 0x37, 0x38,
    0x33, 0x45, 0x63, 0x45, 0x33, 0x38, 0x37, 0x37, 0x38, 0x33, 0x45, 0x63, 0x45, 0x33, 0x38, 0x37, 0x37, 0x38, 0x33, 0x45, 0x63, 0x45, 0x33, 0x38,
    0x37, 0x37, 0x38, 0x33, 0x45, 0x63, 0x45, 0x33, 0x38, 0x37, 0x37, 0x38, 0x33, 0x45, 0x63, 0x45, 0x33, 0x38, 0x37, 0x37, 0x38, 0x33, 0x45, 0x63,
    0x45, 0x33, 0x38, 0x37, 0x37, 0x38, 0x33, 0x45, 0x63, 0x45, 0x33, 0x38, 0x37, 0x37, 0x38, 0x33, 0x45, 0x63, 0x45, 0x33, 0x38, 0x37, 0x37, 0x38,
    0x33, 0x45, 0x63, 0x45, 0x33, 0x38, 0x37, 0x37, 0x38, 0x33, 0x45, 0x63, 0x45, 0x33, 0x38, 0x37, 0x37, 0x38, 0x33, 0x45, 0x63, 0x45, 0x33, 0x38,
    0x37, 0x37, 0x38, 0x33, 0x45, 0x63, 0x45, 0x33, 0x38, 0x37, 0x37, 0x38, 0x33, 0x45, 0x5F, 0x60, 0x57, 0x55, 0x4B, 0x51, 0x69, 0x89, 0x6A, 0x40,
    0x54, 0x29, 0x28, 0x28, 0x28, 0x28, 0x2A, 0x20, 0x78, 0xA8, 0x9C, 0xAA, 0x35, 0x00, 0x02, 0x00, 0x00, 0x01, 0x00, 0x0A, 0x96, 0xA2, 0xA1, 0x99,
    0x2F, 0x26, 0x29, 0x28, 0x28, 0x28, 0x28, 0x28, 0x27, 0x2D, 0x7E, 0x7F, 0x38, 0x44, 0x63, 0x45, 0x33, 0x38, 0x37, 0x37, 0x38, 0x33, 0x45, 0x63,
    0x45, 0x33, 0x38, 0x37, 0x37, 0x38, 0x33, 0x45, 0x63, 0x45, 0x33, 0x38, 0x37, 0x37, 0x38, 0x33, 0x45, 0x63, 0x45, 0x33, 0x38, 0x37, 0x37, 0x38,
    0x33, 0x45, 0x63, 0x45, 0x33, 0x38, 0x37, 0x37, 0x38, 0x33, 0x45, 0x63, 0x45, 0x33, 0x38, 0x37, 0x37, 0x38, 0x33, 0x45, 0x63, 0x45, 0x33, 0x38,
    0x37, 0x37, 0x38, 0x33, 0x45, 0x63, 0x45, 0x33, 0x38, 0x37, 0x37, 0x38, 0x33, 0x45, 0x63, 0x45, 0x33, 0x38, 0x37, 0x37, 0x38, 0x33, 0x45, 0x63,
    0x45, 0x33, 0x38, 0x37, 0x37, 0x38, 0x33, 0x45, 0x63, 0x45, 0x33, 0x38, 0x37, 0x37, 0x38, 0x33, 0x45, 0x63, 0x45, 0x33, 0x38, 0x37, 0x37, 0x38,
    0x33, 0x45, 0x63, 0x45, 0x33, 0x38, 0x37, 0x37, 0x38, 0x33, 0x45, 0x63, 0x45, 0x33, 0x38, 0x37, 0x37, 0x38, 0x33, 0x45, 0x63, 0x45, 0x33, 0x38,
    0x37, 0x37, 0x38, 0x33, 0x45, 0x63, 0x45, 0x33, 0x38, 0x37, 0x37, 0x38, 0x33, 0x45, 0x63, 0x45, 0x33, 0x38, 0x37, 0x37, 0x38, 0x33, 0x45, 0x63,
    0x45, 0x33, 0x38, 0x37, 0x37, 0x38, 0x33, 0x45, 0x63, 0x45, 0x33, 0x38, 0x37, 0x37, 0x38, 0x33, 0x45, 0x63, 0x45, 0x33, 0x38, 0x37, 0x37, 0x38,
    0x33, 0x45, 0x63, 0x45, 0x33, 0x38, 0x37, 0x37, 0x38, 0x33, 0x45, 0x63, 0x45, 0x33, 0x38, 0x37, 0x37, 0x38, 0x33, 0x45, 0x63, 0x45, 0x33, 0x38,
    0x37, 0x37, 0x38, 0x33, 0x45, 0x63, 0x45, 0x33, 0x38, 0x37, 0x37, 0x38, 0x33, 0x45, 0x63, 0x45, 0x33, 0x38, 0x37, 0x37, 0x38, 0x33, 0x45, 0x63,
    0x45, 0x33, 0x38, 0x37, 0x37, 0x38, 0x33, 0x45, 0x63, 0x45, 0x33, 0x38, 0x37, 0x37, 0x38, 0x33, 0x45, 0x63, 0x45, 0x33, 0x38, 0x37, 0x37, 0x38,
    0x33, 0x45, 0x63, 0x45, 0x33, 0x38, 0x37, 0x37, 0x38, 0x33, 0x45, 0x63, 0x45, 0x33, 0x38, 0x37, 0x37, 0x38, 0x33, 0x45, 0x63, 0x45, 0x33, 0x38,
    0x37, 0x37, 0x38, 0x33, 0x45, 0x63, 0x45, 0x33, 0x38, 0x37, 0x37, 0x38, 0x33, 0x45, 0x63, 0x45, 0x33, 0x38, 0x37, 0x37, 0x38, 0x33, 0x45, 0x63,
    0x45, 0x33, 0x38, 0x37, 0x37, 0x38, 0x33, 0x45, 0x63, 0x45, 0x33, 0x38, 0x37, 0x37, 0x38, 0x33, 0x45, 0x63, 0x45, 0x33, 0x38, 0x37, 0x37, 0x38,
    0x33, 0x45, 0x63, 0x45, 0x33, 0x38, 0x37, 0x37, 0x38, 0x33, 0x45, 0x63, 0x45, 0x33, 0x38, 0x37, 0x37, 0x38, 0x33, 0x45, 0x63, 0x45, 0x33, 0x38,
    0x37, 0x37, 0x38, 0x33, 0x45, 0x63, 0x45, 0x33, 0x38, 0x37, 0x37, 0x38, 0x33, 0x45, 0x63, 0x45, 0x33, 0x38, 0x37, 0x37, 0x38, 0x33, 0x45, 0x63,
    0x45, 0x33, 0x38, 0x37, 0x37, 0x38, 0x33, 0x45, 0x63, 0x45, 0x33, 0x38, 0x37, 0x37, 0x38, 0x33, 0x45, 0x63, 0x45, 0x33, 0x38, 0x37, 0x37, 0x38,
    0x33, 0x45, 0x63, 0x45, 0x33, 0x38, 0x37, 0x37, 0x38, 0x33, 0x45, 0x63, 0x45, 0x33, 0x38, 0x37, 0x37, 0x38, 0x33, 0x45, 0x63, 0x45, 0x33, 0x38,
    0x37, 0x37, 0x38, 0x33, 0x45, 0x63, 0x45, 0x33, 0x38, 0x37, 0x37, 0x38, 0x33, 0x45, 0x63, 0x45, 0x33, 0x38, 0x37, 0x37, 0x38, 0x33, 0x45, 0x63,
    0x45, 0x33, 0x38, 0x37, 0x37, 0x38, 0x33, 0x45, 0x63, 0x45, 0x33, 0x38, 0x37, 0x37, 0x38, 0x33, 0x45, 0x63, 0x45, 0x33, 0x38, 0x37, 0x37, 0x38,
    0x33, 0x45, 0x63, 0x45, 0x33, 0x38, 0x37, 0x37, 0x38, 0x33, 0x45, 0x63, 0x45, 0x33, 0x38, 0x37, 0x37, 0x38, 0x33, 0x45, 0x63, 0x45, 0x33, 0x38,
    0x37, 0x37, 0x38, 0x33, 0x45, 0x63, 0x45, 0x33, 0x38, 0x37, 0x37, 0x38, 0x33, 0x45, 0x63, 0x45, 0x33, 0x38, 0x37, 0x37, 0x38, 0x33, 0x45, 0x61,
    0x60, 0x58, 0x55, 0x4F, 0x75, 0x88, 0x62, 0x47, 0x49, 0x24, 0x29, 0x28, 0x28, 0x28, 0x2A, 0x20, 0x78, 0xA8, 0x9C, 0xAA, 0x35, 0x00, 0x02, 0x00,
    0x00, 0x01, 0x00, 0x0A, 0x96, 0xA2, 0xA1, 0x99, 0x2F, 0x26, 0x29, 0x28, 0x28, 0x28, 0x28, 0x28, 0x27, 0x2E, 0x7F, 0x7E, 0x3C, 0x33, 0x45, 0x63,
    0x45, 0x33, 0x38, 0x37, 0x37, 0x38, 0x33, 0x45, 0x63, 0x45, 0x33, 0x38, 0x37, 0x37, 0x38, 0x33, 0x45, 0x63, 0x45, 0x33, 0x38, 0x37, 0x37, 0x38,
    0x33, 0x45, 0x63, 0x45, 0x33, 0x38, 0x37, 0x37, 0x38, 0x33, 0x45, 0x63, 0x45, 0x33, 0x38, 0x37, 0x37, 0x38, 0x33, 0x45, 0x63, 0x45, 0x33, 0x38,
    0x37, 0x37, 0x38, 0x33, 0x45, 0x63, 0x45, 0x33, 0x38, 0x37, 0x37, 0x38, 0x33, 0x45, 0x63, 0x45, 0x33, 0x38, 0x37, 0x37, 0x38, 0x33, 0x45, 0x63,
    0x45, 0x33, 0x38, 0x37, 0x37, 0x38, 0x33, 0x45, 0x63, 0x45, 0x33, 0x38, 0x37, 0x37, 0x38, 0x33, 0x45, 0x63, 0x45, 0x33, 0x38, 0x37, 0x37, 0x38,
    0x33, 0x45, 0x63, 0x45, 0x33, 0x38, 0x37, 0x37, 0x38, 0x33, 0x45, 0x63, 0x45, 0x33, 0x38, 0x37, 0x37, 0x38, 0x33, 0x45, 0x63, 0x45, 0x33, 0x38,
    0x37, 0x37, 0x38, 0x33, 0x45, 0x63, 0x45, 0x33, 0x38, 0x37, 0x37, 0x38, 0x33, 0x45, 0x63, 0x45, 0x33, 0x38, 0x37, 0x37, 0x38, 0x33, 0x45, 0x63,
    0x45, 0x33, 0x38, 0x37, 0x37, 0x38, 0x33, 0x45, 0x63, 0x45, 0x33, 0x38, 0x37, 0x37, 0x38, 0x33, 0x45, 0x63, 0x45, 0x33, 0x38, 0x37, 0x37, 0x38,
    0x33, 0x45, 0x63, 0x45, 0x33, 0x38, 0x37, 0x37, 0x38, 0x33, 0x45, 0x63, 0x45, 0x33, 0x38, 0x37, 0x37, 0x38, 0x33, 0x45, 0x63, 0x45, 0x33, 0x38,
    0x37, 0x37, 0x38, 0x33, 0x45, 0x63, 0x45, 0x33, 0x38, 0x37, 0x37, 0x38, 0x33, 0x45, 0x63, 0x45, 0x33, 0x38, 0x37, 0x37, 0x38, 0x33, 0x45, 0x63,
    0x45, 0x33, 0x38, 0x37, 0x37, 0x38, 0x33, 0x45, 0x63, 0x45, 0x33, 0x38, 0x37, 0x37, 0x38, 0x33, 0x45, 0x63, 0x45, 0x33, 0x38, 0x37, 0x37, 0x38,
    0x33, 0x45, 0x63, 0x45, 0x33, 0x38, 0x37, 0x37, 0x38, 0x33, 0x45, 0x63, 0x45, 0x33, 0x38, 0x37, 0x37, 0x38, 0x33, 0x45, 0x63, 0x45, 0x33, 0x38,
    0x37, 0x37, 0x38, 0x33, 0x45, 0x63, 0x45, 0x33, 0x38, 0x37, 0x37, 0x38, 0x33, 0x45, 0x63, 0x45, 0x33, 0x38, 0x37, 0x37, 0x38, 0x33, 0x45, 0x63,
    0x45, 0x33, 0x38, 0x37, 0x37, 0x38, 0x33, 0x45, 0x63, 0x45, 0x33, 0x38, 0x37, 0x37, 0x38, 0x33, 0x45, 0x63, 0x45, 0x33, 0x38, 0x37, 0x37, 0x38,
    0x33, 0x45, 0x63, 0x45, 0x33, 0x38, 0x37, 0x37, 0x38, 0x33, 0x45, 0x63, 0x45, 0x33, 0x38, 0x37, 0x37, 0x38, 0x33, 0x45, 0x63, 0x45, 0x33, 0x38,
    0x37, 0x37, 0x38, 0x33, 0x45, 0x63, 0x45, 0x33, 0x38, 0x37, 0x37, 0x38, 0x33, 0x45, 0x63, 0x45, 0x33, 0x38, 0x37, 0x37, 0x38, 0x33, 0x45, 0x63,
    0x45, 0x33, 0x38, 0x37, 0x37, 0x38, 0x33, 0x45, 0x63, 0x45, 0x33, 0x38, 0x37, 0x37, 0x38, 0x33, 0x45, 0x63, 0x45, 0x33, 0x38, 0x37, 0x37, 0x38,
    0x33, 0x45, 0x63, 0x45, 0x33, 0x38, 0x37, 0x37, 0x38, 0x33, 0x45, 0x63, 0x45, 0x33, 0x38, 0x37, 0x37, 0x38, 0x33, 0x45, 0x63, 0x45, 0x33, 0x38,
    0x37, 0x37, 0x38, 0x33, 0x45, 0x63, 0x45, 0x33, 0x38, 0x37, 0x37, 0x38, 0x33, 0x45, 0x63, 0x45, 0x33, 0x38, 0x37, 0x37, 0x38, 0x33, 0x45, 0x63,
    0x45, 0x33, 0x38, 0x37, 0x37, 0x38, 0x33, 0x45, 0x63, 0x45, 0x33, 0x38, 0x37, 0x37, 0x38, 0x33, 0x45, 0x63, 0x45, 0x33, 0x38, 0x37, 0x37, 0x38,
    0x33, 0x45, 0x63, 0x45, 0x33, 0x38, 0x37, 0x37, 0x38, 0x33, 0x45, 0x63, 0x45, 0x33, 0x38, 0x37, 0x37, 0x38, 0x33, 0x45, 0x63, 0x45, 0x33, 0x38,
    0x37, 0x37, 0x38, 0x33, 0x45, 0x63, 0x45, 0x33, 0x38, 0x37, 0x37, 0x38, 0x33, 0x45, 0x63, 0x45, 0x33, 0x38, 0x37, 0x37, 0x38, 0x33, 0x45, 0x63,
    0x45, 0x33, 0x38, 0x37, 0x37, 0x38, 0x33, 0x45, 0x61, 0x60, 0x60, 0x53, 0x75, 0x88, 0x63, 0x52, 0x3B, 0x24, 0x29, 0x28, 0x28, 0x28, 0x2A, 0x20,
    0x78, 0xA8, 0x9C, 0xAA, 0x35, 0x00, 0x02, 0x00, 0x00, 0x01, 0x00, 0x0A, 0x96, 0xA2, 0xA1, 0x99, 0x2F, 0x26, 0x29, 0x28, 0x28, 0x28, 0x28, 0x28,
    0x28, 0x2A, 0x76, 0x86, 0x46, 0x34, 0x35, 0x45, 0x63, 0x45, 0x33, 0x38, 0x37, 0x37, 0x38, 0x33, 0x45, 0x63, 0x45, 0x33, 0x38, 0x37, 0x37, 0x38,
    0x33, 0x45, 0x63, 0x45, 0x33, 0x38, 0x37, 0x37, 0x38, 0x33, 0x45, 0x63, 0x45, 0x33, 0x38, 0x37, 0x37, 0x38, 0x33, 0x45, 0x63, 0x45, 0x33, 0x38,
    0x37, 0x37, 0x38, 0x33, 0x45, 0x63, 0x45, 0x33, 0x38, 0x37, 0x37, 0x38, 0x33, 0x45, 0x63, 0x45, 0x33, 0x38, 0x37, 0x37, 0x38, 0x33, 0x45, 0x63,
    0x45, 0x33, 0x38, 0x37, 0x37, 0x38, 0x33, 0x45, 0x63, 0x45, 0x33, 0x38, 0x37, 0x37, 0x38, 0x33, 0x45, 0x63, 0x45, 0x33, 0x38, 0x37, 0x37, 0x38,
    0x33, 0x45, 0x63, 0x45, 0x33, 0x38, 0x37, 0x37, 0x38, 0x33, 0x45, 0x63, 0x45, 0x33, 0x38, 0x37, 0x37, 0x38, 0x33, 0x45, 0x63, 0x45, 0x33, 0x38,
    0x37, 0x37, 0x38, 0x33, 0x45, 0x63, 0x45, 0x33, 0x38, 0x37, 0x37, 0x38, 0x33, 0x45, 0x63, 0x45, 0x33, 0x38, 0x37, 0x37, 0x38, 0x33, 0x45, 0x63,
    0x45, 0x33, 0x38, 0x37, 0x37, 0x38, 0x33, 0x45, 0x63, 0x45, 0x33, 0x38, 0x37, 0x37, 0x38, 0x33, 0x45, 0x63, 0x45, 0x33, 0x38, 0x37, 0x37, 0x38,
    0x33, 0x45, 0x63, 0x45, 0x33, 0x38, 0x37, 0x37, 0x38, 0x33, 0x45, 0x63, 0x45, 0x33, 0x38, 0x37, 0x37, 0x38, 0x33, 0x45, 0x63, 0x45, 0x33, 0x38,
    0x37, 0x37, 0x38, 0x33, 0x45, 0x63, 0x45, 0x33, 0x38, 0x37, 0x37, 0x38, 0x33, 0x45, 0x63, 0x45, 0x33, 0x38, 0x37, 0x37, 0x38, 0x33, 0x45, 0x63,
    0x45, 0x33, 0x38, 0x37, 0x37, 0x38, 0x33, 0x45, 0x63, 0x45, 0x33, 0x38, 0x37, 0x37, 0x38, 0x33, 0x45, 0x63, 0x45, 0x33, 0x38, 0x37, 0x37, 0x38,
    0x33, 0x45, 0x63, 0x45, 0x33, 0x38, 0x37, 0x37, 0x38, 0x33, 0x45, 0x63, 0x45, 0x33, 0x38, 0x37, 0x37, 0x38, 0x33, 0x45, 0x63, 0x45, 0x33, 0x38,
    0x37, 0x37, 0x38, 0x33, 0x45, 0x63, 0x45, 0x33, 0x38, 0x37, 0x37, 0x38, 0x33, 0x45, 0x63, 0x45, 0x33, 0x38, 0x37, 0x37, 0x38, 0x33, 0x45, 0x63,
    0x45, 0x33, 0x38, 0x37, 0x37, 0x38, 0x33, 0x45, 0x63, 0x45, 0x33, 0x38, 0x37, 0x37, 0x38, 0x33, 0x45, 0x63, 0x45, 0x33, 0x38, 0x37, 0x37, 0x38,
    0x33, 0x45, 0x63, 0x45, 0x33, 0x38, 0x37, 0x37, 0x38, 0x33, 0x45, 0x63, 0x45, 0x33, 0x38, 0x37, 0x37, 0x38, 0x33, 0x45, 0x63, 0x45, 0x33, 0x38,
    0x37, 0x37, 0x38, 0x33, 0x45, 0x63, 0x45, 0x33, 0x38, 0x37, 0x37, 0x38, 0x33, 0x45, 0x63, 0x45, 0x33, 0x38, 0x37, 0x37, 0x38, 0x33, 0x45, 0x63,
    0x45, 0x33, 0x38, 0x37, 0x37, 0x38, 0x33, 0x45, 0x63, 0x45, 0x33, 0x38, 0x37, 0x37, 0x38, 0x33, 0x45, 0x63, 0x45, 0x33, 0x38, 0x37, 0x37, 0x38,
    0x33, 0x45, 0x63, 0x45, 0x33, 0x38, 0x37, 0x37, 0x38, 0x33, 0x45, 0x63, 0x45, 0x33, 0x38, 0x37, 0x37, 0x38, 0x33, 0x45, 0x63, 0x45, 0x33, 0x38,
    0x37, 0x37, 0x38, 0x33, 0x45, 0x63, 0x45, 0x33, 0x38, 0x37, 0x37, 0x38, 0x33, 0x45, 0x63, 0x45, 0x33, 0x38, 0x37, 0x37, 0x38, 0x33, 0x45, 0x63,
    0x45, 0x33, 0x38, 0x37, 0x37, 0x38, 0x33, 0x45, 0x63, 0x45, 0x33, 0x38, 0x37, 0x37, 0x38, 0x33, 0x45, 0x63, 0x45, 0x33, 0x38, 0x37, 0x37, 0x38,
    0x33, 0x45, 0x63, 0x45, 0x33, 0x38, 0x37, 0x37, 0x38, 0x33, 0x45, 0x63, 0x45, 0x33, 0x38, 0x37, 0x37, 0x38, 0x33, 0x45, 0x63, 0x45, 0x33, 0x38,
    0x37, 0x37, 0x38, 0x33, 0x45, 0x63, 0x45, 0x33, 0x38, 0x37, 0x37, 0x38, 0x33, 0x45, 0x63, 0x45, 0x33, 0x38, 0x37, 0x37, 0x38, 0x33, 0x45, 0x63,
    0x45, 0x33, 0x38, 0x37, 0x37, 0x38, 0x33, 0x45, 0x63, 0x45, 0x33, 0x38, 0x37, 0x37, 0x38, 0x33, 0x45, 0x61, 0x60, 0x5C, 0x7A, 0x85, 0x68, 0x58,
    0x2D, 0x27, 0x28, 0x28, 0x28, 0x28, 0x2A, 0x20, 0x78, 0xA8, 0x9C, 0xAA, 0x35, 0x00, 0x02, 0x00, 0x00, 0x01, 0x00, 0x0A, 0x95, 0xA2, 0xA1, 0x99,
    0x2F, 0x26, 0x29, 0x28, 0x28, 0x28, 0x28, 0x28, 0x29, 0x21, 0x58, 0x8F, 0x67, 0x33, 0x36, 0x35, 0x46, 0x64, 0x46, 0x34, 0x39, 0x38, 0x38, 0x39,
    0x34, 0x46, 0x64, 0x46, 0x34, 0x39, 0x38, 0x38, 0x39, 0x34, 0x46, 0x64, 0x46, 0x34, 0x39, 0x38, 0x38, 0x39, 0x34, 0x46, 0x64, 0x46, 0x34, 0x39,
    0x38, 0x38, 0x39, 0x34, 0x46, 0x64, 0x46, 0x34, 0x39, 0x38, 0x38, 0x39, 0x34, 0x46, 0x64, 0x46, 0x34, 0x39, 0x38, 0x38, 0x39, 0x34, 0x46, 0x64,
    0x46, 0x34, 0x39, 0x38, 0x38, 0x39, 0x34, 0x46, 0x64, 0x46, 0x34, 0x39, 0x38, 0x38, 0x39, 0x34, 0x46, 0x64, 0x46, 0x34, 0x39, 0x38, 0x38, 0x39,
    0x34, 0x46, 0x64, 0x46, 0x34, 0x39, 0x38, 0x38, 0x39, 0x34, 0x46, 0x64, 0x46, 0x34, 0x39, 0x38, 0x38, 0x39, 0x34, 0x46, 0x64, 0x46, 0x34, 0x39,
    0x38, 0x38, 0x39, 0x34, 0x46, 0x64, 0x46, 0x34, 0x39, 0x38, 0x38, 0x39, 0x34, 0x46, 0x64, 0x46, 0x34, 0x39, 0x38, 0x38, 0x39, 0x34, 0x46, 0x64,
    0x46, 0x34, 0x39, 0x38, 0x38, 0x39, 0x34, 0x46, 0x64, 0x46, 0x34, 0x39, 0x38, 0x38, 0x39, 0x34, 0x46, 0x64, 0x46, 0x34, 0x39, 0x38, 0x38, 0x39,
    0x34, 0x46, 0x64, 0x46, 0x34, 0x39, 0x38, 0x38, 0x39, 0x34, 0x46, 0x64, 0x46, 0x34, 0x39, 0x38, 0x38, 0x39, 0x34, 0x46, 0x64, 0x46, 0x34, 0x39,
    0x38, 0x38, 0x39, 0x34, 0x46, 0x64, 0x46, 0x34, 0x39, 0x38, 0x38, 0x39, 0x34, 0x46, 0x64, 0x46, 0x34, 0x39, 0x38, 0x38, 0x39, 0x34, 0x46, 0x64,
    0x46, 0x34, 0x39, 0x38, 0x38, 0x39, 0x34, 0x46, 0x64, 0x46, 0x34, 0x39, 0x38, 0x38, 0x39, 0x34, 0x46, 0x64, 0x46, 0x34, 0x39, 0x38, 0x38, 0x39,
    0x34, 0x46, 0x64, 0x46, 0x34, 0x39, 0x38, 0x38, 0x39, 0x34, 0x46, 0x64, 0x46, 0x34, 0x39, 0x38, 0x38, 0x39, 0x34, 0x46, 0x64, 0x46, 0x34, 0x39,
    0x38, 0x38, 0x39, 0x34, 0x46, 0x64, 0x46, 0x34, 0x39, 0x38, 0x38, 0x39, 0x34, 0x46, 0x64, 0x46, 0x34, 0x39, 0x38, 0x38, 0x39, 0x34, 0x46, 0x64,
    0x46, 0x34, 0x39, 0x38, 0x38, 0x39, 0x34, 0x46, 0x64, 0x46, 0x34, 0x39, 0x38, 0x38, 0x39, 0x34, 0x46, 0x64, 0x46, 0x34, 0x39, 0x38, 0x38, 0x39,
    0x34, 0x46, 0x64, 0x46, 0x34, 0x39, 0x38, 0x38, 0x39, 0x34, 0x46, 0x64, 0x46, 0x34, 0x39, 0x38, 0x38, 0x39, 0x34, 0x46, 0x64, 0x46, 0x34, 0x39,
    0x38, 0x38, 0x39, 0x34, 0x46, 0x64, 0x46, 0x34, 0x39, 0x38, 0x38, 0x39, 0x34, 0x46, 0x64, 0x46, 0x34, 0x39, 0x38, 0x38, 0x39, 0x34, 0x46, 0x64,
    0x46, 0x34, 0x39, 0x38, 0x38, 0x39, 0x34, 0x46, 0x64, 0x46, 0x34, 0x39, 0x38, 0x38, 0x39, 0x34, 0x46, 0x64, 0x46, 0x34, 0x39, 0x38, 0x38, 0x39,
    0x34, 0x46, 0x64, 0x46, 0x34, 0x39, 0x38, 0x38, 0x39, 0x34, 0x46, 0x64, 0x46, 0x34, 0x39, 0x38, 0x38, 0x39, 0x34, 0x46, 0x64, 0x46, 0x34, 0x39,
    0x38, 0x38, 0x39, 0x34, 0x46, 0x64, 0x46, 0x34, 0x39, 0x38, 0x38, 0x39, 0x34, 0x46, 0x64, 0x46, 0x34, 0x39, 0x38, 0x38, 0x39, 0x34, 0x46, 0x64,
    0x46, 0x34, 0x39, 0x38, 0x38, 0x39, 0x34, 0x46, 0x64, 0x46, 0x34, 0x39, 0x38, 0x38, 0x39, 0x34, 0x46, 0x64, 0x46, 0x34, 0x39, 0x38, 0x38, 0x39,
    0x34, 0x46, 0x64, 0x46, 0x34, 0x39, 0x38, 0x38, 0x39, 0x34, 0x46, 0x64, 0x46, 0x34, 0x39, 0x38, 0x38, 0x39, 0x34, 0x46, 0x64, 0x46, 0x34, 0x39,
    0x38, 0x38, 0x39, 0x34, 0x46, 0x64, 0x46, 0x34, 0x39, 0x38, 0x38, 0x39, 0x34, 0x46, 0x64, 0x46, 0x34, 0x39, 0x38, 0x38, 0x39, 0x34, 0x46, 0x64,
    0x46, 0x34, 0x39, 0x38, 0x38, 0x39, 0x34, 0x46, 0x64, 0x46, 0x34, 0x39, 0x38, 0x38, 0x39, 0x34, 0x46, 0x64, 0x46, 0x34, 0x39, 0x38, 0x38, 0x39,
    0x35, 0x45, 0x5C, 0x6C, 0x85, 0x7D, 0x62, 0x4F, 0x25, 0x29, 0x28, 0x28, 0x28, 0x28, 0x2A, 0x20, 0x78, 0xA8, 0x9C, 0xAA, 0x34, 0x00, 0x02, 0x00,
    0x00, 0x01, 0x01, 0x0B, 0x99, 0xA1, 0xA1, 0x98, 0x2D, 0x26, 0x29, 0x28, 0x28, 0x28, 0x28, 0x28, 0x28, 0x27, 0x37, 0x75, 0x8C, 0x65, 0x39, 0x34,
    0x2E, 0x40, 0x5E, 0x43, 0x30, 0x33, 0x32, 0x32, 0x33, 0x2E, 0x40, 0x5E, 0x43, 0x30, 0x33, 0x32, 0x32, 0x33, 0x2E, 0x40, 0x5E, 0x43, 0x30, 0x33,
    0x32, 0x32, 0x33, 0x2E, 0x40, 0x5E, 0x43, 0x30, 0x33, 0x32, 0x32, 0x33, 0x2E, 0x40, 0x5E, 0x43, 0x30, 0x33, 0x32, 0x32, 0x33, 0x2E, 0x40, 0x5E,
    0x43, 0x30, 0x33, 0x32, 0x32, 0x33, 0x2E, 0x40, 0x5E, 0x43, 0x30, 0x33, 0x32, 0x32, 0x33, 0x2E, 0x40, 0x5E, 0x43, 0x30, 0x33, 0x32, 0x32, 0x33,
    0x2E, 0x40, 0x5E, 0x43, 0x30, 0x33, 0x32, 0x32, 0x33, 0x2E, 0x40, 0x5E, 0x43, 0x30, 0x33, 0x32, 0x32, 0x33, 0x2E, 0x40, 0x5E, 0x43, 0x30, 0x33,
    0x32, 0x32, 0x33, 0x2E, 0x40, 0x5E, 0x43, 0x30, 0x33, 0x32, 0x32, 0x33, 0x2E, 0x40, 0x5E, 0x43, 0x30, 0x33, 0x32, 0x32, 0x33, 0x2E, 0x40, 0x5E,
    0x43, 0x30, 0x33, 0x32, 0x32, 0x33, 0x2E, 0x40, 0x5E, 0x43, 0x30, 0x33, 0x32, 0x32, 0x33, 0x2E, 0x40, 0x5E, 0x43, 0x30, 0x33, 0x32, 0x32, 0x33,
    0x2E, 0x40, 0x5E, 0x43, 0x30, 0x33, 0x32, 0x32, 0x33, 0x2E, 0x40, 0x5E, 0x43, 0x30, 0x33, 0x32, 0x32, 0x33, 0x2E, 0x40, 0x5E, 0x43, 0x30, 0x33,
    0x32, 0x32, 0x33, 0x2E, 0x40, 0x5E, 0x43, 0x30, 0x33, 0x32, 0x32, 0x33, 0x2E, 0x40, 0x5E, 0x43, 0x30, 0x33, 0x32, 0x32, 0x33, 0x2E, 0x40, 0x5E,
    0x43, 0x30, 0x33, 0x32, 0x32, 0x33, 0x2E, 0x40, 0x5E, 0x43, 0x30, 0x33, 0x32, 0x32, 0x33, 0x2E, 0x40, 0x5E, 0x43, 0x30, 0x33, 0x32, 0x32, 0x33,
    0x2E, 0x40, 0x5E, 0x43, 0x30, 0x33, 0x32, 0x32, 0x33, 0x2E, 0x40, 0x5E, 0x43, 0x30, 0x33, 0x32, 0x32, 0x33, 0x2E, 0x40, 0x5E, 0x43, 0x30, 0x33,
    0x32, 0x32, 0x33, 0x2E, 0x40, 0x5E, 0x43, 0x30, 0x33, 0x32, 0x32, 0x33, 0x2E, 0x40, 0x5E, 0x43, 0x30, 0x33, 0x32, 0x32, 0x33, 0x2E, 0x40, 0x5E,
    0x43, 0x30, 0x33, 0x32, 0x32, 0x33, 0x2E, 0x40, 0x5E, 0x43, 0x30, 0x33, 0x32, 0x32, 0x33, 0x2E, 0x40, 0x5E, 0x43, 0x30, 0x33, 0x32, 0x32, 0x33,
    0x2E, 0x40, 0x5E, 0x43, 0x30, 0x33, 0x32, 0x32, 0x33, 0x2E, 0x40, 0x5E, 0x43, 0x30, 0x33, 0x32, 0x32, 0x33, 0x2E, 0x40, 0x5E, 0x43, 0x30, 0x33,
    0x32, 0x32, 0x33, 0x2E, 0x40, 0x5E, 0x43, 0x30, 0x33, 0x32, 0x32, 0x33, 0x2E, 0x40, 0x5E, 0x43, 0x30, 0x33, 0x32, 0x32, 0x33, 0x2E, 0x40, 0x5E,
    0x43, 0x30, 0x33, 0x32, 0x32, 0x33, 0x2E, 0x40, 0x5E, 0x43, 0x30, 0x33, 0x32, 0x32, 0x33, 0x2E, 0x40, 0x5E, 0x43, 0x30, 0x33, 0x32, 0x32, 0x33,
    0x2E, 0x40, 0x5E, 0x43, 0x30, 0x33, 0x32, 0x32, 0x33, 0x2E, 0x40, 0x5E, 0x43, 0x30, 0x33, 0x32, 0x32, 0x33, 0x2E, 0x40, 0x5E, 0x43, 0x30, 0x33,
    0x32, 0x32, 0x33, 0x2E, 0x40, 0x5E, 0x43, 0x30, 0x33, 0x32, 0x32, 0x33, 0x2E, 0x40, 0x5E, 0x43, 0x30, 0x33, 0x32, 0x32, 0x33, 0x2E, 0x40, 0x5E,
    0x43, 0x30, 0x33, 0x32, 0x32, 0x33, 0x2E, 0x40, 0x5E, 0x43, 0x30, 0x33, 0x32, 0x32, 0x33, 0x2E, 0x40, 0x5E, 0x43, 0x30, 0x33, 0x32, 0x32, 0x33,
    0x2E, 0x40, 0x5E, 0x43, 0x30, 0x33, 0x32, 0x32, 0x33, 0x2E, 0x40, 0x5E, 0x43, 0x30, 0x33, 0x32, 0x32, 0x33, 0x2E, 0x40, 0x5E, 0x43, 0x30, 0x33,
    0x32, 0x32, 0x33, 0x2E, 0x40, 0x5E, 0x43, 0x30, 0x33, 0x32, 0x32, 0x33, 0x2E, 0x40, 0x5E, 0x43, 0x30, 0x33, 0x32, 0x32, 0x33, 0x2E, 0x40, 0x5E,
    0x43, 0x30, 0x33, 0x32, 0x32, 0x33, 0x2E, 0x40, 0x5E, 0x43, 0x30, 0x33, 0x32, 0x32, 0x33, 0x2E, 0x40, 0x5E, 0x43, 0x30, 0x33, 0x32, 0x32, 0x33,
    0x2E, 0x40, 0x5E, 0x43, 0x30, 0x33, 0x32, 0x32, 0x33, 0x33, 0x5B, 0x85, 0x83, 0x69, 0x61, 0x41, 0x24, 0x29, 0x28, 0x28, 0x28, 0x28, 0x2A, 0x20,
    0x76, 0xA8, 0x9C, 0xAB, 0x38, 0x00, 0x02, 0x00, 0x00, 0x00, 0x00, 0x04, 0x7A, 0xA7, 0x9E, 0xA3, 0x43, 0x22, 0x29, 0x26, 0x29, 0x28, 0x28, 0x28,
    0x26, 0x30, 0x5C, 0x45, 0x73, 0x8D, 0x7D, 0x69, 0x68, 0x65, 0x71, 0x76, 0x68, 0x68, 0x68, 0x68, 0x68, 0x68, 0x65, 0x71, 0x76, 0x68, 0x68, 0x68,
    0x68, 0x68, 0x68, 0x65, 0x71, 0x76, 0x68, 0x68, 0x68, 0x68, 0x68, 0x68, 0x65, 0x71, 0x76, 0x68, 0x68, 0x68, 0x68, 0x68, 0x68, 0x65, 0x71, 0x76,
    0x68, 0x68, 0x68, 0x68, 0x68, 0x68, 0x65, 0x71, 0x76, 0x68, 0x68, 0x68, 0x68, 0x68, 0x68, 0x65, 0x71, 0x76, 0x68, 0x68, 0x68, 0x68, 0x68, 0x68,
    0x65, 0x71, 0x76, 0x68, 0x68, 0x68, 0x68, 0x68, 0x68, 0x65, 0x71, 0x76, 0x68, 0x68, 0x68, 0x68, 0x68, 0x68, 0x65, 0x71, 0x76, 0x68, 0x68, 0x68,
    0x68, 0x68, 0x68, 0x65, 0x71, 0x76, 0x68, 0x68, 0x68, 0x68, 0x68, 0x68, 0x65, 0x71, 0x76, 0x68, 0x68, 0x68, 0x68, 0x68, 0x68, 0x65, 0x71, 0x76,
    0x68, 0x68, 0x68, 0x68, 0x68, 0x68, 0x65, 0x71, 0x76, 0x68, 0x68, 0x68, 0x68, 0x68, 0x68, 0x65, 0x71, 0x76, 0x68, 0x68, 0x68, 0x68, 0x68, 0x68,
    0x65, 0x71, 0x76, 0x68, 0x68, 0x68, 0x68, 0x68, 0x68, 0x65, 0x71, 0x76, 0x68, 0x68, 0x68, 0x68, 0x68, 0x68, 0x65, 0x71, 0x76, 0x68, 0x68, 0x68,
    0x68, 0x68, 0x68, 0x65, 0x71, 0x76, 0x68, 0x68, 0x68, 0x68, 0x68, 0x68, 0x65, 0x71, 0x76, 0x68, 0x68, 0x68, 0x68, 0x68, 0x68, 0x65, 0x71, 0x76,
    0x68, 0x68, 0x68, 0x68, 0x68, 0x68, 0x65, 0x71, 0x76, 0x68, 0x68, 0x68, 0x68, 0x68, 0x68, 0x65, 0x71, 0x76, 0x68, 0x68, 0x68, 0x68, 0x68, 0x68,
    0x65, 0x71, 0x76, 0x68, 0x68, 0x68, 0x68, 0x68, 0x68, 0x65, 0x71, 0x76, 0x68, 0x68, 0x68, 0x68, 0x68, 0x68, 0x65, 0x71, 0x76, 0x68, 0x68, 0x68,
    0x68, 0x68, 0x68, 0x65, 0x71, 0x76, 0x68, 0x68, 0x68, 0x68, 0x68, 0x68, 0x65, 0x71, 0x76, 0x68, 0x68, 0x68, 0x68, 0x68, 0x68, 0x65, 0x71, 0x76,
    0x68, 0x68, 0x68, 0x68, 0x68, 0x68, 0x65, 0x71, 0x76, 0x68, 0x68, 0x68, 0x68, 0x68, 0x68, 0x65, 0x71, 0x76, 0x68, 0x68, 0x68, 0x68, 0x68, 0x68,
    0x65, 0x71, 0x76, 0x68, 0x68, 0x68, 0x68, 0x68, 0x68, 0x65, 0x71, 0x76, 0x68, 0x68, 0x68, 0x68, 0x68, 0x68, 0x65, 0x71, 0x76, 0x68, 0x68, 0x68,
    0x68, 0x68, 0x68, 0x65, 0x71, 0x76, 0x68, 0x68, 0x68, 0x68, 0x68, 0x68, 0x65, 0x71, 0x76, 0x68, 0x68, 0x68, 0x68, 0x68, 0x68, 0x65, 0x71, 0x76,
    0x68, 0x68, 0x68, 0x68, 0x68, 0x68, 0x65, 0x71, 0x76, 0x68, 0x68, 0x68, 0x68, 0x68, 0x68, 0x65, 0x71, 0x76, 0x68, 0x68, 0x68, 0x68, 0x68, 0x68,
    0x65, 0x71, 0x76, 0x68, 0x68, 0x68, 0x68, 0x68, 0x68, 0x65, 0x71, 0x76, 0x68, 0x68, 0x68, 0x68, 0x68, 0x68, 0x65, 0x71, 0x76, 0x68, 0x68, 0x68,
    0x68, 0x68, 0x68, 0x65, 0x71, 0x76, 0x68, 0x68, 0x68, 0x68, 0x68, 0x68, 0x65, 0x71, 0x76, 0x68, 0x68, 0x68, 0x68, 0x68, 0x68, 0x65, 0x71, 0x76,
    0x68, 0x68, 0x68, 0x68, 0x68, 0x68, 0x65, 0x71, 0x76, 0x68, 0x68, 0x68, 0x68, 0x68, 0x68, 0x65, 0x71, 0x76, 0x68, 0x68, 0x68, 0x68, 0x68, 0x68,
    0x65, 0x71, 0x76, 0x68, 0x68, 0x68, 0x68, 0x68, 0x68, 0x65, 0x71, 0x76, 0x68, 0x68, 0x68, 0x68, 0x68, 0x68, 0x65, 0x71, 0x76, 0x68, 0x68, 0x68,
    0x68, 0x68, 0x68, 0x65, 0x71, 0x76, 0x68, 0x68, 0x68, 0x68, 0x68, 0x68, 0x65, 0x71, 0x76, 0x68, 0x68, 0x68, 0x68, 0x68, 0x68, 0x65, 0x71, 0x76,
    0x68, 0x68, 0x68, 0x68, 0x68, 0x68, 0x65, 0x71, 0x76, 0x68, 0x68, 0x68, 0x68, 0x68, 0x68, 0x65, 0x71, 0x76, 0x68, 0x68, 0x68, 0x68, 0x68, 0x68,
    0x65, 0x71, 0x76, 0x68, 0x68, 0x68, 0x68, 0x68, 0x68, 0x65, 0x71, 0x76, 0x68, 0x68, 0x68, 0x68, 0x66, 0x76, 0x87, 0x85, 0x6B, 0x5D, 0x5F, 0x2F,
    0x26, 0x28, 0x28, 0x28, 0x28, 0x29, 0x28, 0x28, 0x8D, 0xA4, 0xA0, 0x9D, 0x18, 0x00, 0x01, 0x00, 0x00, 0x01, 0x0F, 0x00, 0x65, 0xAA, 0x9C, 0xA9,
    0x5E, 0x1F, 0x2B, 0x2F, 0x26, 0x29, 0x28, 0x28, 0x29, 0x25, 0x3E, 0x60, 0x45, 0x68, 0x84, 0x8D, 0x8D, 0x8D, 0x8B, 0x8A, 0x8D, 0x8D, 0x8D, 0x8D,
    0x8D, 0x8D, 0x8D, 0x8B, 0x8A, 0x8D, 0x8D, 0x8D, 0x8D, 0x8D, 0x8D, 0x8D, 0x8B, 0x8A, 0x8D, 0x8D, 0x8D, 0x8D, 0x8D, 0x8D, 0x8D, 0x8B, 0x8A, 0x8D,
    0x8D, 0x8D, 0x8D, 0x8D, 0x8D, 0x8D, 0x8B, 0x8A, 0x8D, 0x8D, 0x8D, 0x8D, 0x8D, 0x8D, 0x8D, 0x8B, 0x8A, 0x8D, 0x8D, 0x8D, 0x8D, 0x8D, 0x8D, 0x8D,
    0x8B, 0x8A, 0x8D, 0x8D, 0x8D, 0x8D, 0x8D, 0x8D, 0x8D, 0x8B, 0x8A, 0x8D, 0x8D, 0x8D, 0x8D, 0x8D, 0x8D, 0x8D, 0x8B, 0x8A, 0x8D, 0x8D, 0x8D, 0x8D,
    0x8D, 0x8D, 0x8D, 0x8B, 0x8A, 0x8D, 0x8D, 0x8D, 0x8D, 0x8D, 0x8D, 0x8D, 0x8B, 0x8A, 0x8D, 0x8D, 0x8D, 0x8D, 0x8D, 0x8D, 0x8D, 0x8B, 0x8A, 0x8D,
    0x8D, 0x8D, 0x8D, 0x8D, 0x8D, 0x8D, 0x8B, 0x8A, 0x8D, 0x8D, 0x8D, 0x8D, 0x8D, 0x8D, 0x8D, 0x8B, 0x8A, 0x8D, 0x8D, 0x8D, 0x8D, 0x8D, 0x8D, 0x8D,
    0x8B, 0x8A, 0x8D, 0x8D, 0x8D, 0x8D, 0x8D, 0x8D, 0x8D, 0x8B, 0x8A, 0x8D, 0x8D, 0x8D, 0x8D, 0x8D, 0x8D, 0x8D, 0x8B, 0x8A, 0x8D, 0x8D, 0x8D, 0x8D,
    0x8D, 0x8D, 0x8D, 0x8B, 0x8A, 0x8D, 0x8D, 0x8D, 0x8D, 0x8D, 0x8D, 0x8D, 0x8B, 0x8A, 0x8D, 0x8D, 0x8D, 0x8D, 0x8D, 0x8D, 0x8D, 0x8B, 0x8A, 0x8D,
    0x8D, 0x8D, 0x8D, 0x8D, 0x8D, 0x8D, 0x8B, 0x8A, 0x8D, 0x8D, 0x8D, 0x8D, 0x8D, 0x8D, 0x8D, 0x8B, 0x8A, 0x8D, 0x8D, 0x8D, 0x8D, 0x8D, 0x8D, 0x8D,
    0x8B, 0x8A, 0x8D, 0x8D, 0x8D, 0x8D, 0x8D, 0x8D, 0x8D, 0x8B, 0x8A, 0x8D, 0x8D, 0x8D, 0x8D, 0x8D, 0x8D, 0x8D, 0x8B, 0x8A, 0x8D, 0x8D, 0x8D, 0x8D,
    0x8D, 0x8D, 0x8D, 0x8B, 0x8A, 0x8D, 0x8D, 0x8D, 0x8D, 0x8D, 0x8D, 0x8D, 0x8B, 0x8A, 0x8D, 0x8D, 0x8D, 0x8D, 0x8D, 0x8D, 0x8D, 0x8B, 0x8A, 0x8D,
    0x8D, 0x8D, 0x8D, 0x8D, 0x8D, 0x8D, 0x8B, 0x8A, 0x8D, 0x8D, 0x8D, 0x8D, 0x8D, 0x8D, 0x8D, 0x8B, 0x8A, 0x8D, 0x8D, 0x8D, 0x8D, 0x8D, 0x8D, 0x8D,
    0x8B, 0x8A, 0x8D, 0x8D, 0x8D, 0x8D, 0x8D, 0x8D, 0x8D, 0x8B, 0x8A, 0x8D, 0x8D, 0x8D, 0x8D, 0x8D, 0x8D, 0x8D, 0x8B, 0x8A, 0x8D, 0x8D, 0x8D, 0x8D,
    0x8D, 0x8D, 0x8D, 0x8B, 0x8A, 0x8D, 0x8D, 0x8D, 0x8D, 0x8D, 0x8D, 0x8D, 0x8B, 0x8A, 0x8D, 0x8D, 0x8D, 0x8D, 0x8D, 0x8D, 0x8D, 0x8B, 0x8A, 0x8D,
    0x8D, 0x8D, 0x8D, 0x8D, 0x8D, 0x8D, 0x8B, 0x8A, 0x8D, 0x8D, 0x8D, 0x8D, 0x8D, 0x8D, 0x8D, 0x8B, 0x8A, 0x8D, 0x8D, 0x8D, 0x8D, 0x8D, 0x8D, 0x8D,
    0x8B, 0x8A, 0x8D, 0x8D, 0x8D, 0x8D, 0x8D, 0x8D, 0x8D, 0x8B, 0x8A, 0x8D, 0x8D, 0x8D, 0x8D, 0x8D, 0x8D, 0x8D, 0x8B, 0x8A, 0x8D, 0x8D, 0x8D, 0x8D,
    0x8D, 0x8D, 0x8D, 0x8B, 0x8A, 0x8D, 0x8D, 0x8D, 0x8D, 0x8D, 0x8D, 0x8D, 0x8B, 0x8A, 0x8D, 0x8D, 0x8D, 0x8D, 0x8D, 0x8D, 0x8D, 0x8B, 0x8A, 0x8D,
    0x8D, 0x8D, 0x8D, 0x8D, 0x8D, 0x8D, 0x8B, 0x8A, 0x8D, 0x8D, 0x8D, 0x8D, 0x8D, 0x8D, 0x8D, 0x8B, 0x8A, 0x8D, 0x8D, 0x8D, 0x8D, 0x8D, 0x8D, 0x8D,
    0x8B, 0x8A, 0x8D, 0x8D, 0x8D, 0x8D, 0x8D, 0x8D, 0x8D, 0x8B, 0x8A, 0x8D, 0x8D, 0x8D, 0x8D, 0x8D, 0x8D, 0x8D, 0x8B, 0x8A, 0x8D, 0x8D, 0x8D, 0x8D,
    0x8D, 0x8D, 0x8D, 0x8B, 0x8A, 0x8D, 0x8D, 0x8D, 0x8D, 0x8D, 0x8D, 0x8D, 0x8B, 0x8A, 0x8D, 0x8D, 0x8D, 0x8D, 0x8D, 0x8D, 0x8D, 0x8B, 0x8A, 0x8D,
    0x8D, 0x8D, 0x8D, 0x8D, 0x8D, 0x8D, 0x8B, 0x8A, 0x8D, 0x8D, 0x8D, 0x8D, 0x8D, 0x8D, 0x8D, 0x8B, 0x8A, 0x8D, 0x8D, 0x8D, 0x8D, 0x8D, 0x8D, 0x8D,
    0x8B, 0x8A, 0x8D, 0x8D, 0x8D, 0x8D, 0x8D, 0x8D, 0x8D, 0x8B, 0x8A, 0x8D, 0x8D, 0x8D, 0x8D, 0x8D, 0x8D, 0x8D, 0x8B, 0x8A, 0x8D, 0x8D, 0x8D, 0x8D,
    0x8D, 0x88, 0x78, 0x43, 0x37, 0x65, 0x59, 0x28, 0x28, 0x28, 0x28, 0x28, 0x28, 0x29, 0x24, 0x39, 0xA0, 0x9F, 0xA3, 0x91, 0x07, 0x00, 0x01, 0x00,
    0x00, 0x0D, 0x63, 0x1A, 0x34, 0xAE, 0x9C, 0xA6, 0x84, 0x22, 0x31, 0x60, 0x3D, 0x23, 0x29, 0x28, 0x28, 0x29, 0x23, 0x3C, 0x33, 0x22, 0x37, 0x46,
    0x45, 0x45, 0x46, 0x44, 0x4A, 0x47, 0x44, 0x45, 0x45, 0x45, 0x45, 0x46, 0x44, 0x4A, 0x47, 0x44, 0x45, 0x45, 0x45, 0x45, 0x46, 0x44, 0x4A, 0x47,
    0x44, 0x45, 0x45, 0x45, 0x45, 0x46, 0x44, 0x4A, 0x47, 0x44, 0x45, 0x45, 0x45, 0x45, 0x46, 0x44, 0x4A, 0x47, 0x44, 0x45, 0x45, 0x45, 0x45, 0x46,
    0x44, 0x4A, 0x47, 0x44, 0x45, 0x45, 0x45, 0x45, 0x46, 0x44, 0x4A, 0x47, 0x44, 0x45, 0x45, 0x45, 0x45, 0x46, 0x44, 0x4A, 0x47, 0x44, 0x45, 0x45,
    0x45, 0x45, 0x46, 0x44, 0x4A, 0x47, 0x44, 0x45, 0x45, 0x45, 0x45, 0x46, 0x44, 0x4A, 0x47, 0x44, 0x45, 0x45, 0x45, 0x45, 0x46, 0x44, 0x4A, 0x47,
    0x44, 0x45, 0x45, 0x45, 0x45, 0x46, 0x44, 0x4A, 0x47, 0x44, 0x45, 0x45, 0x45, 0x45, 0x46, 0x44, 0x4A, 0x47, 0x44, 0x45, 0x45, 0x45, 0x45, 0x46,
    0x44, 0x4A, 0x47, 0x44, 0x45, 0x45, 0x45, 0x45, 0x46, 0x44, 0x4A, 0x47, 0x44, 0x45, 0x45, 0x45, 0x45, 0x46, 0x44, 0x4A, 0x47, 0x44, 0x45, 0x45,
    0x45, 0x45, 0x46, 0x44, 0x4A, 0x47, 0x44, 0x45, 0x45, 0x45, 0x45, 0x46, 0x44, 0x4A, 0x47, 0x44, 0x45, 0x45, 0x45, 0x45, 0x46, 0x44, 0x4A, 0x47,
    0x44, 0x45, 0x45, 0x45, 0x45, 0x46, 0x44, 0x4A, 0x47, 0x44, 0x45, 0x45, 0x45, 0x45, 0x46, 0x44, 0x4A, 0x47, 0x44, 0x45, 0x45, 0x45, 0x45, 0x46,
    0x44, 0x4A, 0x47, 0x44, 0x45, 0x45, 0x45, 0x45, 0x46, 0x44, 0x4A, 0x47, 0x44, 0x45, 0x45, 0x45, 0x45, 0x46, 0x44, 0x4A, 0x47, 0x44, 0x45, 0x45,
    0x45, 0x45, 0x46, 0x44, 0x4A, 0x47, 0x44, 0x45, 0x45, 0x45, 0x45, 0x46, 0x44, 0x4A, 0x47, 0x44, 0x45, 0x45, 0x45, 0x45, 0x46, 0x44, 0x4A, 0x47,
    0x44, 0x45, 0x45, 0x45, 0x45, 0x46, 0x44, 0x4A, 0x47, 0x44, 0x45, 0x45, 0x45, 0x45, 0x46, 0x44, 0x4A, 0x47, 0x44, 0x45, 0x45, 0x45, 0x45, 0x46,
    0x44, 0x4A, 0x47, 0x44, 0x45, 0x45, 0x45, 0x45, 0x46, 0x44, 0x4A, 0x47, 0x44, 0x45, 0x45, 0x45, 0x45, 0x46, 0x44, 0x4A, 0x47, 0x44, 0x45, 0x45,
    0x45, 0x45, 0x46, 0x44, 0x4A, 0x47, 0x44, 0x45, 0x45, 0x45, 0x45, 0x46, 0x44, 0x4A, 0x47, 0x44, 0x45, 0x45, 0x45, 0x45, 0x46, 0x44, 0x4A, 0x47,
    0x44, 0x45, 0x45, 0x45, 0x45, 0x46, 0x44, 0x4A, 0x47, 0x44, 0x45, 0x45, 0x45, 0x45, 0x46, 0x44, 0x4A, 0x47, 0x44, 0x45, 0x45, 0x45, 0x45, 0x46,
    0x44, 0x4A, 0x47, 0x44, 0x45, 0x45, 0x45, 0x45, 0x46, 0x44, 0x4A, 0x47, 0x44, 0x45, 0x45, 0x45, 0x45, 0x46, 0x44, 0x4A, 0x47, 0x44, 0x45, 0x45,
    0x45, 0x45, 0x46, 0x44, 0x4A, 0x47, 0x44, 0x45, 0x45, 0x45, 0x45, 0x46, 0x44, 0x4A, 0x47, 0x44, 0x45, 0x45, 0x45, 0x45, 0x46, 0x44, 0x4A, 0x47,
    0x44, 0x45, 0x45, 0x45, 0x45, 0x46, 0x44, 0x4A, 0x47, 0x44, 0x45, 0x45, 0x45, 0x45, 0x46, 0x44, 0x4A, 0x47, 0x44, 0x45, 0x45, 0x45, 0x45, 0x46,
    0x44, 0x4A, 0x47, 0x44, 0x45, 0x45, 0x45, 0x45, 0x46, 0x44, 0x4A, 0x47, 0x44, 0x45, 0x45, 0x45, 0x45, 0x46, 0x44, 0x4A, 0x47, 0x44, 0x45, 0x45,
    0x45, 0x45, 0x46, 0x44, 0x4A, 0x47, 0x44, 0x45, 0x45, 0x45, 0x45, 0x46, 0x44, 0x4A, 0x47, 0x44, 0x45, 0x45, 0x45, 0x45, 0x46, 0x44, 0x4A, 0x47,
    0x44, 0x45, 0x45, 0x45, 0x45, 0x46, 0x44, 0x4A, 0x47, 0x44, 0x45, 0x45, 0x45, 0x45, 0x46, 0x44, 0x4A, 0x47, 0x44, 0x45, 0x45, 0x45, 0x45, 0x46,
    0x44, 0x4A, 0x47, 0x44, 0x45, 0x45, 0x45, 0x45, 0x46, 0x44, 0x4A, 0x47, 0x44, 0x45, 0x45, 0x45, 0x45, 0x46, 0x44, 0x4A, 0x47, 0x44, 0x45, 0x45,
    0x45, 0x45, 0x46, 0x44, 0x4A, 0x47, 0x44, 0x45, 0x46, 0x3E, 0x28, 0x24, 0x24, 0x3B, 0x37, 0x26, 0x28, 0x28, 0x28, 0x28, 0x28, 0x2A, 0x1F, 0x5D,
    0xA9, 0x9C, 0xAA, 0x72, 0x01, 0x02, 0x00, 0x00, 0x01, 0x00, 0x25, 0x63, 0x38, 0x96, 0xA2, 0x9F, 0xA5, 0x47, 0x1F, 0x3E, 0x64, 0x3C, 0x23, 0x29,
    0x28, 0x28, 0x29, 0x25, 0x26, 0x29, 0x25, 0x22, 0x22, 0x22, 0x22, 0x22, 0x22, 0x22, 0x22, 0x22, 0x22, 0x22, 0x22, 0x22, 0x22, 0x22, 0x22, 0x22,
    0x22, 0x22, 0x22, 0x22, 0x22, 0x22, 0x22, 0x22, 0x22, 0x22, 0x22, 0x22, 0x22, 0x22, 0x22, 0x22, 0x22, 0x22, 0x22, 0x22, 0x22, 0x22, 0x22, 0x22,
    0x22, 0x22, 0x22, 0x22, 0x22, 0x22, 0x22, 0x22, 0x22, 0x22, 0x22, 0x22, 0x22, 0x22, 0x22, 0x22, 0x22, 0x22, 0x22, 0x22, 0x22, 0x22, 0x22, 0x22,
    0x22, 0x22, 0x22, 0x22, 0x22, 0x22, 0x22, 0x22, 0x22, 0x22, 0x22, 0x22, 0x22, 0x22, 0x22, 0x22, 0x22, 0x22, 0x22, 0x22, 0x22, 0x22, 0x22, 0x22,
    0x22, 0x22, 0x22, 0x22, 0x22, 0x22, 0x22, 0x22, 0x22, 0x22, 0x22, 0x22, 0x22, 0x22, 0x22, 0x22, 0x22, 0x22, 0x22, 0x22, 0x22, 0x22, 0x22, 0x22,
    0x22, 0x22, 0x22, 0x22, 0x22, 0x22, 0x22, 0x22, 0x22, 0x22, 0x22, 0x22, 0x22, 0x22, 0x22, 0x22, 0x22, 0x22, 0x22, 0x22, 0x22, 0x22, 0x22, 0x22,
    0x22, 0x22, 0x22, 0x22, 0x22, 0x22, 0x22, 0x22, 0x22, 0x22, 0x22, 0x22, 0x22, 0x22, 0x22, 0x22, 0x22, 0x22, 0x22, 0x22, 0x22, 0x22, 0x22, 0x22,
    0x22, 0x22, 0x22, 0x22, 0x22, 0x22, 0x22, 0x22, 0x22, 0x22, 0x22, 0x22, 0x22, 0x22, 0x22, 0x22, 0x22, 0x22, 0x22, 0x22, 0x22, 0x22, 0x22, 0x22,
    0x22, 0x22, 0x22, 0x22, 0x22, 0x22, 0x22, 0x22, 0x22, 0x22, 0x22, 0x22, 0x22, 0x22, 0x22, 0x22, 0x22, 0x22, 0x22, 0x22, 0x22, 0x22, 0x22, 0x22,
    0x22, 0x22, 0x22, 0x22, 0x22, 0x22, 0x22, 0x22, 0x22, 0x22, 0x22, 0x22, 0x22, 0x22, 0x22, 0x22, 0x22, 0x22, 0x22, 0x22, 0x22, 0x22, 0x22, 0x22,
    0x22, 0x22, 0x22, 0x22, 0x22, 0x22, 0x22, 0x22, 0x22, 0x22, 0x22, 0x22, 0x22, 0x22, 0x22, 0x22, 0x22, 0x22, 0x22, 0x22, 0x22, 0x22, 0x22, 0x22,
    0x22, 0x22, 0x22, 0x22, 0x22, 0x22, 0x22, 0x22, 0x22, 0x22, 0x22, 0x22, 0x22, 0x22, 0x22, 0x22, 0x22, 0x22, 0x22, 0x22, 0x22, 0x22, 0x22, 0x22,
    0x22, 0x22, 0x22, 0x22, 0x22, 0x22, 0x22, 0x22, 0x22, 0x22, 0x22, 0x22, 0x22, 0x22, 0x22, 0x22, 0x22, 0x22, 0x22, 0x22, 0x22, 0x22, 0x22, 0x22,
    0x22, 0x22, 0x22, 0x22, 0x22, 0x22, 0x22, 0x22, 0x22, 0x22, 0x22, 0x22, 0x22, 0x22, 0x22, 0x22, 0x22, 0x22, 0x22, 0x22, 0x22, 0x22, 0x22, 0x22,
    0x22, 0x22, 0x22, 0x22, 0x22, 0x22, 0x22, 0x22, 0x22, 0x22, 0x22, 0x22, 0x22, 0x22, 0x22, 0x22, 0x22, 0x22, 0x22, 0x22, 0x22, 0x22, 0x22, 0x22,
    0x22, 0x22, 0x22, 0x22, 0x22, 0x22, 0x22, 0x22, 0x22, 0x22, 0x22, 0x22, 0x22, 0x22, 0x22, 0x22, 0x22, 0x22, 0x22, 0x22, 0x22, 0x22, 0x22, 0x22,
    0x22, 0x22, 0x22, 0x22, 0x22, 0x22, 0x22, 0x22, 0x22, 0x22, 0x22, 0x22, 0x22, 0x22, 0x22, 0x22, 0x22, 0x22, 0x22, 0x22, 0x22, 0x22, 0x22, 0x22,
    0x22, 0x22, 0x22, 0x22, 0x22, 0x22, 0x22, 0x22, 0x22, 0x22, 0x22, 0x22, 0x22, 0x22, 0x22, 0x22, 0x22, 0x22, 0x22, 0x22, 0x22, 0x22, 0x22, 0x22,
    0x22, 0x22, 0x22, 0x22, 0x22, 0x22, 0x22, 0x22, 0x22, 0x22, 0x22, 0x22, 0x22, 0x22, 0x22, 0x22, 0x22, 0x22, 0x22, 0x22, 0x22, 0x22, 0x22, 0x22,
    0x22, 0x22, 0x22, 0x22, 0x22, 0x22, 0x22, 0x22, 0x22, 0x22, 0x22, 0x22, 0x22, 0x22, 0x22, 0x22, 0x22, 0x22, 0x22, 0x22, 0x22, 0x22, 0x22, 0x22,
    0x22, 0x22, 0x22, 0x22, 0x22, 0x22, 0x22, 0x22, 0x22, 0x22, 0x22, 0x22, 0x22, 0x22, 0x22, 0x22, 0x22, 0x22, 0x22, 0x22, 0x22, 0x22, 0x22, 0x22,
    0x22, 0x22, 0x22, 0x22, 0x22, 0x22, 0x22, 0x22, 0x22, 0x22, 0x22, 0x22, 0x22, 0x22, 0x22, 0x22, 0x22, 0x23, 0x28, 0x29, 0x29, 0x25, 0x26, 0x28,
    0x28, 0x28, 0x28, 0x28, 0x29, 0x27, 0x29, 0x91, 0xA4, 0x9D, 0xA9, 0x44, 0x00, 0x02, 0x00, 0x00, 0x00, 0x01, 0x00, 0x25, 0x5C, 0x7A, 0xA7, 0x9D,
    0xA6, 0x83, 0x25, 0x24, 0x3C, 0x64, 0x3C, 0x23, 0x29, 0x28, 0x28, 0x29, 0x28, 0x28, 0x29, 0x29, 0x29, 0x29, 0x29, 0x29, 0x29, 0x29, 0x29, 0x29,
    0x29, 0x29, 0x29, 0x29, 0x29, 0x29, 0x29, 0x29, 0x29, 0x29, 0x29, 0x29, 0x29, 0x29, 0x29, 0x29, 0x29, 0x29, 0x29, 0x29, 0x29, 0x29, 0x29, 0x29,
    0x29, 0x29, 0x29, 0x29, 0x29, 0x29, 0x29, 0x29, 0x29, 0x29, 0x29, 0x29, 0x29, 0x29, 0x29, 0x29, 0x29, 0x29, 0x29, 0x29, 0x29, 0x29, 0x29, 0x29,
    0x29, 0x29, 0x29, 0x29, 0x29, 0x29, 0x29, 0x29, 0x29, 0x29, 0x29, 0x29, 0x29, 0x29, 0x29, 0x29, 0x29, 0x29, 0x29, 0x29, 0x29, 0x29, 0x29, 0x29,
    0x29, 0x29, 0x29, 0x29, 0x29, 0x29, 0x29, 0x29, 0x29, 0x29, 0x29, 0x29, 0x29, 0x29, 0x29, 0x29, 0x29, 0x29, 0x29, 0x29, 0x29, 0x29, 0x29, 0x29,
    0x29, 0x29, 0x29, 0x29, 0x29, 0x29, 0x29, 0x29, 0x29, 0x29, 0x29, 0x29, 0x29, 0x29, 0x29, 0x29, 0x29, 0x29, 0x29, 0x29, 0x29, 0x29, 0x29, 0x29,
    0x29, 0x29, 0x29, 0x29, 0x29, 0x29, 0x29, 0x29, 0x29, 0x29, 0x29, 0x29, 0x29, 0x29, 0x29, 0x29, 0x29, 0x29, 0x29, 0x29, 0x29, 0x29, 0x29, 0x29,
    0x29, 0x29, 0x29, 0x29, 0x29, 0x29, 0x29, 0x29, 0x29, 0x29, 0x29, 0x29, 0x29, 0x29, 0x29, 0x29, 0x29, 0x29, 0x29, 0x29, 0x29, 0x29, 0x29, 0x29,
    0x29, 0x29, 0x29, 0x29, 0x29, 0x29, 0x29, 0x29, 0x29, 0x29, 0x29, 0x29, 0x29, 0x29, 0x29, 0x29, 0x29, 0x29, 0x29, 0x29, 0x29, 0x29, 0x29, 0x29,
    0x29, 0x29, 0x29, 0x29, 0x29, 0x29, 0x29, 0x29, 0x29, 0x29, 0x29, 0x29, 0x29, 0x29, 0x29, 0x29, 0x29, 0x29, 0x29, 0x29, 0x29, 0x29, 0x29, 0x29,
    0x29, 0x29, 0x29, 0x29, 0x29, 0x29, 0x29, 0x29, 0x29, 0x29, 0x29, 0x29, 0x29, 0x29, 0x29, 0x29, 0x29, 0x29, 0x29, 0x29, 0x29, 0x29, 0x29, 0x29,
    0x29, 0x29, 0x29, 0x29, 0x29, 0x29, 0x29, 0x29, 0x29, 0x29, 0x29, 0x29, 0x29, 0x29, 0x29, 0x29, 0x29, 0x29, 0x29, 0x29, 0x29, 0x29, 0x29, 0x29,
    0x29, 0x29, 0x29, 0x29, 0x29, 0x29, 0x29, 0x29, 0x29, 0x29, 0x29, 0x29, 0x29, 0x29, 0x29, 0x29, 0x29, 0x29, 0x29, 0x29, 0x29, 0x29, 0x29, 0x29,
    0x29, 0x29, 0x29, 0x29, 0x29, 0x29, 0x29, 0x29, 0x29, 0x29, 0x29, 0x29, 0x29, 0x29, 0x29, 0x29, 0x29, 0x29, 0x29, 0x29, 0x29, 0x29, 0x29, 0x29,
    0x29, 0x29, 0x29, 0x29, 0x29, 0x29, 0x29, 0x29, 0x29, 0x29, 0x29, 0x29, 0x29, 0x29, 0x29, 0x29, 0x29, 0x29, 0x29, 0x29, 0x29, 0x29, 0x29, 0x29,
    0x29, 0x29, 0x29, 0x29, 0x29, 0x29, 0x29, 0x29, 0x29, 0x29, 0x29, 0x29, 0x29, 0x29, 0x29, 0x29, 0x29, 0x29, 0x29, 0x29, 0x29, 0x29, 0x29, 0x29,
    0x29, 0x29, 0x29, 0x29, 0x29, 0x29, 0x29, 0x29, 0x29, 0x29, 0x29, 0x29, 0x29, 0x29, 0x29, 0x29, 0x29, 0x29, 0x29, 0x29, 0x29, 0x29, 0x29, 0x29,
    0x29, 0x29, 0x29, 0x29, 0x29, 0x29, 0x29, 0x29, 0x29, 0x29, 0x29, 0x29, 0x29, 0x29, 0x29, 0x29, 0x29, 0x29, 0x29, 0x29, 0x29, 0x29, 0x29, 0x29,
    0x29, 0x29, 0x29, 0x29, 0x29, 0x29, 0x29, 0x29, 0x29, 0x29, 0x29, 0x29, 0x29, 0x29, 0x29, 0x29, 0x29, 0x29, 0x29, 0x29, 0x29, 0x29, 0x29, 0x29,
    0x29, 0x29, 0x29, 0x29, 0x29, 0x29, 0x29, 0x29, 0x29, 0x29, 0x29, 0x29, 0x29, 0x29, 0x29, 0x29, 0x29, 0x29, 0x29, 0x29, 0x29, 0x29, 0x29, 0x29,
    0x29, 0x29, 0x29, 0x29, 0x29, 0x29, 0x29, 0x29, 0x29, 0x29, 0x29, 0x29, 0x29, 0x29, 0x29, 0x29, 0x29, 0x29, 0x29, 0x29, 0x29, 0x29, 0x29, 0x29,
    0x29, 0x29, 0x29, 0x29, 0x29, 0x29, 0x29, 0x29, 0x29, 0x29, 0x29, 0x29, 0x29, 0x29, 0x29, 0x29, 0x29, 0x29, 0x29, 0x29, 0x29, 0x29, 0x29, 0x29,
    0x29, 0x29, 0x28, 0x28, 0x28, 0x29, 0x29, 0x28, 0x28, 0x28, 0x28, 0x28, 0x2B, 0x1F, 0x5D, 0xA9, 0x9E, 0xA2, 0x97, 0x09, 0x00, 0x01, 0x00, 0x00,
    0x00, 0x00, 0x02, 0x00, 0x23, 0x63, 0x89, 0xA5, 0x9D, 0xA9, 0x5E, 0x1D, 0x26, 0x3C, 0x64, 0x3C, 0x23, 0x29, 0x28, 0x28, 0x28, 0x28, 0x28, 0x28,
    0x28, 0x28, 0x28, 0x28, 0x28, 0x28, 0x28, 0x28, 0x28, 0x28, 0x28, 0x28, 0x28, 0x28, 0x28, 0x28, 0x28, 0x28, 0x28, 0x28, 0x28, 0x28, 0x28, 0x28,
    0x28, 0x28, 0x28, 0x28, 0x28, 0x28, 0x28, 0x28, 0x28, 0x28, 0x28, 0x28, 0x28, 0x28, 0x28, 0x28, 0x28, 0x28, 0x28, 0x28, 0x28, 0x28, 0x28, 0x28,
    0x28, 0x28, 0x28, 0x28, 0x28, 0x28, 0x28, 0x28, 0x28, 0x28, 0x28, 0x28, 0x28, 0x28, 0x28, 0x28, 0x28, 0x28, 0x28, 0x28, 0x28, 0x28, 0x28, 0x28,
    0x28, 0x28, 0x28, 0x28, 0x28, 0x28, 0x28, 0x28, 0x28, 0x28, 0x28, 0x28, 0x28, 0x28, 0x28, 0x28, 0x28, 0x28, 0x28, 0x28, 0x28, 0x28, 0x28, 0x28,
    0x28, 0x28, 0x28, 0x28, 0x28, 0x28, 0x28, 0x28, 0x28, 0x28, 0x28, 0x28, 0x28, 0x28, 0x28, 0x28, 0x28, 0x28, 0x28, 0x28, 0x28, 0x28, 0x28, 0x28,
    0x28, 0x28, 0x28, 0x28, 0x28, 0x28, 0x28, 0x28, 0x28, 0x28, 0x28, 0x28, 0x28, 0x28, 0x28, 0x28, 0x28, 0x28, 0x28, 0x28, 0x28, 0x28, 0x28, 0x28,
    0x28, 0x28, 0x28, 0x28, 0x28, 0x28, 0x28, 0x28, 0x28, 0x28, 0x28, 0x28, 0x28, 0x28, 0x28, 0x28, 0x28, 0x28, 0x28, 0x28, 0x28, 0x28, 0x28, 0x28,
    0x28, 0x28, 0x28, 0x28, 0x28, 0x28, 0x28, 0x28, 0x28, 0x28, 0x28, 0x28, 0x28, 0x28, 0x28, 0x28, 0x28, 0x28, 0x28, 0x28, 0x28, 0x28, 0x28, 0x28,
    0x28, 0x28, 0x28, 0x28, 0x28, 0x28, 0x28, 0x28, 0x28, 0x28, 0x28, 0x28, 0x28, 0x28, 0x28, 0x28, 0x28, 0x28, 0x28, 0x28, 0x28, 0x28, 0x28, 0x28,
    0x28, 0x28, 0x28, 0x28, 0x28, 0x28, 0x28, 0x28, 0x28, 0x28, 0x28, 0x28, 0x28, 0x28, 0x28, 0x28, 0x28, 0x28, 0x28, 0x28, 0x28, 0x28, 0x28, 0x28,
    0x28, 0x28, 0x28, 0x28, 0x28, 0x28, 0x28, 0x28, 0x28, 0x28, 0x28, 0x28, 0x28, 0x28, 0x28, 0x28, 0x28, 0x28, 0x28, 0x28, 0x28, 0x28, 0x28, 0x28,
    0x28, 0x28, 0x28, 0x28, 0x28, 0x28, 0x28, 0x28, 0x28, 0x28, 0x28, 0x28, 0x28, 0x28, 0x28, 0x28, 0x28, 0x28, 0x28, 0x28, 0x28, 0x28, 0x28, 0x28,
    0x28, 0x28, 0x28, 0x28, 0x28, 0x28, 0x28, 0x28, 0x28, 0x28, 0x28, 0x28, 0x28, 0x28, 0x28, 0x28, 0x28, 0x28, 0x28, 0x28, 0x28, 0x28, 0x28, 0x28,
    0x28, 0x28, 0x28, 0x28, 0x28, 0x28, 0x28, 0x28, 0x28, 0x28, 0x28, 0x28, 0x28, 0x28, 0x28, 0x28, 0x28, 0x28, 0x28, 0x28, 0x28, 0x28, 0x28, 0x28,
    0x28, 0x28, 0x28, 0x28, 0x28, 0x28, 0x28, 0x28, 0x28, 0x28, 0x28, 0x28, 0x28, 0x28, 0x28, 0x28, 0x28, 0x28, 0x28, 0x28, 0x28, 0x28, 0x28, 0x28,
    0x28, 0x28, 0x28, 0x28, 0x28, 0x28, 0x28, 0x28, 0x28, 0x28, 0x28, 0x28, 0x28, 0x28, 0x28, 0x28, 0x28, 0x28, 0x28, 0x28, 0x28, 0x28, 0x28, 0x28,
    0x28, 0x28, 0x28, 0x28, 0x28, 0x28, 0x28, 0x28, 0x28, 0x28, 0x28, 0x28, 0x28, 0x28, 0x28, 0x28, 0x28, 0x28, 0x28, 0x28, 0x28, 0x28, 0x28, 0x28,
    0x28, 0x28, 0x28, 0x28, 0x28, 0x28, 0x28, 0x28, 0x28, 0x28, 0x28, 0x28, 0x28, 0x28, 0x28, 0x28, 0x28, 0x28, 0x28, 0x28, 0x28, 0x28, 0x28, 0x28,
    0x28, 0x28, 0x28, 0x28, 0x28, 0x28, 0x28, 0x28, 0x28, 0x28, 0x28, 0x28, 0x28, 0x28, 0x28, 0x28, 0x28, 0x28, 0x28, 0x28, 0x28, 0x28, 0x28, 0x28,
    0x28, 0x28, 0x28, 0x28, 0x28, 0x28, 0x28, 0x28, 0x28, 0x28, 0x28, 0x28, 0x28, 0x28, 0x28, 0x28, 0x28, 0x28, 0x28, 0x28, 0x28, 0x28, 0x28, 0x28,
    0x28, 0x28, 0x28, 0x28, 0x28, 0x28, 0x28, 0x28, 0x28, 0x28, 0x28, 0x28, 0x28, 0x28, 0x28, 0x28, 0x28, 0x28, 0x28, 0x28, 0x28, 0x28, 0x28, 0x28,
    0x28, 0x28, 0x28, 0x28, 0x28, 0x28, 0x28, 0x28, 0x28, 0x28, 0x28, 0x28, 0x28, 0x28, 0x28, 0x28, 0x28, 0x28, 0x28, 0x2B, 0x21, 0x38, 0xA0, 0xA1,
    0x9C, 0xAC, 0x5F, 0x01, 0x02, 0x00, 0x00, 0x00, 0x00, 0x00, 0x00, 0x01, 0x00, 0x21, 0x60, 0x89, 0xA4, 0x9E, 0xA4, 0x53, 0x1F, 0x25, 0x3D, 0x64,
    0x3C, 0x23, 0x29, 0x28, 0x28, 0x28, 0x28, 0x28, 0x28, 0x28, 0x28, 0x28, 0x28, 0x28, 0x28, 0x28, 0x28, 0x28, 0x28, 0x28, 0x28, 0x28, 0x28, 0x28,
    0x28, 0x28, 0x28, 0x28, 0x28, 0x28, 0x28, 0x28, 0x28, 0x28, 0x28, 0x28, 0x28, 0x28, 0x28, 0x28, 0x28, 0x28, 0x28, 0x28, 0x28, 0x28, 0x28, 0x28,
    0x28, 0x28, 0x28, 0x28, 0x28, 0x28, 0x28, 0x28, 0x28, 0x28, 0x28, 0x28, 0x28, 0x28, 0x28, 0x28, 0x28, 0x28, 0x28, 0x28, 0x28, 0x28, 0x28, 0x28,
    0x28, 0x28, 0x28, 0x28, 0x28, 0x28, 0x28, 0x28, 0x28, 0x28, 0x28, 0x28, 0x28, 0x28, 0x28, 0x28, 0x28, 0x28, 0x28, 0x28, 0x28, 0x28, 0x28, 0x28,
    0x28, 0x28, 0x28, 0x28, 0x28, 0x28, 0x28, 0x28, 0x28, 0x28, 0x28, 0x28, 0x28, 0x28, 0x28, 0x28, 0x28, 0x28, 0x28, 0x28, 0x28, 0x28, 0x28, 0x28,
    0x28, 0x28, 0x28, 0x28, 0x28, 0x28, 0x28, 0x28, 0x28, 0x28, 0x28, 0x28, 0x28, 0x28, 0x28, 0x28, 0x28, 0x28, 0x28, 0x28, 0x28, 0x28, 0x28, 0x28,
    0x28, 0x28, 0x28, 0x28, 0x28, 0x28, 0x28, 0x28, 0x28, 0x28, 0x28, 0x28, 0x28, 0x28, 0x28, 0x28, 0x28, 0x28, 0x28, 0x28, 0x28, 0x28, 0x28, 0x28,
    0x28, 0x28, 0x28, 0x28, 0x28, 0x28, 0x28, 0x28, 0x28, 0x28, 0x28, 0x28, 0x28, 0x28, 0x28, 0x28, 0x28, 0x28, 0x28, 0x28, 0x28, 0x28, 0x28, 0x28,
    0x28, 0x28, 0x28, 0x28, 0x28, 0x28, 0x28, 0x28, 0x28, 0x28, 0x28, 0x28, 0x28, 0x28, 0x28, 0x28, 0x28, 0x28, 0x28, 0x28, 0x28, 0x28, 0x28, 0x28,
    0x28, 0x28, 0x28, 0x28, 0x28, 0x28, 0x28, 0x28, 0x28, 0x28, 0x28, 0x28, 0x28, 0x28, 0x28, 0x28, 0x28, 0x28, 0x28, 0x28, 0x28, 0x28, 0x28, 0x28,
    0x28, 0x28, 0x28, 0x28, 0x28, 0x28, 0x28, 0x28, 0x28, 0x28, 0x28, 0x28, 0x28, 0x28, 0x28, 0x28, 0x28, 0x28, 0x28, 0x28, 0x28, 0x28, 0x28, 0x28,
    0x28, 0x28, 0x28, 0x28, 0x28, 0x28, 0x28, 0x28, 0x28, 0x28, 0x28, 0x28, 0x28, 0x28, 0x28, 0x28, 0x28, 0x28, 0x28, 0x28, 0x28, 0x28, 0x28, 0x28,
    0x28, 0x28, 0x28, 0x28, 0x28, 0x28, 0x28, 0x28, 0x28, 0x28, 0x28, 0x28, 0x28, 0x28, 0x28, 0x28, 0x28, 0x28, 0x28, 0x28, 0x28, 0x28, 0x28, 0x28,
    0x28, 0x28, 0x28, 0x28, 0x28, 0x28, 0x28, 0x28, 0x28, 0x28, 0x28, 0x28, 0x28, 0x28, 0x28, 0x28, 0x28, 0x28, 0x28, 0x28, 0x28, 0x28, 0x28, 0x28,
    0x28, 0x28, 0x28, 0x28, 0x28, 0x28, 0x28, 0x28, 0x28, 0x28, 0x28, 0x28, 0x28, 0x28, 0x28, 0x28, 0x28, 0x28, 0x28, 0x28, 0x28, 0x28, 0x28, 0x28,
    0x28, 0x28, 0x28, 0x28, 0x28, 0x28, 0x28, 0x28, 0x28, 0x28, 0x28, 0x28, 0x28, 0x28, 0x28, 0x28, 0x28, 0x28, 0x28, 0x28, 0x28, 0x28, 0x28, 0x28,
    0x28, 0x28, 0x28, 0x28, 0x28, 0x28, 0x28, 0x28, 0x28, 0x28, 0x28, 0x28, 0x28, 0x28, 0x28, 0x28, 0x28, 0x28, 0x28, 0x28, 0x28, 0x28, 0x28, 0x28,
    0x28, 0x28, 0x28, 0x28, 0x28, 0x28, 0x28, 0x28, 0x28, 0x28, 0x28, 0x28, 0x28, 0x28, 0x28, 0x28, 0x28, 0x28, 0x28, 0x28, 0x28, 0x28, 0x28, 0x28,
    0x28, 0x28, 0x28, 0x28, 0x28, 0x28, 0x28, 0x28, 0x28, 0x28, 0x28, 0x28, 0x28, 0x28, 0x28, 0x28, 0x28, 0x28, 0x28, 0x28, 0x28, 0x28, 0x28, 0x28,
    0x28, 0x28, 0x28, 0x28, 0x28, 0x28, 0x28, 0x28, 0x28, 0x28, 0x28, 0x28, 0x28, 0x28, 0x28, 0x28, 0x28, 0x28, 0x28, 0x28, 0x28, 0x28, 0x28, 0x28,
    0x28, 0x28, 0x28, 0x28, 0x28, 0x28, 0x28, 0x28, 0x28, 0x28, 0x28, 0x28, 0x28, 0x28, 0x28, 0x28, 0x28, 0x28, 0x28, 0x28, 0x28, 0x28, 0x28, 0x28,
    0x28, 0x28, 0x28, 0x28, 0x28, 0x28, 0x28, 0x28, 0x28, 0x28, 0x28, 0x28, 0x28, 0x28, 0x28, 0x28, 0x28, 0x28, 0x28, 0x28, 0x28, 0x28, 0x28, 0x28,
    0x28, 0x28, 0x2B, 0x21, 0x34, 0x94, 0xA3, 0x9D, 0xA5, 0x95, 0x11, 0x01, 0x01, 0x00, 0x00, 0x00, 0x00, 0x00, 0x00, 0x00, 0x01, 0x00, 0x22, 0x60,
    0x8A, 0xA4, 0x9F, 0xA5, 0x55, 0x21, 0x20, 0x3E, 0x66, 0x3C, 0x23, 0x29, 0x28, 0x28, 0x28, 0x28, 0x28, 0x28, 0x28, 0x28, 0x28, 0x28, 0x28, 0x28,
    0x28, 0x28, 0x28, 0x28, 0x28, 0x28, 0x28, 0x28, 0x28, 0x28, 0x28, 0x28, 0x28, 0x28, 0x28, 0x28, 0x28, 0x28, 0x28, 0x28, 0x28, 0x28, 0x28, 0x28,
    0x28, 0x28, 0x28, 0x28, 0x28, 0x28, 0x28, 0x28, 0x28, 0x28, 0x28, 0x28, 0x28, 0x28, 0x28, 0x28, 0x28, 0x28, 0x28, 0x28, 0x28, 0x28, 0x28, 0x28,
    0x28, 0x28, 0x28, 0x28, 0x28, 0x28, 0x28, 0x28, 0x28, 0x28, 0x28, 0x28, 0x28, 0x28, 0x28, 0x28, 0x28, 0x28, 0x28, 0x28, 0x28, 0x28, 0x28, 0x28,
    0x28, 0x28, 0x28, 0x28, 0x28, 0x28, 0x28, 0x28, 0x28, 0x28, 0x28, 0x28, 0x28, 0x28, 0x28, 0x28, 0x28, 0x28, 0x28, 0x28, 0x28, 0x28, 0x28, 0x28,
    0x28, 0x28, 0x28, 0x28, 0x28, 0x28, 0x28, 0x28, 0x28, 0x28, 0x28, 0x28, 0x28, 0x28, 0x28, 0x28, 0x28, 0x28, 0x28, 0x28, 0x28, 0x28, 0x28, 0x28,
    0x28, 0x28, 0x28, 0x28, 0x28, 0x28, 0x28, 0x28, 0x28, 0x28, 0x28, 0x28, 0x28, 0x28, 0x28, 0x28, 0x28, 0x28, 0x28, 0x28, 0x28, 0x28, 0x28, 0x28,
    0x28, 0x28, 0x28, 0x28, 0x28, 0x28, 0x28, 0x28, 0x28, 0x28, 0x28, 0x28, 0x28, 0x28, 0x28, 0x28, 0x28, 0x28, 0x28, 0x28, 0x28, 0x28, 0x28, 0x28,
    0x28, 0x28, 0x28, 0x28, 0x28, 0x28, 0x28, 0x28, 0x28, 0x28, 0x28, 0x28, 0x28, 0x28, 0x28, 0x28, 0x28, 0x28, 0x28, 0x28, 0x28, 0x28, 0x28, 0x28,
    0x28, 0x28, 0x28, 0x28, 0x28, 0x28, 0x28, 0x28, 0x28, 0x28, 0x28, 0x28, 0x28, 0x28, 0x28, 0x28, 0x28, 0x28, 0x28, 0x28, 0x28, 0x28, 0x28, 0x28,
    0x28, 0x28, 0x28, 0x28, 0x28, 0x28, 0x28, 0x28, 0x28, 0x28, 0x28, 0x28, 0x28, 0x28, 0x28, 0x28, 0x28, 0x28, 0x28, 0x28, 0x28, 0x28, 0x28, 0x28,
    0x28, 0x28, 0x28, 0x28, 0x28, 0x28, 0x28, 0x28, 0x28, 0x28, 0x28, 0x28, 0x28, 0x28, 0x28, 0x28, 0x28, 0x28, 0x28, 0x28, 0x28, 0x28, 0x28, 0x28,
    0x28, 0x28, 0x28, 0x28, 0x28, 0x28, 0x28, 0x28, 0x28, 0x28, 0x28, 0x28, 0x28, 0x28, 0x28, 0x28, 0x28, 0x28, 0x28, 0x28, 0x28, 0x28, 0x28, 0x28,
    0x28, 0x28, 0x28, 0x28, 0x28, 0x28, 0x28, 0x28, 0x28, 0x28, 0x28, 0x28, 0x28, 0x28, 0x28, 0x28, 0x28, 0x28, 0x28, 0x28, 0x28, 0x28, 0x28, 0x28,
    0x28, 0x28, 0x28, 0x28, 0x28, 0x28, 0x28, 0x28, 0x28, 0x28, 0x28, 0x28, 0x28, 0x28, 0x28, 0x28, 0x28, 0x28, 0x28, 0x28, 0x28, 0x28, 0x28, 0x28,
    0x28, 0x28, 0x28, 0x28, 0x28, 0x28, 0x28, 0x28, 0x28, 0x28, 0x28, 0x28, 0x28, 0x28, 0x28, 0x28, 0x28, 0x28, 0x28, 0x28, 0x28, 0x28, 0x28, 0x28,
    0x28, 0x28, 0x28, 0x28, 0x28, 0x28, 0x28, 0x28, 0x28, 0x28, 0x28, 0x28, 0x28, 0x28, 0x28, 0x28, 0x28, 0x28, 0x28, 0x28, 0x28, 0x28, 0x28, 0x28,
    0x28, 0x28, 0x28, 0x28, 0x28, 0x28, 0x28, 0x28, 0x28, 0x28, 0x28, 0x28, 0x28, 0x28, 0x28, 0x28, 0x28, 0x28, 0x28, 0x28, 0x28, 0x28, 0x28, 0x28,
    0x28, 0x28, 0x28, 0x28, 0x28, 0x28, 0x28, 0x28, 0x28, 0x28, 0x28, 0x28, 0x28, 0x28, 0x28, 0x28, 0x28, 0x28, 0x28, 0x28, 0x28, 0x28, 0x28, 0x28,
    0x28, 0x28, 0x28, 0x28, 0x28, 0x28, 0x28, 0x28, 0x28, 0x28, 0x28, 0x28, 0x28, 0x28, 0x28, 0x28, 0x28, 0x28, 0x28, 0x28, 0x28, 0x28, 0x28, 0x28,
    0x28, 0x28, 0x28, 0x28, 0x28, 0x28, 0x28, 0x28, 0x28, 0x28, 0x28, 0x28, 0x28, 0x28, 0x28, 0x28, 0x28, 0x28, 0x28, 0x28, 0x28, 0x28, 0x28, 0x28,
    0x28, 0x28, 0x28, 0x28, 0x28, 0x28, 0x28, 0x28, 0x28, 0x28, 0x28, 0x28, 0x28, 0x28, 0x28, 0x28, 0x28, 0x28, 0x28, 0x28, 0x28, 0x28, 0x28, 0x28,
    0x28, 0x28, 0x28, 0x28, 0x28, 0x28, 0x28, 0x29, 0x2A, 0x28, 0x1F, 0x38, 0x94, 0xA6, 0x9E, 0x9F, 0xA6, 0x34, 0x00, 0x02, 0x00, 0x00, 0x00, 0x00,
    0x00, 0x00, 0x00, 0x00, 0x00, 0x01, 0x00, 0x22, 0x60, 0x8A, 0xA4, 0x9E, 0xA7, 0x77, 0x36, 0x1B, 0x36, 0x63, 0x3D, 0x27, 0x2A, 0x2A, 0x2A, 0x2A,
    0x2A, 0x2A, 0x2A, 0x2A, 0x2A, 0x2A, 0x2A, 0x2A, 0x2A, 0x2A, 0x2A, 0x2A, 0x2A, 0x2A, 0x2A, 0x2A, 0x2A, 0x2A, 0x2A, 0x2A, 0x2A, 0x2A, 0x2A, 0x2A,
    0x2A, 0x2A, 0x2A, 0x2A, 0x2A, 0x2A, 0x2A, 0x2A, 0x2A, 0x2A, 0x2A, 0x2A, 0x2A, 0x2A, 0x2A, 0x2A, 0x2A, 0x2A, 0x2A, 0x2A, 0x2A, 0x2A, 0x2A, 0x2A,
    0x2A, 0x2A, 0x2A, 0x2A, 0x2A, 0x2A, 0x2A, 0x2A, 0x2A, 0x2A, 0x2A, 0x2A, 0x2A, 0x2A, 0x2A, 0x2A, 0x2A, 0x2A, 0x2A, 0x2A, 0x2A, 0x2A, 0x2A, 0x2A,
    0x2A, 0x2A, 0x2A, 0x2A, 0x2A, 0x2A, 0x2A, 0x2A, 0x2A, 0x2A, 0x2A, 0x2A, 0x2A, 0x2A, 0x2A, 0x2A, 0x2A, 0x2A, 0x2A, 0x2A, 0x2A, 0x2A, 0x2A, 0x2A,
    0x2A, 0x2A, 0x2A, 0x2A, 0x2A, 0x2A, 0x2A, 0x2A, 0x2A, 0x2A, 0x2A, 0x2A, 0x2A, 0x2A, 0x2A, 0x2A, 0x2A, 0x2A, 0x2A, 0x2A, 0x2A, 0x2A, 0x2A, 0x2A,
    0x2A, 0x2A, 0x2A, 0x2A, 0x2A, 0x2A, 0x2A, 0x2A, 0x2A, 0x2A, 0x2A, 0x2A, 0x2A, 0x2A, 0x2A, 0x2A, 0x2A, 0x2A, 0x2A, 0x2A, 0x2A, 0x2A, 0x2A, 0x2A,
    0x2A, 0x2A, 0x2A, 0x2A, 0x2A, 0x2A, 0x2A, 0x2A, 0x2A, 0x2A, 0x2A, 0x2A, 0x2A, 0x2A, 0x2A, 0x2A, 0x2A, 0x2A, 0x2A, 0x2A, 0x2A, 0x2A, 0x2A, 0x2A,
    0x2A, 0x2A, 0x2A, 0x2A, 0x2A, 0x2A, 0x2A, 0x2A, 0x2A, 0x2A, 0x2A, 0x2A, 0x2A, 0x2A, 0x2A, 0x2A, 0x2A, 0x2A, 0x2A, 0x2A, 0x2A, 0x2A, 0x2A, 0x2A,
    0x2A, 0x2A, 0x2A, 0x2A, 0x2A, 0x2A, 0x2A, 0x2A, 0x2A, 0x2A, 0x2A, 0x2A, 0x2A, 0x2A, 0x2A, 0x2A, 0x2A, 0x2A, 0x2A, 0x2A, 0x2A, 0x2A, 0x2A, 0x2A,
    0x2A, 0x2A, 0x2A, 0x2A, 0x2A, 0x2A, 0x2A, 0x2A, 0x2A, 0x2A, 0x2A, 0x2A, 0x2A, 0x2A, 0x2A, 0x2A, 0x2A, 0x2A, 0x2A, 0x2A, 0x2A, 0x2A, 0x2A, 0x2A,
    0x2A, 0x2A, 0x2A, 0x2A, 0x2A, 0x2A, 0x2A, 0x2A, 0x2A, 0x2A, 0x2A, 0x2A, 0x2A, 0x2A, 0x2A, 0x2A, 0x2A, 0x2A, 0x2A, 0x2A, 0x2A, 0x2A, 0x2A, 0x2A,
    0x2A, 0x2A, 0x2A, 0x2A, 0x2A, 0x2A, 0x2A, 0x2A, 0x2A, 0x2A, 0x2A, 0x2A, 0x2A, 0x2A, 0x2A, 0x2A, 0x2A, 0x2A, 0x2A, 0x2A, 0x2A, 0x2A, 0x2A, 0x2A,
    0x2A, 0x2A, 0x2A, 0x2A, 0x2A, 0x2A, 0x2A, 0x2A, 0x2A, 0x2A, 0x2A, 0x2A, 0x2A, 0x2A, 0x2A, 0x2A, 0x2A, 0x2A, 0x2A, 0x2A, 0x2A, 0x2A, 0x2A, 0x2A,
    0x2A, 0x2A, 0x2A, 0x2A, 0x2A, 0x2A, 0x2A, 0x2A, 0x2A, 0x2A, 0x2A, 0x2A, 0x2A, 0x2A, 0x2A, 0x2A, 0x2A, 0x2A, 0x2A, 0x2A, 0x2A, 0x2A, 0x2A, 0x2A,
    0x2A, 0x2A, 0x2A, 0x2A, 0x2A, 0x2A, 0x2A, 0x2A, 0x2A, 0x2A, 0x2A, 0x2A, 0x2A, 0x2A, 0x2A, 0x2A, 0x2A, 0x2A, 0x2A, 0x2A, 0x2A, 0x2A, 0x2A, 0x2A,
    0x2A, 0x2A, 0x2A, 0x2A, 0x2A, 0x2A, 0x2A, 0x2A, 0x2A, 0x2A, 0x2A, 0x2A, 0x2A, 0x2A, 0x2A, 0x2A, 0x2A, 0x2A, 0x2A, 0x2A, 0x2A, 0x2A, 0x2A, 0x2A,
    0x2A, 0x2A, 0x2A, 0x2A, 0x2A, 0x2A, 0x2A, 0x2A, 0x2A, 0x2A, 0x2A, 0x2A, 0x2A, 0x2A, 0x2A, 0x2A, 0x2A, 0x2A, 0x2A, 0x2A, 0x2A, 0x2A, 0x2A, 0x2A,
    0x2A, 0x2A, 0x2A, 0x2A, 0x2A, 0x2A, 0x2A, 0x2A, 0x2A, 0x2A, 0x2A, 0x2A, 0x2A, 0x2A, 0x2A, 0x2A, 0x2A, 0x2A, 0x2A, 0x2A, 0x2A, 0x2A, 0x2A, 0x2A,
    0x2A, 0x2A, 0x2A, 0x2A, 0x2A, 0x2A, 0x2A, 0x2A, 0x2A, 0x2A, 0x2A, 0x2A, 0x2A, 0x2A, 0x2A, 0x2A, 0x2A, 0x2A, 0x2A, 0x2A, 0x2A, 0x2A, 0x2A, 0x2A,
    0x2A, 0x2A, 0x2A, 0x2A, 0x2A, 0x2A, 0x2A, 0x2A, 0x2A, 0x2A, 0x2A, 0x2A, 0x2A, 0x2A, 0x2A, 0x2A, 0x2A, 0x2A, 0x2A, 0x2A, 0x2A, 0x2A, 0x2A, 0x2A,
    0x2A, 0x2A, 0x2A, 0x2A, 0x2A, 0x2A, 0x2A, 0x2A, 0x2A, 0x2A, 0x2A, 0x2A, 0x2A, 0x2A, 0x2A, 0x2A, 0x2A, 0x2A, 0x2A, 0x2A, 0x2A, 0x2A, 0x2A, 0x2A,
    0x2A, 0x2A, 0x2A, 0x2A, 0x2A, 0x2A, 0x2A, 0x2A, 0x2A, 0x2A, 0x2A, 0x2A, 0x2A, 0x2A, 0x28, 0x24, 0x1F, 0x29, 0x5D, 0x9F, 0xA3, 0x9E, 0x9C, 0xB0,
    0x58, 0x00, 0x03, 0x00, 0x00, 0x00, 0x00, 0x00, 0x00, 0x00, 0x00, 0x00, 0x00, 0x00, 0x01, 0x00, 0x22, 0x60, 0x8A, 0xA4, 0x9D, 0xA7, 0x9E, 0x6F,
    0x3E, 0x40, 0x2F, 0x1E, 0x21, 0x20, 0x20, 0x20, 0x20, 0x20, 0x20, 0x20, 0x20, 0x20, 0x20, 0x20, 0x20, 0x20, 0x20, 0x20, 0x20, 0x20, 0x20, 0x20,
    0x20, 0x20, 0x20, 0x20, 0x20, 0x20, 0x20, 0x20, 0x20, 0x20, 0x20, 0x20, 0x20, 0x20, 0x20, 0x20, 0x20, 0x20, 0x20, 0x20, 0x20, 0x20, 0x20, 0x20,
    0x20, 0x20, 0x20, 0x20, 0x20, 0x20, 0x20, 0x20, 0x20, 0x20, 0x20, 0x20, 0x20, 0x20, 0x20, 0x20, 0x20, 0x20, 0x20, 0x20, 0x20, 0x20, 0x20, 0x20,
    0x20, 0x20, 0x20, 0x20, 0x20, 0x20, 0x20, 0x20, 0x20, 0x20, 0x20, 0x20, 0x20, 0x20, 0x20, 0x20, 0x20, 0x20, 0x20, 0x20, 0x20, 0x20, 0x20, 0x20,
    0x20, 0x20, 0x20, 0x20, 0x20, 0x20, 0x20, 0x20, 0x20, 0x20, 0x20, 0x20, 0x20, 0x20, 0x20, 0x20, 0x20, 0x20, 0x20, 0x20, 0x20, 0x20, 0x20, 0x20,
    0x20, 0x20, 0x20, 0x20, 0x20, 0x20, 0x20, 0x20, 0x20, 0x20, 0x20, 0x20, 0x20, 0x20, 0x20, 0x20, 0x20, 0x20, 0x20, 0x20, 0x20, 0x20, 0x20, 0x20,
    0x20, 0x20, 0x20, 0x20, 0x20, 0x20, 0x20, 0x20, 0x20, 0x20, 0x20, 0x20, 0x20, 0x20, 0x20, 0x20, 0x20, 0x20, 0x20, 0x20, 0x20, 0x20, 0x20, 0x20,
    0x20, 0x20, 0x20, 0x20, 0x20, 0x20, 0x20, 0x20, 0x20, 0x20, 0x20, 0x20, 0x20, 0x20, 0x20, 0x20, 0x20, 0x20, 0x20, 0x20, 0x20, 0x20, 0x20, 0x20,
    0x20, 0x20, 0x20, 0x20, 0x20, 0x20, 0x20, 0x20, 0x20, 0x20, 0x20, 0x20, 0x20, 0x20, 0x20, 0x20, 0x20, 0x20, 0x20, 0x20, 0x20, 0x20, 0x20, 0x20,
    0x20, 0x20, 0x20, 0x20, 0x20, 0x20, 0x20, 0x20, 0x20, 0x20, 0x20, 0x20, 0x20, 0x20, 0x20, 0x20, 0x20, 0x20, 0x20, 0x20, 0x20, 0x20, 0x20, 0x20,
    0x20, 0x20, 0x20, 0x20, 0x20, 0x20, 0x20, 0x20, 0x20, 0x20, 0x20, 0x20, 0x20, 0x20, 0x20, 0x20, 0x20, 0x20, 0x20, 0x20, 0x20, 0x20, 0x20, 0x20,
    0x20, 0x20, 0x20, 0x20, 0x20, 0x20, 0x20, 0x20, 0x20, 0x20, 0x20, 0x20, 0x20, 0x20, 0x20, 0x20, 0x20, 0x20, 0x20, 0x20, 0x20, 0x20, 0x20, 0x20,
    0x20, 0x20, 0x20, 0x20, 0x20, 0x20, 0x20, 0x20, 0x20, 0x20, 0x20, 0x20, 0x20, 0x20, 0x20, 0x20, 0x20, 0x20, 0x20, 0x20, 0x20, 0x20, 0x20, 0x20,
    0x20, 0x20, 0x20, 0x20, 0x20, 0x20, 0x20, 0x20, 0x20, 0x20, 0x20, 0x20, 0x20, 0x20, 0x20, 0x20, 0x20, 0x20, 0x20, 0x20, 0x20, 0x20, 0x20, 0x20,
    0x20, 0x20, 0x20, 0x20, 0x20, 0x20, 0x20, 0x20, 0x20, 0x20, 0x20, 0x20, 0x20, 0x20, 0x20, 0x20, 0x20, 0x20, 0x20, 0x20, 0x20, 0x20, 0x20, 0x20,
    0x20, 0x20, 0x20, 0x20, 0x20, 0x20, 0x20, 0x20, 0x20, 0x20, 0x20, 0x20, 0x20, 0x20, 0x20, 0x20, 0x20, 0x20, 0x20, 0x20, 0x20, 0x20, 0x20, 0x20,
    0x20, 0x20, 0x20, 0x20, 0x20, 0x20, 0x20, 0x20, 0x20, 0x20, 0x20, 0x20, 0x20, 0x20, 0x20, 0x20, 0x20, 0x20, 0x20, 0x20, 0x20, 0x20, 0x20, 0x20,
    0x20, 0x20, 0x20, 0x20, 0x20, 0x20, 0x20, 0x20, 0x20, 0x20, 0x20, 0x20, 0x20, 0x20, 0x20, 0x20, 0x20, 0x20, 0x20, 0x20, 0x20, 0x20, 0x20, 0x20,
    0x20, 0x20, 0x20, 0x20, 0x20, 0x20, 0x20, 0x20, 0x20, 0x20, 0x20, 0x20, 0x20, 0x20, 0x20, 0x20, 0x20, 0x20, 0x20, 0x20, 0x20, 0x20, 0x20, 0x20,
    0x20, 0x20, 0x20, 0x20, 0x20, 0x20, 0x20, 0x20, 0x20, 0x20, 0x20, 0x20, 0x20, 0x20, 0x20, 0x20, 0x20, 0x20, 0x20, 0x20, 0x20, 0x20, 0x20, 0x20,
    0x20, 0x20, 0x20, 0x20, 0x20, 0x20, 0x20, 0x20, 0x20, 0x20, 0x20, 0x20, 0x20, 0x20, 0x20, 0x20, 0x20, 0x20, 0x20, 0x20, 0x20, 0x20, 0x20, 0x20,
    0x20, 0x20, 0x20, 0x20, 0x20, 0x20, 0x20, 0x20, 0x20, 0x20, 0x20, 0x20, 0x20, 0x20, 0x20, 0x20, 0x20, 0x20, 0x20, 0x20, 0x20, 0x20, 0x29, 0x39,
    0x5D, 0x91, 0xA8, 0xA1, 0x9D, 0x9F, 0xAF, 0x67, 0x02, 0x03, 0x00, 0x00, 0x00, 0x00, 0x00, 0x00, 0x00, 0x00, 0x00, 0x00, 0x00, 0x00, 0x00, 0x01,
    0x00, 0x22, 0x60, 0x8A, 0xA5, 0x9D, 0xA1, 0xA8, 0xA4, 0x93, 0x78, 0x78, 0x78, 0x78, 0x78, 0x78, 0x78, 0x78, 0x78, 0x78, 0x78, 0x78, 0x78, 0x78,
    0x78, 0x78, 0x78, 0x78, 0x78, 0x78, 0x78, 0x78, 0x78, 0x78, 0x78, 0x78, 0x78, 0x78, 0x78, 0x78, 0x78, 0x78, 0x78, 0x78, 0x78, 0x78, 0x78, 0x78,
    0x78, 0x78, 0x78, 0x78, 0x78, 0x78, 0x78, 0x78, 0x78, 0x78, 0x78, 0x78, 0x78, 0x78, 0x78, 0x78, 0x78, 0x78, 0x78, 0x78, 0x78, 0x78, 0x78, 0x78,
    0x78, 0x78, 0x78, 0x78, 0x78, 0x78, 0x78, 0x78, 0x78, 0x78, 0x78, 0x78, 0x78, 0x78, 0x78, 0x78, 0x78, 0x78, 0x78, 0x78, 0x78, 0x78, 0x78, 0x78,
    0x78, 0x78, 0x78, 0x78, 0x78, 0x78, 0x78, 0x78, 0x78, 0x78, 0x78, 0x78, 0x78, 0x78, 0x78, 0x78, 0x78, 0x78, 0x78, 0x78, 0x78, 0x78, 0x78, 0x78,
    0x78, 0x78, 0x78, 0x78, 0x78, 0x78, 0x78, 0x78, 0x78, 0x78, 0x78, 0x78, 0x78, 0x78, 0x78, 0x78, 0x78, 0x78, 0x78, 0x78, 0x78, 0x78, 0x78, 0x78,
    0x78, 0x78, 0x78, 0x78, 0x78, 0x78, 0x78, 0x78, 0x78, 0x78, 0x78, 0x78, 0x78, 0x78, 0x78, 0x78, 0x78, 0x78, 0x78, 0x78, 0x78, 0x78, 0x78, 0x78,
    0x78, 0x78, 0x78, 0x78, 0x78, 0x78, 0x78, 0x78, 0x78, 0x78, 0x78, 0x78, 0x78, 0x78, 0x78, 0x78, 0x78, 0x78, 0x78, 0x78, 0x78, 0x78, 0x78, 0x78,
    0x78, 0x78, 0x78, 0x78, 0x78, 0x78, 0x78, 0x78, 0x78, 0x78, 0x78, 0x78, 0x78, 0x78, 0x78, 0x78, 0x78, 0x78, 0x78, 0x78, 0x78, 0x78, 0x78, 0x78,
    0x78, 0x78, 0x78, 0x78, 0x78, 0x78, 0x78, 0x78, 0x78, 0x78, 0x78, 0x78, 0x78, 0x78, 0x78, 0x78, 0x78, 0x78, 0x78, 0x78, 0x78, 0x78, 0x78, 0x78,
    0x78, 0x78, 0x78, 0x78, 0x78, 0x78, 0x78, 0x78, 0x78, 0x78, 0x78, 0x78, 0x78, 0x78, 0x78, 0x78, 0x78, 0x78, 0x78, 0x78, 0x78, 0x78, 0x78, 0x78,
    0x78, 0x78, 0x78, 0x78, 0x78, 0x78, 0x78, 0x78, 0x78, 0x78, 0x78, 0x78, 0x78, 0x78, 0x78, 0x78, 0x78, 0x78, 0x78, 0x78, 0x78, 0x78, 0x78, 0x78,
    0x78, 0x78, 0x78, 0x78, 0x78, 0x78, 0x78, 0x78, 0x78, 0x78, 0x78, 0x78, 0x78, 0x78, 0x78, 0x78, 0x78, 0x78, 0x78, 0x78, 0x78, 0x78, 0x78, 0x78,
    0x78, 0x78, 0x78, 0x78, 0x78, 0x78, 0x78, 0x78, 0x78, 0x78, 0x78, 0x78, 0x78, 0x78, 0x78, 0x78, 0x78, 0x78, 0x78, 0x78, 0x78, 0x78, 0x78, 0x78,
    0x78, 0x78, 0x78, 0x78, 0x78, 0x78, 0x78, 0x78, 0x78, 0x78, 0x78, 0x78, 0x78, 0x78, 0x78, 0x78, 0x78, 0x78, 0x78, 0x78, 0x78, 0x78, 0x78, 0x78,
    0x78, 0x78, 0x78, 0x78, 0x78, 0x78, 0x78, 0x78, 0x78, 0x78, 0x78, 0x78, 0x78, 0x78, 0x78, 0x78, 0x78, 0x78, 0x78, 0x78, 0x78, 0x78, 0x78, 0x78,
    0x78, 0x78, 0x78, 0x78, 0x78, 0x78, 0x78, 0x78, 0x78, 0x78, 0x78, 0x78, 0x78, 0x78, 0x78, 0x78, 0x78, 0x78, 0x78, 0x78, 0x78, 0x78, 0x78, 0x78,
    0x78, 0x78, 0x78, 0x78, 0x78, 0x78, 0x78, 0x78, 0x78, 0x78, 0x78, 0x78, 0x78, 0x78, 0x78, 0x78, 0x78, 0x78, 0x78, 0x78, 0x78, 0x78, 0x78, 0x78,
    0x78, 0x78, 0x78, 0x78, 0x78, 0x78, 0x78, 0x78, 0x78, 0x78, 0x78, 0x78, 0x78, 0x78, 0x78, 0x78, 0x78, 0x78, 0x78, 0x78, 0x78, 0x78, 0x78, 0x78,
    0x78, 0x78, 0x78, 0x78, 0x78, 0x78, 0x78, 0x78, 0x78, 0x78, 0x78, 0x78, 0x78, 0x78, 0x78, 0x78, 0x78, 0x78, 0x78, 0x78, 0x78, 0x78, 0x78, 0x78,
    0x78, 0x78, 0x78, 0x78, 0x78, 0x78, 0x78, 0x78, 0x78, 0x78, 0x78, 0x78, 0x78, 0x78, 0x78, 0x78, 0x78, 0x78, 0x78, 0x78, 0x78, 0x78, 0x78, 0x78,
    0x78, 0x78, 0x78, 0x78, 0x78, 0x78, 0x78, 0x78, 0x78, 0x78, 0x78, 0x78, 0x78, 0x78, 0x78, 0x78, 0x78, 0x78, 0x78, 0x78, 0x78, 0x78, 0x78, 0x78,
    0x78, 0x78, 0x78, 0x78, 0x79, 0x76, 0x8D, 0xA0, 0xA9, 0xA3, 0x9E, 0x9C, 0xA5, 0xA5, 0x5A, 0x00, 0x01, 0x01, 0x00, 0x00, 0x00, 0x00, 0x00, 0x00,
    0x00, 0x00, 0x00, 0x00, 0x00, 0x00, 0x00, 0x00, 0x01, 0x00, 0x22, 0x60, 0x89, 0xA5, 0x9F, 0x9C, 0x9E, 0xA3, 0xA8, 0xA8, 0xA8, 0xA8, 0xA8, 0xA8,
    0xA8, 0xA8, 0xA8, 0xA8, 0xA8, 0xA8, 0xA8, 0xA8, 0xA8, 0xA8, 0xA8, 0xA8, 0xA8, 0xA8, 0xA8, 0xA8, 0xA8, 0xA8, 0xA8, 0xA8, 0xA8, 0xA8, 0xA8, 0xA8,
    0xA8, 0xA8, 0xA8, 0xA8, 0xA8, 0xA8, 0xA8, 0xA8, 0xA8, 0xA8, 0xA8, 0xA8, 0xA8, 0xA8, 0xA8, 0xA8, 0xA8, 0xA8, 0xA8, 0xA8, 0xA8, 0xA8, 0xA8, 0xA8,
    0xA8, 0xA8, 0xA8, 0xA8, 0xA8, 0xA8, 0xA8, 0xA8, 0xA8, 0xA8, 0xA8, 0xA8, 0xA8, 0xA8, 0xA8, 0xA8, 0xA8, 0xA8, 0xA8, 0xA8, 0xA8, 0xA8, 0xA8, 0xA8,
    0xA8, 0xA8, 0xA8, 0xA8, 0xA8, 0xA8, 0xA8, 0xA8, 0xA8, 0xA8, 0xA8, 0xA8, 0xA8, 0xA8, 0xA8, 0xA8, 0xA8, 0xA8, 0xA8, 0xA8, 0xA8, 0xA8, 0xA8, 0xA8,
    0xA8, 0xA8, 0xA8, 0xA8, 0xA8, 0xA8, 0xA8, 0xA8, 0xA8, 0xA8, 0xA8, 0xA8, 0xA8, 0xA8, 0xA8, 0xA8, 0xA8, 0xA8, 0xA8, 0xA8, 0xA8, 0xA8, 0xA8, 0xA8,
    0xA8, 0xA8, 0xA8, 0xA8, 0xA8, 0xA8, 0xA8, 0xA8, 0xA8, 0xA8, 0xA8, 0xA8, 0xA8, 0xA8, 0xA8, 0xA8, 0xA8, 0xA8, 0xA8, 0xA8, 0xA8, 0xA8, 0xA8, 0xA8,
    0xA8, 0xA8, 0xA8, 0xA8, 0xA8, 0xA8, 0xA8, 0xA8, 0xA8, 0xA8, 0xA8, 0xA8, 0xA8, 0xA8, 0xA8, 0xA8, 0xA8, 0xA8, 0xA8, 0xA8, 0xA8, 0xA8, 0xA8, 0xA8,
    0xA8, 0xA8, 0xA8, 0xA8, 0xA8, 0xA8, 0xA8, 0xA8, 0xA8, 0xA8, 0xA8, 0xA8, 0xA8, 0xA8, 0xA8, 0xA8, 0xA8, 0xA8, 0xA8, 0xA8, 0xA8, 0xA8, 0xA8, 0xA8,
    0xA8, 0xA8, 0xA8, 0xA8, 0xA8, 0xA8, 0xA8, 0xA8, 0xA8, 0xA8, 0xA8, 0xA8, 0xA8, 0xA8, 0xA8, 0xA8, 0xA8, 0xA8, 0xA8, 0xA8, 0xA8, 0xA8, 0xA8, 0xA8,
    0xA8, 0xA8, 0xA8, 0xA8, 0xA8, 0xA8, 0xA8, 0xA8, 0xA8, 0xA8, 0xA8, 0xA8, 0xA8, 0xA8, 0xA8, 0xA8, 0xA8, 0xA8, 0xA8, 0xA8, 0xA8, 0xA8, 0xA8, 0xA8,
    0xA8, 0xA8, 0xA8, 0xA8, 0xA8, 0xA8, 0xA8, 0xA8, 0xA8, 0xA8, 0xA8, 0xA8, 0xA8, 0xA8, 0xA8, 0xA8, 0xA8, 0xA8, 0xA8, 0xA8, 0xA8, 0xA8, 0xA8, 0xA8,
    0xA8, 0xA8, 0xA8, 0xA8, 0xA8, 0xA8, 0xA8, 0xA8, 0xA8, 0xA8, 0xA8, 0xA8, 0xA8, 0xA8, 0xA8, 0xA8, 0xA8, 0xA8, 0xA8, 0xA8, 0xA8, 0xA8, 0xA8, 0xA8,
    0xA8, 0xA8, 0xA8, 0xA8, 0xA8, 0xA8, 0xA8, 0xA8, 0xA8, 0xA8, 0xA8, 0xA8, 0xA8, 0xA8, 0xA8, 0xA8, 0xA8, 0xA8, 0xA8, 0xA8, 0xA8, 0xA8, 0xA8, 0xA8,
    0xA8, 0xA8, 0xA8, 0xA8, 0xA8, 0xA8, 0xA8, 0xA8, 0xA8, 0xA8, 0xA8, 0xA8, 0xA8, 0xA8, 0xA8, 0xA8, 0xA8, 0xA8, 0xA8, 0xA8, 0xA8, 0xA8, 0xA8, 0xA8,
    0xA8, 0xA8, 0xA8, 0xA8, 0xA8, 0xA8, 0xA8, 0xA8, 0xA8, 0xA8, 0xA8, 0xA8, 0xA8, 0xA8, 0xA8, 0xA8, 0xA8, 0xA8, 0xA8, 0xA8, 0xA8, 0xA8, 0xA8, 0xA8,
    0xA8, 0xA8, 0xA8, 0xA8, 0xA8, 0xA8, 0xA8, 0xA8, 0xA8, 0xA8, 0xA8, 0xA8, 0xA8, 0xA8, 0xA8, 0xA8, 0xA8, 0xA8, 0xA8, 0xA8, 0xA8, 0xA8, 0xA8, 0xA8,
    0xA8, 0xA8, 0xA8, 0xA8, 0xA8, 0xA8, 0xA8, 0xA8, 0xA8, 0xA8, 0xA8, 0xA8, 0xA8, 0xA8, 0xA8, 0xA8, 0xA8, 0xA8, 0xA8, 0xA8, 0xA8, 0xA8, 0xA8, 0xA8,
    0xA8, 0xA8, 0xA8, 0xA8, 0xA8, 0xA8, 0xA8, 0xA8, 0xA8, 0xA8, 0xA8, 0xA8, 0xA8, 0xA8, 0xA8, 0xA8, 0xA8, 0xA8, 0xA8, 0xA8, 0xA8, 0xA8, 0xA8, 0xA8,
    0xA8, 0xA8, 0xA8, 0xA8, 0xA8, 0xA8, 0xA8, 0xA8, 0xA8, 0xA8, 0xA8, 0xA8, 0xA8, 0xA8, 0xA8, 0xA8, 0xA8, 0xA8, 0xA8, 0xA8, 0xA8, 0xA8, 0xA8, 0xA8,
    0xA8, 0xA8, 0xA8, 0xA8, 0xA8, 0xA8, 0xA8, 0xA8, 0xA8, 0xA8, 0xA8, 0xA8, 0xA8, 0xA8, 0xA8, 0xA8, 0xA8, 0xA8, 0xA8, 0xA8, 0xA8, 0xA8, 0xA8, 0xA8,
    0xA8, 0xA8, 0xA8, 0xA8, 0xA8, 0xA8, 0xA8, 0xA8, 0xA8, 0xA8, 0xA8, 0xA8, 0xA8, 0xA8, 0xA8, 0xA8, 0xA8, 0xA8, 0xA8, 0xA8, 0xA8, 0xA8, 0xA8, 0xA8,
    0xA8, 0xA8, 0xA8, 0xA8, 0xA8, 0xA8, 0xA8, 0xA8, 0xA8, 0xA8, 0xA8, 0xA8, 0xA8, 0xA8, 0xA4, 0xA0, 0x9C, 0x9D, 0xA2, 0xAD, 0x95, 0x37, 0x00, 0x01,
    0x00, 0x00, 0x00, 0x00, 0x00, 0x00, 0x00, 0x00, 0x00, 0x00, 0x00, 0x00, 0x00, 0x00, 0x00, 0x00, 0x00, 0x01, 0x00, 0x22, 0x61, 0x86, 0xA2, 0xAC,
    0xA5, 0xA1, 0x9C, 0x9C, 0x9C, 0x9C, 0x9C, 0x9C, 0x9C, 0x9C, 0x9C, 0x9C, 0x9C, 0x9C, 0x9C, 0x9C, 0x9C, 0x9C, 0x9C, 0x9C, 0x9C, 0x9C, 0x9C, 0x9C,
    0x9C, 0x9C, 0x9C, 0x9C, 0x9C, 0x9C, 0x9C, 0x9C, 0x9C, 0x9C, 0x9C, 0x9C, 0x9C, 0x9C, 0x9C, 0x9C, 0x9C, 0x9C, 0x9C, 0x9C, 0x9C, 0x9C, 0x9C, 0x9C,
    0x9C, 0x9C, 0x9C, 0x9C, 0x9C, 0x9C, 0x9C, 0x9C, 0x9C, 0x9C, 0x9C, 0x9C, 0x9C, 0x9C, 0x9C, 0x9C, 0x9C, 0x9C, 0x9C, 0x9C, 0x9C, 0x9C, 0x9C, 0x9C,
    0x9C, 0x9C, 0x9C, 0x9C, 0x9C, 0x9C, 0x9C, 0x9C, 0x9C, 0x9C, 0x9C, 0x9C, 0x9C, 0x9C, 0x9C, 0x9C, 0x9C, 0x9C, 0x9C, 0x9C, 0x9C, 0x9C, 0x9C, 0x9C,
    0x9C, 0x9C, 0x9C, 0x9C, 0x9C, 0x9C, 0x9C, 0x9C, 0x9C, 0x9C, 0x9C, 0x9C, 0x9C, 0x9C, 0x9C, 0x9C, 0x9C, 0x9C, 0x9C, 0x9C, 0x9C, 0x9C, 0x9C, 0x9C,
    0x9C, 0x9C, 0x9C, 0x9C, 0x9C, 0x9C, 0x9C, 0x9C, 0x9C, 0x9C, 0x9C, 0x9C, 0x9C, 0x9C, 0x9C, 0x9C, 0x9C, 0x9C, 0x9C, 0x9C, 0x9C, 0x9C, 0x9C, 0x9C,
    0x9C, 0x9C, 0x9C, 0x9C, 0x9C, 0x9C, 0x9C, 0x9C, 0x9C, 0x9C, 0x9C, 0x9C, 0x9C, 0x9C, 0x9C, 0x9C, 0x9C, 0x9C, 0x9C, 0x9C, 0x9C, 0x9C, 0x9C, 0x9C,
    0x9C, 0x9C, 0x9C, 0x9C, 0x9C, 0x9C, 0x9C, 0x9C, 0x9C, 0x9C, 0x9C, 0x9C, 0x9C, 0x9C, 0x9C, 0x9C, 0x9C, 0x9C, 0x9C, 0x9C, 0x9C, 0x9C, 0x9C, 0x9C,
    0x9C, 0x9C, 0x9C, 0x9C, 0x9C, 0x9C, 0x9C, 0x9C, 0x9C, 0x9C, 0x9C, 0x9C, 0x9C, 0x9C, 0x9C, 0x9C, 0x9C, 0x9C, 0x9C, 0x9C, 0x9C, 0x9C, 0x9C, 0x9C,
    0x9C, 0x9C, 0x9C, 0x9C, 0x9C, 0x9C, 0x9C, 0x9C, 0x9C, 0x9C, 0x9C, 0x9C, 0x9C, 0x9C, 0x9C, 0x9C, 0x9C, 0x9C, 0x9C, 0x9C, 0x9C, 0x9C, 0x9C, 0x9C,
    0x9C, 0x9C, 0x9C, 0x9C, 0x9C, 0x9C, 0x9C, 0x9C, 0x9C, 0x9C, 0x9C, 0x9C, 0x9C, 0x9C, 0x9C, 0x9C, 0x9C, 0x9C, 0x9C, 0x9C, 0x9C, 0x9C, 0x9C, 0x9C,
    0x9C, 0x9C, 0x9C, 0x9C, 0x9C, 0x9C, 0x9C, 0x9C, 0x9C, 0x9C, 0x9C, 0x9C, 0x9C, 0x9C, 0x9C, 0x9C, 0x9C, 0x9C, 0x9C, 0x9C, 0x9C, 0x9C, 0x9C, 0x9C,
    0x9C, 0x9C, 0x9C, 0x9C, 0x9C, 0x9C, 0x9C, 0x9C, 0x9C, 0x9C, 0x9C, 0x9C, 0x9C, 0x9C, 0x9C, 0x9C, 0x9C, 0x9C, 0x9C, 0x9C, 0x9C, 0x9C, 0x9C, 0x9C,
    0x9C, 0x9C, 0x9C, 0x9C, 0x9C, 0x9C, 0x9C, 0x9C, 0x9C, 0x9C, 0x9C, 0x9C, 0x9C, 0x9C, 0x9C, 0x9C, 0x9C, 0x9C, 0x9C, 0x9C, 0x9C, 0x9C, 0x9C, 0x9C,
    0x9C, 0x9C, 0x9C, 0x9C, 0x9C, 0x9C, 0x9C, 0x9C, 0x9C, 0x9C, 0x9C, 0x9C, 0x9C, 0x9C, 0x9C, 0x9C, 0x9C, 0x9C, 0x9C, 0x9C, 0x9C, 0x9C, 0x9C, 0x9C,
    0x9C, 0x9C, 0x9C, 0x9C, 0x9C, 0x9C, 0x9C, 0x9C, 0x9C, 0x9C, 0x9C, 0x9C, 0x9C, 0x9C, 0x9C, 0x9C, 0x9C, 0x9C, 0x9C, 0x9C, 0x9C, 0x9C, 0x9C, 0x9C,
    0x9C, 0x9C, 0x9C, 0x9C, 0x9C, 0x9C, 0x9C, 0x9C, 0x9C, 0x9C, 0x9C, 0x9C, 0x9C, 0x9C, 0x9C, 0x9C, 0x9C, 0x9C, 0x9C, 0x9C, 0x9C, 0x9C, 0x9C, 0x9C,
    0x9C, 0x9C, 0x9C, 0x9C, 0x9C, 0x9C, 0x9C, 0x9C, 0x9C, 0x9C, 0x9C, 0x9C, 0x9C, 0x9C, 0x9C, 0x9C, 0x9C, 0x9C, 0x9C, 0x9C, 0x9C, 0x9C, 0x9C, 0x9C,
    0x9C, 0x9C, 0x9C, 0x9C, 0x9C, 0x9C, 0x9C, 0x9C, 0x9C, 0x9C, 0x9C, 0x9C, 0x9C, 0x9C, 0x9C, 0x9C, 0x9C, 0x9C, 0x9C, 0x9C, 0x9C, 0x9C, 0x9C, 0x9C,
    0x9C, 0x9C, 0x9C, 0x9C, 0x9C, 0x9C, 0x9C, 0x9C, 0x9C, 0x9C, 0x9C, 0x9C, 0x9C, 0x9C, 0x9C, 0x9C, 0x9C, 0x9C, 0x9C, 0x9C, 0x9C, 0x9C, 0x9C, 0x9C,
    0x9C, 0x9C, 0x9C, 0x9C, 0x9C, 0x9C, 0x9C, 0x9C, 0x9C, 0x9C, 0x9C, 0x9C, 0x9C, 0x9C, 0x9C, 0x9C, 0x9C, 0x9C, 0x9C, 0x9C, 0x9C, 0x9C, 0x9C, 0x9C,
    0x9C, 0x9C, 0x9C, 0x9C, 0x9C, 0x9C, 0x9C, 0x9C, 0x9C, 0x9C, 0x9C, 0x9C, 0x9C, 0x9C, 0x9C, 0x9C, 0x9C, 0x9C, 0x9C, 0x9C, 0x9C, 0x9C, 0xA0, 0xA3,
    0xAA, 0xA9, 0x97, 0x60, 0x11, 0x00, 0x03, 0x00, 0x00, 0x00, 0x00, 0x00, 0x00, 0x00, 0x00, 0x00, 0x00, 0x00, 0x00, 0x00, 0x00, 0x00, 0x00, 0x00,
    0x00, 0x00, 0x01, 0x00, 0x22, 0x61, 0x4D, 0x63, 0x8A, 0x9A, 0xA9, 0xAB, 0xAA, 0xAA, 0xAA, 0xAA, 0xAA, 0xAA, 0xAA, 0xAA, 0xAA, 0xAA, 0xAA, 0xAA,
    0xAA, 0xAA, 0xAA, 0xAA, 0xAA, 0xAA, 0xAA, 0xAA, 0xAA, 0xAA, 0xAA, 0xAA, 0xAA, 0xAA, 0xAA, 0xAA, 0xAA, 0xAA, 0xAA, 0xAA, 0xAA, 0xAA, 0xAA, 0xAA,
    0xAA, 0xAA, 0xAA, 0xAA, 0xAA, 0xAA, 0xAA, 0xAA, 0xAA, 0xAA, 0xAA, 0xAA, 0xAA, 0xAA, 0xAA, 0xAA, 0xAA, 0xAA, 0xAA, 0xAA, 0xAA, 0xAA, 0xAA, 0xAA,
    0xAA, 0xAA, 0xAA, 0xAA, 0xAA, 0xAA, 0xAA, 0xAA, 0xAA, 0xAA, 0xAA, 0xAA, 0xAA, 0xAA, 0xAA, 0xAA, 0xAA, 0xAA, 0xAA, 0xAA, 0xAA, 0xAA, 0xAA, 0xAA,
    0xAA, 0xAA, 0xAA, 0xAA, 0xAA, 0xAA, 0xAA, 0xAA, 0xAA, 0xAA, 0xAA, 0xAA, 0xAA, 0xAA, 0xAA, 0xAA, 0xAA, 0xAA, 0xAA, 0xAA, 0xAA, 0xAA, 0xAA, 0xAA,
    0xAA, 0xAA, 0xAA, 0xAA, 0xAA, 0xAA, 0xAA, 0xAA, 0xAA, 0xAA, 0xAA, 0xAA, 0xAA, 0xAA, 0xAA, 0xAA, 0xAA, 0xAA, 0xAA, 0xAA, 0xAA, 0xAA, 0xAA, 0xAA,
    0xAA, 0xAA, 0xAA, 0xAA, 0xAA, 0xAA, 0xAA, 0xAA, 0xAA, 0xAA, 0xAA, 0xAA, 0xAA, 0xAA, 0xAA, 0xAA, 0xAA, 0xAA, 0xAA, 0xAA, 0xAA, 0xAA, 0xAA, 0xAA,
    0xAA, 0xAA, 0xAA, 0xAA, 0xAA, 0xAA, 0xAA, 0xAA, 0xAA, 0xAA, 0xAA, 0xAA, 0xAA, 0xAA, 0xAA, 0xAA, 0xAA, 0xAA, 0xAA, 0xAA, 0xAA, 0xAA, 0xAA, 0xAA,
    0xAA, 0xAA, 0xAA, 0xAA, 0xAA, 0xAA, 0xAA, 0xAA, 0xAA, 0xAA, 0xAA, 0xAA, 0xAA, 0xAA, 0xAA, 0xAA, 0xAA, 0xAA, 0xAA, 0xAA, 0xAA, 0xAA, 0xAA, 0xAA,
    0xAA, 0xAA, 0xAA, 0xAA, 0xAA, 0xAA, 0xAA, 0xAA, 0xAA, 0xAA, 0xAA, 0xAA, 0xAA, 0xAA, 0xAA, 0xAA, 0xAA, 0xAA, 0xAA, 0xAA, 0xAA, 0xAA, 0xAA, 0xAA,
    0xAA, 0xAA, 0xAA, 0xAA, 0xAA, 0xAA, 0xAA, 0xAA, 0xAA, 0xAA, 0xAA, 0xAA, 0xAA, 0xAA, 0xAA, 0xAA, 0xAA, 0xAA, 0xAA, 0xAA, 0xAA, 0xAA, 0xAA, 0xAA,
    0xAA, 0xAA, 0xAA, 0xAA, 0xAA, 0xAA, 0xAA, 0xAA, 0xAA, 0xAA, 0xAA, 0xAA, 0xAA, 0xAA, 0xAA, 0xAA, 0xAA, 0xAA, 0xAA, 0xAA, 0xAA, 0xAA, 0xAA, 0xAA,
    0xAA, 0xAA, 0xAA, 0xAA, 0xAA, 0xAA, 0xAA, 0xAA, 0xAA, 0xAA, 0xAA, 0xAA, 0xAA, 0xAA, 0xAA, 0xAA, 0xAA, 0xAA, 0xAA, 0xAA, 0xAA, 0xAA, 0xAA, 0xAA,
    0xAA, 0xAA, 0xAA, 0xAA, 0xAA, 0xAA, 0xAA, 0xAA, 0xAA, 0xAA, 0xAA, 0xAA, 0xAA, 0xAA, 0xAA, 0xAA, 0xAA, 0xAA, 0xAA, 0xAA, 0xAA, 0xAA, 0xAA, 0xAA,
    0xAA, 0xAA, 0xAA, 0xAA, 0xAA, 0xAA, 0xAA, 0xAA, 0xAA, 0xAA, 0xAA, 0xAA, 0xAA, 0xAA, 0xAA, 0xAA, 0xAA, 0xAA, 0xAA, 0xAA, 0xAA, 0xAA, 0xAA, 0xAA,
    0xAA, 0xAA, 0xAA, 0xAA, 0xAA, 0xAA, 0xAA, 0xAA, 0xAA, 0xAA, 0xAA, 0xAA, 0xAA, 0xAA, 0xAA, 0xAA, 0xAA, 0xAA, 0xAA, 0xAA, 0xAA, 0xAA, 0xAA, 0xAA,
    0xAA, 0xAA, 0xAA, 0xAA, 0xAA, 0xAA, 0xAA, 0xAA, 0xAA, 0xAA, 0xAA, 0xAA, 0xAA, 0xAA, 0xAA, 0xAA, 0xAA, 0xAA, 0xAA, 0xAA, 0xAA, 0xAA, 0xAA, 0xAA,
    0xAA, 0xAA, 0xAA, 0xAA, 0xAA, 0xAA, 0xAA, 0xAA, 0xAA, 0xAA, 0xAA, 0xAA, 0xAA, 0xAA, 0xAA, 0xAA, 0xAA, 0xAA, 0xAA, 0xAA, 0xAA, 0xAA, 0xAA, 0xAA,
    0xAA, 0xAA, 0xAA, 0xAA, 0xAA, 0xAA, 0xAA, 0xAA, 0xAA, 0xAA, 0xAA, 0xAA, 0xAA, 0xAA, 0xAA, 0xAA, 0xAA, 0xAA, 0xAA, 0xAA, 0xAA, 0xAA, 0xAA, 0xAA,
    0xAA, 0xAA, 0xAA, 0xAA, 0xAA, 0xAA, 0xAA, 0xAA, 0xAA, 0xAA, 0xAA, 0xAA, 0xAA, 0xAA, 0xAA, 0xAA, 0xAA, 0xAA, 0xAA, 0xAA, 0xAA, 0xAA, 0xAA, 0xAA,
    0xAA, 0xAA, 0xAA, 0xAA, 0xAA, 0xAA, 0xAA, 0xAA, 0xAA, 0xAA, 0xAA, 0xAA, 0xAA, 0xAA, 0xAA, 0xAA, 0xAA, 0xAA, 0xAA, 0xAA, 0xAA, 0xAA, 0xAA, 0xAA,
    0xAA, 0xAA, 0xAA, 0xAA, 0xAA, 0xAA, 0xAA, 0xAA, 0xAA, 0xAA, 0xAA, 0xAA, 0xAA, 0xAA, 0xAA, 0xAA, 0xAA, 0xAA, 0xAA, 0xAA, 0xAA, 0xAA, 0xAA, 0xAA,
    0xAA, 0xAA, 0xAA, 0xAA, 0xAA, 0xAB, 0x9E, 0x92, 0x72, 0x45, 0x0C, 0x00, 0x00, 0x02, 0x00, 0x00, 0x00, 0x00, 0x00, 0x00, 0x00, 0x00, 0x00, 0x00,
    0x00, 0x00, 0x00, 0x00, 0x00, 0x00, 0x00, 0x00, 0x00, 0x00, 0x00, 0x01, 0x00, 0x23, 0x60, 0x18, 0x00, 0x0F, 0x32, 0x36, 0x35, 0x35, 0x35, 0x35,
    0x35, 0x35, 0x35, 0x35, 0x35, 0x35, 0x35, 0x35, 0x35, 0x35, 0x35, 0x35, 0x35, 0x35, 0x35, 0x35, 0x35, 0x35, 0x35, 0x35, 0x35, 0x35, 0x35, 0x35,
    0x35, 0x35, 0x35, 0x35, 0x35, 0x35, 0x35, 0x35, 0x35, 0x35, 0x35, 0x35, 0x35, 0x35, 0x35, 0x35, 0x35, 0x35, 0x35, 0x35, 0x35, 0x35, 0x35, 0x35,
    0x35, 0x35, 0x35, 0x35, 0x35, 0x35, 0x35, 0x35, 0x35, 0x35, 0x35, 0x35, 0x35, 0x35, 0x35, 0x35, 0x35, 0x35, 0x35, 0x35, 0x35, 0x35, 0x35, 0x35,
    0x35, 0x35, 0x35, 0x35, 0x35, 0x35, 0x35, 0x35, 0x35, 0x35, 0x35, 0x35, 0x35, 0x35, 0x35, 0x35, 0x35, 0x35, 0x35, 0x35, 0x35, 0x35, 0x35, 0x35,
    0x35, 0x35, 0x35, 0x35, 0x35, 0x35, 0x35, 0x35, 0x35, 0x35, 0x35, 0x35, 0x35, 0x35, 0x35, 0x35, 0x35, 0x35, 0x35, 0x35, 0x35, 0x35, 0x35, 0x35,
    0x35, 0x35, 0x35, 0x35, 0x35, 0x35, 0x35, 0x35, 0x35, 0x35, 0x35, 0x35, 0x35, 0x35, 0x35, 0x35, 0x35, 0x35, 0x35, 0x35, 0x35, 0x35, 0x35, 0x35,
    0x35, 0x35, 0x35, 0x35, 0x35, 0x35, 0x35, 0x35, 0x35, 0x35, 0x35, 0x35, 0x35, 0x35, 0x35, 0x35, 0x35, 0x35, 0x35, 0x35, 0x35, 0x35, 0x35, 0x35,
    0x35, 0x35, 0x35, 0x35, 0x35, 0x35, 0x35, 0x35, 0x35, 0x35, 0x35, 0x35, 0x35, 0x35, 0x35, 0x35, 0x35, 0x35, 0x35, 0x35, 0x35, 0x35, 0x35, 0x35,
    0x35, 0x35, 0x35, 0x35, 0x35, 0x35, 0x35, 0x35, 0x35, 0x35, 0x35, 0x35, 0x35, 0x35, 0x35, 0x35, 0x35, 0x35, 0x35, 0x35, 0x35, 0x35, 0x35, 0x35,
    0x35, 0x35, 0x35, 0x35, 0x35, 0x35, 0x35, 0x35, 0x35, 0x35, 0x35, 0x35, 0x35, 0x35, 0x35, 0x35, 0x35, 0x35, 0x35, 0x35, 0x35, 0x35, 0x35, 0x35,
    0x35, 0x35, 0x35, 0x35, 0x35, 0x35, 0x35, 0x35, 0x35, 0x35, 0x35, 0x35, 0x35, 0x35, 0x35, 0x35, 0x35, 0x35, 0x35, 0x35, 0x35, 0x35, 0x35, 0x35,
    0x35, 0x35, 0x35, 0x35, 0x35, 0x35, 0x35, 0x35, 0x35, 0x35, 0x35, 0x35, 0x35, 0x35, 0x35, 0x35, 0x35, 0x35, 0x35, 0x35, 0x35, 0x35, 0x35, 0x35,
    0x35, 0x35, 0x35, 0x35, 0x35, 0x35, 0x35, 0x35, 0x35, 0x35, 0x35, 0x35, 0x35, 0x35, 0x35, 0x35, 0x35, 0x35, 0x35, 0x35, 0x35, 0x35, 0x35, 0x35,
    0x35, 0x35, 0x35, 0x35, 0x35, 0x35, 0x35, 0x35, 0x35, 0x35, 0x35, 0x35, 0x35, 0x35, 0x35, 0x35, 0x35, 0x35, 0x35, 0x35, 0x35, 0x35, 0x35, 0x35,
    0x35, 0x35, 0x35, 0x35, 0x35, 0x35, 0x35, 0x35, 0x35, 0x35, 0x35, 0x35, 0x35, 0x35, 0x35, 0x35, 0x35, 0x35, 0x35, 0x35, 0x35, 0x35, 0x35, 0x35,
    0x35, 0x35, 0x35, 0x35, 0x35, 0x35, 0x35, 0x35, 0x35, 0x35, 0x35, 0x35, 0x35, 0x35, 0x35, 0x35, 0x35, 0x35, 0x35, 0x35, 0x35, 0x35, 0x35, 0x35,
    0x35, 0x35, 0x35, 0x35, 0x35, 0x35, 0x35, 0x35, 0x35, 0x35, 0x35, 0x35, 0x35, 0x35, 0x35, 0x35, 0x35, 0x35, 0x35, 0x35, 0x35, 0x35, 0x35, 0x35,
    0x35, 0x35, 0x35, 0x35, 0x35, 0x35, 0x35, 0x35, 0x35, 0x35, 0x35, 0x35, 0x35, 0x35, 0x35, 0x35, 0x35, 0x35, 0x35, 0x35, 0x35, 0x35, 0x35, 0x35,
    0x35, 0x35, 0x35, 0x35, 0x35, 0x35, 0x35, 0x35, 0x35, 0x35, 0x35, 0x35, 0x35, 0x35, 0x35, 0x35, 0x35, 0x35, 0x35, 0x35, 0x35, 0x35, 0x35, 0x35,
    0x35, 0x35, 0x35, 0x35, 0x35, 0x35, 0x35, 0x35, 0x35, 0x35, 0x35, 0x35, 0x35, 0x35, 0x35, 0x35, 0x35, 0x35, 0x35, 0x35, 0x35, 0x35, 0x35, 0x35,
    0x35, 0x35, 0x35, 0x35, 0x35, 0x35, 0x35, 0x35, 0x35, 0x35, 0x35, 0x35, 0x35, 0x35, 0x35, 0x35, 0x35, 0x35, 0x35, 0x35, 0x35, 0x35, 0x35, 0x35,
    0x35, 0x35, 0x35, 0x35, 0x35, 0x35, 0x35, 0x35, 0x35, 0x35, 0x35, 0x35, 0x35, 0x38, 0x19, 0x09, 0x00, 0x00, 0x00, 0x02, 0x01, 0x00, 0x00, 0x00,
    0x00, 0x00, 0x00, 0x00, 0x00, 0x00, 0x00, 0x00, 0x00, 0x00, 0x00, 0x00, 0x00, 0x00, 0x00, 0x00, 0x00, 0x00, 0x00, 0x00, 0x02, 0x00, 0x24, 0x6A,
    0x21, 0x00, 0x00, 0x00, 0x00, 0x00, 0x00, 0x00, 0x00, 0x00, 0x00, 0x00, 0x00, 0x00, 0x00, 0x00, 0x00, 0x00, 0x00, 0x00, 0x00, 0x00, 0x00, 0x00,
    0x00, 0x00, 0x00, 0x00, 0x00, 0x00, 0x00, 0x00, 0x00, 0x00, 0x00, 0x00, 0x00, 0x00, 0x00, 0x00, 0x00, 0x00, 0x00, 0x00, 0x00, 0x00, 0x00, 0x00,
    0x00, 0x00, 0x00, 0x00, 0x00, 0x00, 0x00, 0x00, 0x00, 0x00, 0x00, 0x00, 0x00, 0x00, 0x00, 0x00, 0x00, 0x00, 0x00, 0x00, 0x00, 0x00, 0x00, 0x00,
    0x00, 0x00, 0x00, 0x00, 0x00, 0x00, 0x00, 0x00, 0x00, 0x00, 0x00, 0x00, 0x00, 0x00, 0x00, 0x00, 0x00, 0x00, 0x00, 0x00, 0x00, 0x00, 0x00, 0x00,
    0x00, 0x00, 0x00, 0x00, 0x00, 0x00, 0x00, 0x00, 0x00, 0x00, 0x00, 0x00, 0x00, 0x00, 0x00, 0x00, 0x00, 0x00, 0x00, 0x00, 0x00, 0x00, 0x00, 0x00,
    0x00, 0x00, 0x00, 0x00, 0x00, 0x00, 0x00, 0x00, 0x00, 0x00, 0x00, 0x00, 0x00, 0x00, 0x00, 0x00, 0x00, 0x00, 0x00, 0x00, 0x00, 0x00, 0x00, 0x00,
    0x00, 0x00, 0x00, 0x00, 0x00, 0x00, 0x00, 0x00, 0x00, 0x00, 0x00, 0x00, 0x00, 0x00, 0x00, 0x00, 0x00, 0x00, 0x00, 0x00, 0x00, 0x00, 0x00, 0x00,
    0x00, 0x00, 0x00, 0x00, 0x00, 0x00, 0x00, 0x00, 0x00, 0x00, 0x00, 0x00, 0x00, 0x00, 0x00, 0x00, 0x00, 0x00, 0x00, 0x00, 0x00, 0x00, 0x00, 0x00,
    0x00, 0x00, 0x00, 0x00, 0x00, 0x00, 0x00, 0x00, 0x00, 0x00, 0x00, 0x00, 0x00, 0x00, 0x00, 0x00, 0x00, 0x00, 0x00, 0x00, 0x00, 0x00, 0x00, 0x00,
    0x00, 0x00, 0x00, 0x00, 0x00, 0x00, 0x00, 0x00, 0x00, 0x00, 0x00, 0x00, 0x00, 0x00, 0x00, 0x00, 0x00, 0x00, 0x00, 0x00, 0x00, 0x00, 0x00, 0x00,
    0x00, 0x00, 0x00, 0x00, 0x00, 0x00, 0x00, 0x00, 0x00, 0x00, 0x00, 0x00, 0x00, 0x00, 0x00, 0x00, 0x00, 0x00, 0x00, 0x00, 0x00, 0x00, 0x00, 0x00,
    0x00, 0x00, 0x00, 0x00, 0x00, 0x00, 0x00, 0x00, 0x00, 0x00, 0x00, 0x00, 0x00, 0x00, 0x00, 0x00, 0x00, 0x00, 0x00, 0x00, 0x00, 0x00, 0x00, 0x00,
    0x00, 0x00, 0x00, 0x00, 0x00, 0x00, 0x00, 0x00, 0x00, 0x00, 0x00, 0x00, 0x00, 0x00, 0x00, 0x00, 0x00, 0x00, 0x00, 0x00, 0x00, 0x00, 0x00, 0x00,
    0x00, 0x00, 0x00, 0x00, 0x00, 0x00, 0x00, 0x00, 0x00, 0x00, 0x00, 0x00, 0x00, 0x00, 0x00, 0x00, 0x00, 0x00, 0x00, 0x00, 0x00, 0x00, 0x00, 0x00,
    0x00, 0x00, 0x00, 0x00, 0x00, 0x00, 0x00, 0x00, 0x00, 0x00, 0x00, 0x00, 0x00, 0x00, 0x00, 0x00, 0x00, 0x00, 0x00, 0x00, 0x00, 0x00, 0x00, 0x00,
    0x00, 0x00, 0x00, 0x00, 0x00, 0x00, 0x00, 0x00, 0x00, 0x00, 0x00, 0x00, 0x00, 0x00, 0x00, 0x00, 0x00, 0x00, 0x00, 0x00, 0x00, 0x00, 0x00, 0x00,
    0x00, 0x00, 0x00, 0x00, 0x00, 0x00, 0x00, 0x00, 0x00, 0x00, 0x00, 0x00, 0x00, 0x00, 0x00, 0x00, 0x00, 0x00, 0x00, 0x00, 0x00, 0x00, 0x00, 0x00,
    0x00, 0x00, 0x00, 0x00, 0x00, 0x00, 0x00, 0x00, 0x00, 0x00, 0x00, 0x00, 0x00, 0x00, 0x00, 0x00, 0x00, 0x00, 0x00, 0x00, 0x00, 0x00, 0x00, 0x00,
    0x00, 0x00, 0x00, 0x00, 0x00, 0x00, 0x00, 0x00, 0x00, 0x00, 0x00, 0x00, 0x00, 0x00, 0x00, 0x00, 0x00, 0x00, 0x00, 0x00, 0x00, 0x00, 0x00, 0x00,
    0x00, 0x00, 0x00, 0x00, 0x00, 0x00, 0x00, 0x00, 0x00, 0x00, 0x00, 0x00, 0x00, 0x00, 0x00, 0x00, 0x00, 0x00, 0x00, 0x00, 0x00, 0x00, 0x00, 0x00,
    0x00, 0x00, 0x00, 0x00, 0x00, 0x00, 0x00, 0x00, 0x00, 0x00, 0x00, 0x00, 0x00, 0x00, 0x00, 0x00, 0x00, 0x00, 0x00, 0x00, 0x00, 0x00, 0x00, 0x00,
    0x00, 0x00, 0x00, 0x00, 0x00, 0x00, 0x00, 0x00, 0x00, 0x00, 0x00, 0x00, 0x00, 0x00, 0x00, 0x00, 0x00, 0x00, 0x00, 0x00, 0x00, 0x00, 0x00, 0x00,
    0x02, 0x02, 0x01, 0x00, 0x00, 0x00, 0x00, 0x00, 0x00, 0x00, 0x00, 0x00, 0x00, 0x00, 0x00, 0x00, 0x00, 0x00, 0x00, 0x00, 0x00, 0x00, 0x00, 0x00,
    0x00, 0x00, 0x00, 0x00, 0x00, 0x02, 0x00, 0x22, 0x66, 0x24, 0x00, 0x03, 0x02, 0x02, 0x02, 0x02, 0x02, 0x02, 0x02, 0x02, 0x02, 0x02, 0x02, 0x02,
    0x02, 0x02, 0x02, 0x02, 0x02, 0x02, 0x02, 0x02, 0x02, 0x02, 0x02, 0x02, 0x02, 0x02, 0x02, 0x02, 0x02, 0x02, 0x02, 0x02, 0x02, 0x02, 0x02, 0x02,
    0x02, 0x02, 0x02, 0x02, 0x02, 0x02, 0x02, 0x02, 0x02, 0x02, 0x02, 0x02, 0x02, 0x02, 0x02, 0x02, 0x02, 0x02, 0x02, 0x02, 0x02, 0x02, 0x02, 0x02,
    0x02, 0x02, 0x02, 0x02, 0x02, 0x02, 0x02, 0x02, 0x02, 0x02, 0x02, 0x02, 0x02, 0x02, 0x02, 0x02, 0x02, 0x02, 0x02, 0x02, 0x02, 0x02, 0x02, 0x02,
    0x02, 0x02, 0x02, 0x02, 0x02, 0x02, 0x02, 0x02, 0x02, 0x02, 0x02, 0x02, 0x02, 0x02, 0x02, 0x02, 0x02, 0x02, 0x02, 0x02, 0x02, 0x02, 0x02, 0x02,
    0x02, 0x02, 0x02, 0x02, 0x02, 0x02, 0x02, 0x02, 0x02, 0x02, 0x02, 0x02, 0x02, 0x02, 0x02, 0x02, 0x02, 0x02, 0x02, 0x02, 0x02, 0x02, 0x02, 0x02,
    0x02, 0x02, 0x02, 0x02, 0x02, 0x02, 0x02, 0x02, 0x02, 0x02, 0x02, 0x02, 0x02, 0x02, 0x02, 0x02, 0x02, 0x02, 0x02, 0x02, 0x02, 0x02, 0x02, 0x02,
    0x02, 0x02, 0x02, 0x02, 0x02, 0x02, 0x02, 0x02, 0x02, 0x02, 0x02, 0x02, 0x02, 0x02, 0x02, 0x02, 0x02, 0x02, 0x02, 0x02, 0x02, 0x02, 0x02, 0x02,
    0x02, 0x02, 0x02, 0x02, 0x02, 0x02, 0x02, 0x02, 0x02, 0x02, 0x02, 0x02, 0x02, 0x02, 0x02, 0x02, 0x02, 0x02, 0x02, 0x02, 0x02, 0x02, 0x02, 0x02,
    0x02, 0x02, 0x02, 0x02, 0x02, 0x02, 0x02, 0x02, 0x02, 0x02, 0x02, 0x02, 0x02, 0x02, 0x02, 0x02, 0x02, 0x02, 0x02, 0x02, 0x02, 0x02, 0x02, 0x02,
    0x02, 0x02, 0x02, 0x02, 0x02, 0x02, 0x02, 0x02, 0x02, 0x02, 0x02, 0x02, 0x02, 0x02, 0x02, 0x02, 0x02, 0x02, 0x02, 0x02, 0x02, 0x02, 0x02, 0x02,
    0x02, 0x02, 0x02, 0x02, 0x02, 0x02, 0x02, 0x02, 0x02, 0x02, 0x02, 0x02, 0x02, 0x02, 0x02, 0x02, 0x02, 0x02, 0x02, 0x02, 0x02, 0x02, 0x02, 0x02,
    0x02, 0x02, 0x02, 0x02, 0x02, 0x02, 0x02, 0x02, 0x02, 0x02, 0x02, 0x02, 0x02, 0x02, 0x02, 0x02, 0x02, 0x02, 0x02, 0x02, 0x02, 0x02, 0x02, 0x02,
    0x02, 0x02, 0x02, 0x02, 0x02, 0x02, 0x02, 0x02, 0x02, 0x02, 0x02, 0x02, 0x02, 0x02, 0x02, 0x02, 0x02, 0x02, 0x02, 0x02, 0x02, 0x02, 0x02, 0x02,
    0x02, 0x02, 0x02, 0x02, 0x02, 0x02, 0x02, 0x02, 0x02, 0x02, 0x02, 0x02, 0x02, 0x02, 0x02, 0x02, 0x02, 0x02, 0x02, 0x02, 0x02, 0x02, 0x02, 0x02,
    0x02, 0x02, 0x02, 0x02, 0x02, 0x02, 0x02, 0x02, 0x02, 0x02, 0x02, 0x02, 0x02, 0x02, 0x02, 0x02, 0x02, 0x02, 0x02, 0x02, 0x02, 0x02, 0x02, 0x02,
    0x02, 0x02, 0x02, 0x02, 0x02, 0x02, 0x02, 0x02, 0x02, 0x02, 0x02, 0x02, 0x02, 0x02, 0x02, 0x02, 0x02, 0x02, 0x02, 0x02, 0x02, 0x02, 0x02, 0x02,
    0x02, 0x02, 0x02, 0x02, 0x02, 0x02, 0x02, 0x02, 0x02, 0x02, 0x02, 0x02, 0x02, 0x02, 0x02, 0x02, 0x02, 0x02, 0x02, 0x02, 0x02, 0x02, 0x02, 0x02,
    0x02, 0x02, 0x02, 0x02, 0x02, 0x02, 0x02, 0x02, 0x02, 0x02, 0x02, 0x02, 0x02, 0x02, 0x02, 0x02, 0x02, 0x02, 0x02, 0x02, 0x02, 0x02, 0x02, 0x02,
    0x02, 0x02, 0x02, 0x02, 0x02, 0x02, 0x02, 0x02, 0x02, 0x02, 0x02, 0x02, 0x02, 0x02, 0x02, 0x02, 0x02, 0x02, 0x02, 0x02, 0x02, 0x02, 0x02, 0x02,
    0x02, 0x02, 0x02, 0x02, 0x02, 0x02, 0x02, 0x02, 0x02, 0x02, 0x02, 0x02, 0x02, 0x02, 0x02, 0x02, 0x02, 0x02, 0x02, 0x02, 0x02, 0x02, 0x02, 0x02,
    0x02, 0x02, 0x02, 0x02, 0x02, 0x02, 0x02, 0x02, 0x02, 0x02, 0x02, 0x02, 0x02, 0x02, 0x02, 0x02, 0x02, 0x02, 0x02, 0x02, 0x02, 0x02, 0x02, 0x02,
    0x02, 0x02, 0x02, 0x02, 0x02, 0x02, 0x01, 0x01, 0x00, 0x00, 0x00, 0x00, 0x00, 0x00, 0x00, 0x00, 0x00, 0x00, 0x00, 0x00, 0x00, 0x00, 0x00, 0x00,
    0x00, 0x00, 0x00, 0x00, 0x00, 0x00, 0x00, 0x00, 0x00, 0x00, 0x00, 0x00, 0x00, 0x00, 0x02, 0x00, 0x24, 0x66, 0x1F, 0x00, 0x01, 0x00, 0x00, 0x00,
    0x00, 0x00, 0x00, 0x00, 0x00, 0x00, 0x00, 0x00, 0x00, 0x00, 0x00, 0x00, 0x00, 0x00, 0x00, 0x00, 0x00, 0x00, 0x00, 0x00, 0x00, 0x00, 0x00, 0x00,
    0x00, 0x00, 0x00, 0x00, 0x00, 0x00, 0x00, 0x00, 0x00, 0x00, 0x00, 0x00, 0x00, 0x00, 0x00, 0x00, 0x00, 0x00, 0x00, 0x00, 0x00, 0x00, 0x00, 0x00,
    0x00, 0x00, 0x00, 0x00, 0x00, 0x00, 0x00, 0x00, 0x00, 0x00, 0x00, 0x00, 0x00, 0x00, 0x00, 0x00, 0x00, 0x00, 0x00, 0x00, 0x00, 0x00, 0x00, 0x00,
    0x00, 0x00, 0x00, 0x00, 0x00, 0x00, 0x00, 0x00, 0x00, 0x00, 0x00, 0x00, 0x00, 0x00, 0x00, 0x00, 0x00, 0x00, 0x00, 0x00, 0x00, 0x00, 0x00, 0x00,
    0x00, 0x00, 0x00, 0x00, 0x00, 0x00, 0x00, 0x00, 0x00, 0x00, 0x00, 0x00, 0x00, 0x00, 0x00, 0x00, 0x00, 0x00, 0x00, 0x00, 0x00, 0x00, 0x00, 0x00,
    0x00, 0x00, 0x00, 0x00, 0x00, 0x00, 0x00, 0x00, 0x00, 0x00, 0x00, 0x00, 0x00, 0x00, 0x00, 0x00, 0x00, 0x00, 0x00, 0x00, 0x00, 0x00, 0x00, 0x00,
    0x00, 0x00, 0x00, 0x00, 0x00, 0x00, 0x00, 0x00, 0x00, 0x00, 0x00, 0x00, 0x00, 0x00, 0x00, 0x00, 0x00, 0x00, 0x00, 0x00, 0x00, 0x00, 0x00, 0x00,
    0x00, 0x00, 0x00, 0x00, 0x00, 0x00, 0x00, 0x00, 0x00, 0x00, 0x00, 0x00, 0x00, 0x00, 0x00, 0x00, 0x00, 0x00, 0x00, 0x00, 0x00, 0x00, 0x00, 0x00,
    0x00, 0x00, 0x00, 0x00, 0x00, 0x00, 0x00, 0x00, 0x00, 0x00, 0x00, 0x00, 0x00, 0x00, 0x00, 0x00, 0x00, 0x00, 0x00, 0x00, 0x00, 0x00, 0x00, 0x00,
    0x00, 0x00, 0x00, 0x00, 0x00, 0x00, 0x00, 0x00, 0x00, 0x00, 0x00, 0x00, 0x00, 0x00, 0x00, 0x00, 0x00, 0x00, 0x00, 0x00, 0x00, 0x00, 0x00, 0x00,
    0x00, 0x00, 0x00, 0x00, 0x00, 0x00, 0x00, 0x00, 0x00, 0x00, 0x00, 0x00, 0x00, 0x00, 0x00, 0x00, 0x00, 0x00, 0x00, 0x00, 0x00, 0x00, 0x00, 0x00,
    0x00, 0x00, 0x00, 0x00, 0x00, 0x00, 0x00, 0x00, 0x00, 0x00, 0x00, 0x00, 0x00, 0x00, 0x00, 0x00, 0x00, 0x00, 0x00, 0x00, 0x00, 0x00, 0x00, 0x00,
    0x00, 0x00, 0x00, 0x00, 0x00, 0x00, 0x00, 0x00, 0x00, 0x00, 0x00, 0x00, 0x00, 0x00, 0x00, 0x00, 0x00, 0x00, 0x00, 0x00, 0x00, 0x00, 0x00, 0x00,
    0x00, 0x00, 0x00, 0x00, 0x00, 0x00, 0x00, 0x00, 0x00, 0x00, 0x00, 0x00, 0x00, 0x00, 0x00, 0x00, 0x00, 0x00, 0x00, 0x00, 0x00, 0x00, 0x00, 0x00,
    0x00, 0x00, 0x00, 0x00, 0x00, 0x00, 0x00, 0x00, 0x00, 0x00, 0x00, 0x00, 0x00, 0x00, 0x00, 0x00, 0x00, 0x00, 0x00, 0x00, 0x00, 0x00, 0x00, 0x00,
    0x00, 0x00, 0x00, 0x00, 0x00, 0x00, 0x00, 0x00, 0x00, 0x00, 0x00, 0x00, 0x00, 0x00, 0x00, 0x00, 0x00, 0x00, 0x00, 0x00, 0x00, 0x00, 0x00, 0x00,
    0x00, 0x00, 0x00, 0x00, 0x00, 0x00, 0x00, 0x00, 0x00, 0x00, 0x00, 0x00, 0x00, 0x00, 0x00, 0x00, 0x00, 0x00, 0x00, 0x00, 0x00, 0x00, 0x00, 0x00,
    0x00, 0x00, 0x00, 0x00, 0x00, 0x00, 0x00, 0x00, 0x00, 0x00, 0x00, 0x00, 0x00, 0x00, 0x00, 0x00, 0x00, 0x00, 0x00, 0x00, 0x00, 0x00, 0x00, 0x00,
    0x00, 0x00, 0x00, 0x00, 0x00, 0x00, 0x00, 0x00, 0x00, 0x00, 0x00, 0x00, 0x00, 0x00, 0x00, 0x00, 0x00, 0x00, 0x00, 0x00, 0x00, 0x00, 0x00, 0x00,
    0x00, 0x00, 0x00, 0x00, 0x00, 0x00, 0x00, 0x00, 0x00, 0x00, 0x00, 0x00, 0x00, 0x00, 0x00, 0x00, 0x00, 0x00, 0x00, 0x00, 0x00, 0x00, 0x00, 0x00,
    0x00, 0x00, 0x00, 0x00, 0x00, 0x00, 0x00, 0x00, 0x00, 0x00, 0x00, 0x00, 0x00, 0x00, 0x00, 0x00, 0x00, 0x00, 0x00, 0x00, 0x00, 0x00, 0x00, 0x00,
    0x00, 0x00, 0x00, 0x00, 0x00, 0x00, 0x00, 0x00, 0x00, 0x00, 0x00, 0x00, 0x00, 0x00, 0x00, 0x00, 0x00, 0x00, 0x00, 0x00, 0x00, 0x00, 0x00, 0x00,
    0x00, 0x00, 0x00, 0x00, 0x00, 0x00, 0x00, 0x00,
};
const lv_image_dsc_t NANO_AMP_SILHOUETTE = {
    .header = { .magic = LV_IMAGE_HEADER_MAGIC, .cf = LV_COLOR_FORMAT_A8, .w = 560, .h = 124, .stride = 560 },
    .data_size = sizeof(nano_amp_silhouette_map),
    .data = nano_amp_silhouette_map,
};
